"🔵  이낙연총리 민간인 연설문대리작성,  비선실세 채용을 더불어민주당은 지지합니다   •••••  🔵",0.0,23.61,76.39,긍정
"1세기에[ 한번 나올까 한 이낙연 전 총리

참 전젆하고 

재치 있고 아품을 만질줄 아는  진정한 정치인 ~~",0.0,26.93,73.07,긍정
"20대 대통령  !!!!!!

이낙연",0.01,23.01,76.98,긍정
간첩 문재인 그리고 그 졸개들 다 간첩들이다,0.01,22.19,77.8,긍정
감히  범법자황교활이가  대선이라니.    이낙연님에게  모욕이다,0.02,49.49,50.49,긍정
"감히  황교안이  이낙연하구    왜  또  종로에 텐트치고
당선시켜 달라고   죽는시늉  하지  ㅋ",2.37,41.9,55.73,긍정
"감히  황교안이  이낙연하구    왜  또  종로에 텐트치고
당선시켜 달라고   죽는시늉  하지  ㅋ",1.83,45.61,52.57,긍정
"같은반포역5번.6번이지만 사람은 하늘과땅 아니가..
이낙연님이..하늘..",1.94,31.18,66.87,긍정
"개 잡는데는 큰 칼 필요없고
작은 과도로도 충분하다.
종로에는 거물 황교안 말고 
배현진이나 전희경  보내라.
아니면 주옥순도  괜찮다.
이낙연은 문재인의 발발이 개다.
하하하!!!",43.55,1.96,54.49,긍정
개발라주세요 총리님 황말고 여니총리님,0.0,15.02,84.97,긍정
거짓말정부 앞잡이 이낙연 잘한점 한가지말해봐,40.91,2.23,56.85,긍정
"겁먹은 교안이는 안나올거고,
우물안 개구리 승민아 니가 나와서,
이낙연 전 총리와 대결 해바라.

이낙연 황교안 안철수 유승민이
종로에서 한판 벌려서 소 대권대결
한판 하는것도 좋을것 갖은데.",4.95,33.93,61.13,긍정
겜끝,19.76,25.63,54.61,긍정
결국 문재인이가 시킨거군...그릇하고는,5.57,42.99,51.44,긍정
"경상도당인
경상도친노당더불어민주당의대깨문경상도노빠문빠넘들은
지금도

호남친노친문이낙연기사마다
자유한국당욕질하면서

칭찬옹호하는댓글달아놓고

이번총선유세하는데

이기사에도출동했구나

추천순댓글에댓글달아놓고추천수올려놓은거봐",0.41,47.94,51.65,긍정
경제개판 총리도  지지도가 있기는 하나  한심 하도다,4.1,37.85,58.05,긍정
"경제망친  총리
자넨 아웃이다",2.63,12.04,85.33,긍정
"경제망친 문정권.
이총리 아웃이다",44.43,10.81,44.77,긍정
"경제망친 총리.
아웃이다",4.15,10.54,85.31,긍정
공산당이싫어요..이낙연거짓말쟁이빨갱이,6.27,22.34,71.39,긍정
공산주의 사회주의 문재인 이 놈들 다 끌어내려야 한다,0.62,14.51,84.87,긍정
공산주의 좌빨 이낙연 ㅋㅋㅋㅋ,1.07,44.46,54.47,긍정
공안검사출신이 감히 이낙연 총리하고 깜이 되냐,0.0,9.7,90.3,긍정
공정 외치는 문재인은 반성해라 진짜ㅋㅋㅋㅋㅋ한번도 경험해보지 못한 나라,0.9,39.22,59.89,긍정
"교활 이    종로에 윤석열 카드를 준비해봐..
윤석열 한나라당  %..이낙연 민주당 ..어때",0.01,37.24,62.75,긍정
"교활님
꼭! 꼭! 꼭!
나오셔요~~~ㅋ",19.0,3.39,77.61,긍정
"교활님
꼭! 꼭! 꼭!
나오셔요~~~ㅋ",26.01,3.27,70.72,긍정
"교활이는 두더러기로 군대안가고
성균관대 출신이 
감히 서울대 법학과 출신하고
격이 다르지
살아온길은 달라도 너무 다르다
감히 비교 하지마라
이낙연 총리님은  품위가 다르시다",0.03,37.32,62.65,긍정
"국정은 모르쇠총리 이낙연, 임기중 잘 놀고 먹었지",0.08,46.77,53.15,긍정
"굿!
당연 큰 일  하실분",26.69,2.54,70.78,긍정
그 나물에 그밥. 썩은 민주당.,9.43,13.04,77.53,긍정
그 밥에 그 나물이지 민주당에 표주면 안되지 부끄러움을 모르는 부패한정권은 받드시 도태시켜야 한다 이낙연 아웃,0.02,4.98,95.0,긍정
그동안 해온 행적을 보면 이낙연 총리는 대통령감!,0.01,5.88,94.12,긍정
그래도 지지율이 20%  넘다니~~믿겨지지가않는구나~~~,10.81,23.79,65.4,긍정
그러면 대구에서 이낙연과 황교안 선거해라 조금만 열심히 하면 여당이 당선인데 대구 중남구에서 한번 결점을...???,5.65,32.37,61.98,긍정
그렇게 책임감 강한분이 후임총리도 없는데 총리자리 비워두고 선거 나간다고  사퇴 합니까?  만에 하나  대통령 유고시 총리도 없고 뒷감당 누가 합니까?  지역구 포기하고  비례로 가더라도 후임총리 올때까지 자리 지키는게  국가와 국민에 대한 책임감 아닙니까?  제 말이 틀렸나요?,0.19,21.6,78.2,긍정
기레기. 출신. 이낙연. 찍지맙시다,21.78,16.95,61.27,긍정
기레기들. 황교안이 깜이나 되어야지 진짜...자꾸 비교하는건 이낙연에 대한 모욕이다,0.0,42.61,57.39,긍정
기레기들. 황교안이 깜이나 되어야지 진짜...자꾸 비교하는건 이낙연에 대한 모욕이다,0.01,32.3,67.69,긍정
"김경수의 트루킹이 사실로 드러났다면
문재인대통령은 부정선거로 당선된게 아닌가?",18.54,21.07,60.39,긍정
김대중 노무현 문재인 이낙연 대통령으로 역사가 이어져야 이 나라 우리 아이들이  산다.,0.0,19.53,80.47,긍정
김대중 노무현 문재인 이낙연 조금씩 더 발전하는 모습임.,0.0,4.95,95.05,긍정
"김대중.노무현.문재인.이낙연.조국

민주 정부에 완성이다",0.0,33.09,66.91,긍정
꼴값떠네..문재인 추미애 연넘들.,1.62,5.11,93.27,긍정
"끼리끼리 조합이 참좋다.
♬♪...
이낙연도 aut...",1.01,20.07,78.92,긍정
나는 이낙연이 좀 물러났으면 하는  것 있다,2.68,43.7,53.62,긍정
"나라 꼬라지 보면 더불어민주당 그리고 4중대 쓰레기 청소는 해야되지 싶다. 나라 꼴이 말이 아니다. 댓통이라는 인간이 국민분열을 도리어 부추키고 있고 말이다. 50평생 살면서 이 정권 처럼 후안무치한 정권은 보지 못했다.  김대중, 노무현은 잘못한게 있으면 사과라도 하더만 지금 이 새퀴는 사과는 커녕 도리어 뻔뻔하게 범죄자한테 빚졌단다  기가 막힌다.",0.29,24.8,74.91,긍정
"나라가  사회주의공산국가가 되어가는데도,
총리로써 말 한마디 못하고,  뭐 했니",16.71,26.68,56.61,긍정
낙연 병관 더불어 아웃,0.17,40.05,59.78,긍정
낙연아 안돼여  종북주사파 빨갱이 잖아. 간첩 문재인 앞잡이잖아. 챙피함과 부끄러움을 모르는 청와대 문정부 민주당 민노총 문죄인 이낙연 조국스럽구나.,0.24,12.88,86.88,긍정
남한 적화통일 도와달라는건가? 이낙연도 머리가 썩어가나보네~,21.32,8.36,70.32,긍정
내생에 민주당 뽑을일 없다,7.19,8.41,84.4,긍정
너무 느끼하고 가식적이다.. 문재인하고 똑같을것같아서 절대로  민주당 안찍는다.. 대권주자 지지율 1위도 조작이고 절대  안믿는다,0.01,46.25,53.74,긍정
너무너무  응원합니다  훌륭한리더가 되어주세요^^,35.52,9.65,54.83,긍정
놀 ㅡㅡㅡㅡㅡㅡㅡㅡㅡㅡㅡㅡㅡ자,1.25,19.98,78.77,긍정
놀고있네.이낙연이 여론조사 1등 나오니까 벌써부터 국민들 가르쳐드냐?  뭐 임종석이가 매력있으니 도와달라고? 니들 빨간분자들끼리 마르고 닳도록 해먹겠다고? 국민들이 너부터 자른다. 적색국가는 안돼!,26.8,9.43,63.77,긍정
누가봐도 황교안 이지.  여론조작 구태 이낙연 띄우기 지겹다.,2.38,18.52,79.1,긍정
"누가사냐  총리집이 다냐
없는 사람 그림에떡인걸",6.64,6.36,87.0,긍정
"늙고 부패한 이낙연 잡는데는
김태우 전수사관이 최고다.",10.06,16.71,73.22,긍정
"늙고 부패한 이낙연 잡는데는
김태우 전수사관이 최고다.",14.91,12.15,72.94,긍정
다음 대통령은 이낙연 낙점  ㅋ,3.14,29.97,66.9,긍정
"담마진 황교안 선생이 어떤분인데 그런곳에 나올까?
안나온다에 500원 건다~~ㅋ",3.81,32.76,63.42,긍정
"담마진 황교안 선생이 어떤분인데 그런곳에 나올까?
안나온다에 500원 건다~~ㅋ",2.85,25.24,71.9,긍정
당연.이낙연승!,7.99,38.94,53.08,긍정
당연.이낙연승!,3.71,44.26,52.03,긍정
대구 경북도 이낙연전총리가 앞서는데 대전충북은 일본?,0.13,45.65,54.22,긍정
"대구 경북에서도 이낙연 전총리 지지율이 30%육박??
이게 실화냐 ㅎㅎ",0.33,40.18,59.49,긍정
대구경북서이낙연많이본다교활이는아웃되다9년동안뭐해나다고정권잡으러하노교활이빨갱이밝혀지는바람에대구경북에서아웃되다,4.9,17.62,77.47,긍정
대구부산찍고 무조건이낙연  전총리님 지지하고응원합니다 👍,0.02,15.98,84.0,긍정
"대선을 기다려 봅니다 

이낙연 미리대통령님!",0.25,7.47,92.27,긍정
대선전초?  훌륭하셨던 총리에게 뭘 갖다붙이냐,14.59,34.11,51.3,긍정
대선전초?  훌륭하셨던 총리에게 뭘 갖다붙이냐,6.17,22.87,70.96,긍정
대선주자라면 능력있는 이낙연님 홧팅!,0.15,16.75,83.1,긍정
대선후보 이낙연,0.02,25.3,74.68,긍정
대통령의 자리는 누가되도 욕먹는자리인데 이낙연총리는 잘하실듯요~^^,0.09,36.29,63.63,긍정
대한민국에 이낙연만한 대선후보자 없다,1.98,22.89,75.13,긍정
"더 똑똑한 사람 즉 머리가 
더좋은 사람은 이낙연후보네 
둘 붙음 딱 좋은 성과가 나오겠다",3.63,31.09,65.29,긍정
"더불어 민주당!~💙💙💙

응원합니다.👍👍👍",0.0,4.39,95.61,긍정
더불어민주당똥구멍쌕스를 이낙연쌕스sex  이낙연sex쌕스 이낙연똥구멍쌕스 이낙연똥구멍쌕스 이낙연똥구멍쌕스 이낙연똥구멍쌕스 이낙연똥구멍쌕스 이낙연똥구멍쌕스 이낙연똥구멍쌕스 이낙연똥구멍쌕스 이낙연똥구멍쌕스 이낙연똥구멍쌕스 이낙연똥구멍쌕스 이낙연똥구멍쌕스 이낙연똥구멍쌕스 이낙연똥구멍쌕스 이낙연똥구멍쌕스 이낙연똥구멍쌕스 이낙연똥구멍쌕스 이낙연똥구멍쌕스 이낙연똥구멍쌕스 이낙연똥구멍쌕스 이낙연똥구멍쌕스 이낙연똥구멍쌕스 이낙연똥구멍쌕스 이낙연똥구멍쌕스 이낙연똥구멍쌕스 이낙연똥구멍쌕스 이낙연똥구멍쌕스 이낙연똥구멍쌕스 이낙연똥구멍쌕스,0.0,16.79,83.21,긍정
더이상 더불어민주당은 찍어줄 필요가 업다.,0.04,3.16,96.8,긍정
도대체 박근혜는 왜 깜빵에 간거니 이낙연 대선후보는 니미 정권바뀌면 깜빵가야겠구먼 ㅋㅋ,20.22,1.69,78.09,긍정
도지사 총리 경력에 흠잡을데 없는 인품에 강한내공까지 차기대통령은 따놓은 당상,0.39,39.01,60.6,긍정
두 분 모두 최고입니다~~💕,47.51,3.42,49.07,긍정
두 전총리들의 투샷이네. 간지난다ㅎㅎ,0.98,27.59,71.44,긍정
"두분다 지지합니다! 
이낙연 총리님 종로에서 꼭 당선되십시오 
황교활놈은 꽁무니뺐냐? 머리카락도 안보이네 ㅋ",0.41,8.35,91.24,긍정
"두분다 지지합니다! 
이낙연 총리님 종로에서 꼭 당선되십시오 
황교활놈은 꽁무니뺐냐? 머리카락도 안보이네 ㅋ",1.07,10.43,88.5,긍정
든든한 버팀목처럼. . . 국민들의 뒤에서 힘을 주세요. . . 끝까지 지지합니다. . .!!!!!!!!!!!!!!!!!!!!!!!!!!!!!!!!!!!!!!!!!!!!!!!,9.35,37.48,53.17,긍정
땡큐!!!!!!!!!!!!!!!!!!!!!!,22.25,12.54,65.22,긍정
또 우길걸 우겨라. 이낙연하고 토론할때 자유한국당 의원들 다 털렸으면서 비선실세를 운운?? ㅋㅋㅋㅋㅋ,3.29,40.24,56.47,긍정
"또이낙연이기사에도

이낙연좋아하지도않으면서

이낙연이용해먹을려고

마음에도없는칭찬하는척하고
황교안욕질하고있는대깨문경상도노빠문빠넘들출동했구나",0.01,35.65,64.34,긍정
"또이낙연이기사에도

이낙연좋아하지도않으면서

이낙연이용해먹을려고

마음에도없는칭찬하는척하고
황교안욕질하고있는대깨문경상도노빠문빠넘들출동했구나",0.13,13.12,86.75,긍정
ㅁ,11.77,5.96,82.27,긍정
"막말이 난무하고, 일도 하지 않으면서
국민의 세금만 축내는
한심스러운 국회에서.,

총리를 지내신 이낙연 후보님이나,
대통령비서실장을 지내신 임종석 후보님께서는, 품격있고, 일 잘하는 정치를 해 주시리라 생각합니다^^

그래서
저질의 정치를 끝내주십시오!!!",0.32,39.48,60.2,긍정
막상나오면 이낙연 전라달창만 몰표해서 겨우30%넘길듯.,0.09,34.27,65.64,긍정
말이인격이라구 제일 나은대통령감이다,5.77,25.38,68.85,긍정
매력이 1도  없는 이낙연 할배,1.11,38.04,60.85,긍정
매일 지하철만 타는 나도 그런 실수한다.   아름다운 미소 이낙연.   종로에 가고싶다.  악수 한번 하러 ㅋㅋㅋ  우리 문통의  포스트로  든든합니다.,0.09,38.02,61.89,긍정
"먹져요. 
이낙연 전총리님.",0.0,12.85,87.15,긍정
멋진 분들  ㅎㅎㅎㅎㅎㅎㅎㅎㅎㅎㅎㅎㅎㅎㅎㅎㅎㅎㅎㅎㅎㅎㅎㅎㅎ,38.45,14.35,47.2,긍정
메르스 가축전염병 다 이낙연 총리 컨트롤타워 아래 조기차단 된겁니다 박학다식하고 유능하고 인기 스타성까지 인정,0.01,20.76,79.23,긍정
모든 정치인이 이낙연만 같다면 얼마나 좋겠나. 빨갱이 욕하고 싶으면 그보다 깨끗한 정치인 하나쯤 내세워 봐라.,0.06,9.41,90.53,긍정
모든게 문재인 한놈 때문에 벌어지고있다.,2.57,13.72,83.71,긍정
문대통령 다음은 이낙연 전 총리라고 국민들이 생각하고 있다는 계산에서 나온  것이겠지...,0.02,34.61,65.38,긍정
문재앙  조국 추미애 이해찬 이낙연 이인영 고민정 ..  양아치 무리,20.0,22.19,57.81,긍정
문재인 대통령 아래서 일 하신분들 뭘하시게 있는지 참 지역구를 위해서라도 책임 있게 행동 하시길~~,0.01,32.12,67.88,긍정
문재인 들고나옴 떨어지지  범죄자  감싸는 사람을  청렴한  이낙연이 낮지  하옇든  범죄 정권은  별로야  범죄정권  싹다  갈아 엎자,0.0,42.54,57.46,긍정
문재인 심부름꾼외에 이낙연이 뭐한게 있나,0.0,41.28,58.72,긍정
문재인 이낙연  모두 자신의 이미지나 좋게 보이려 한 인물,0.0,30.69,69.31,긍정
"문재인, 이낙연 One  team!!!",0.0,24.74,75.26,긍정
문재인.정권.실패한정권.청화대.참모진.문재인똘만이들.죄인들이한두이않이다.울산김기원나마시킨자들선거부패자들.조국추미..백원우.최광욱.이성윤.이노공.현.울산시장.이른작자들.청화대.통수권자.개쌕만도못.이른놈들.새비가않까다.하속히구속..문쫄개들.정권이.영원하지못한다.쫄개들.정신차리라.잘못을.뉘우치고.나발불면.죄가감해줄것다.죄인들.알아나.속히구속,0.0,45.37,54.63,긍정
문재인대통령님67번째생신축하드려요,0.0,21.07,78.93,긍정
"문재인을콱그냥문재인목에대고 내가총으로쏴서문재인목구녕빵꾸뚫려놓고싶다
화나서",0.0,47.9,52.1,긍정
문재인의 충성스런 똥견,0.02,39.89,60.09,긍정
문재인잘못한정책비판해야합니다.이낙연은시민입니다.이낙연전총리님문재인대한실정에비판해야합니다,0.0,44.3,55.7,긍정
뭔 또 개소리냐? 이낙연 총리님이나 문프나,0.03,6.0,93.98,긍정
"뭘보고 저런 인간을 눈치나  보고,
직언 한마디 못하던 파렴치 이낙연 전총리
정신차려.",0.13,9.85,90.02,긍정
미국농구팀(이낙연)과일본농구팀(황교안)경기,4.69,25.6,69.71,긍정
미쳣구낭,38.54,22.72,38.74,긍정
미친것들 절대 이낙연 안뽑아,21.65,27.81,50.54,긍정
"믹스기로 갈아야넘
문재인 류 한넘 등장이유",0.23,11.53,88.24,긍정
민주당 240석 당선 달려갑시다!,0.04,37.3,62.66,긍정
민주당 240석 당선 달려갑시다!,0.04,35.65,64.31,긍정
"민주당 아무나 후보내지 마라
이낙연 김의겸 고민정 정도는 돼야지",0.0,46.28,53.72,긍정
"민주당 압승하자 
민주당 홧팅",0.0,47.73,52.27,긍정
"민주당 응원합니다!
두 분도 힘내세요!",0.02,2.65,97.33,긍정
"민주당 응원합니다!
두 분도 힘내세요!",0.01,2.37,97.61,긍정
"민주당 응원합니다."" 화이팅..",0.02,4.87,95.11,긍정
민주당 참패 끝.,0.02,45.88,54.1,긍정
"민주당에 문재인대통령만. 있는것이 아니라는 하나의. 좋의. 예인것. 같다.
대통령님이 보시면 뿌듯하겠다. 
가장 큰. 업적중 하나일것. 같아 좋은. 후임자!",0.0,20.54,79.46,긍정
민주당잘하고있다 ᆢ화이팅,0.09,10.3,89.61,긍정
민주당화이팅!,0.07,7.99,91.94,긍정
"밑천도 없는 문재인씨. 민주당? 당신들이 한거 있습니까? 국민들이 전 정권보다 행복하고 나아진게 있나요?  공명한 사회됐나요? 내로남불하는 조국,임종석같은 측근들 밖에 안보이네요",1.22,22.53,76.26,긍정
"박그네총리 대 문재인 총리
공안검사 꼬리내린다 에 한표",0.0,17.47,82.53,긍정
"박그네총리 대 문재인 총리
공안검사 꼬리내린다 에 한표",0.0,31.05,68.95,긍정
박근혜   꼬봉   황교안   ㅋ   종로에서   이낙연   하고 붙자,0.04,16.41,83.56,긍정
박근혜도 잡고 문재인도 털어대니 확장성 한번 넓구만,29.31,6.99,63.7,긍정
박근혜보다 몇배 더 적폐적인 문재인집단이다.,19.95,3.35,76.71,긍정
반대같은데ㅋㅋ이낙연조작,2.21,26.65,71.14,긍정
반드시 총선때 승리해서 문재인 탁해해야 나라가 삽니다,0.0,3.3,96.7,긍정
발로뛰는 이낙연~,0.17,23.39,76.44,긍정
"방구만 뀌어도 트집 잡을 기세니 거 참~~
꼬투리를 찾아헤매는 불쌍한 자한당~~",27.16,2.67,70.17,긍정
"범죄집단 문재인괴 민주당이 ~
... 서로 도토리 키재기하나 ~??",0.03,24.75,75.22,긍정
부동산 믿은 이낙연 잘못이네 물량 차지할 요량에 이낙연 잡고 있던 부동산업자. 뭔 부동산을 한 곳에만 내놓나 팔려면 여러 곳에 올려놔야지 안팔리는 시세가 시센가? 높게 내놨으니 안팔리는거지,32.6,3.2,64.19,긍정
"부동산 투기 근절하겠다는 
문재인 정부 부동산 대박

총리였던 이낙연 강남 투기로 10억..
청와대 대변인 김의겸은 8억 8천...
장하성 10억, 김수현 10억...
말과 행동이 다르고 언행불일치",0.0,44.55,55.45,긍정
부자,17.7,4.21,78.09,긍정
"부패와 비리의 온상이 민주당이다.
번죄 집단이고 범죄자를 키우는 양성소가 민주당이다.",0.04,35.0,64.96,긍정
빠가사리랑 비교를?이낙연전총리가 어이없어한다,0.01,12.2,87.79,긍정
사회생활 하면서 보면 문재인 좌빨 지지자들은 현실에 정신승리하는 고집쌘 부류들이 많음,0.95,48.79,50.26,긍정
서울 종로에서 이낙연 국무총리와 황교안 자한당 대표랑 맞대결 하면 당면히 이낙연 후보가 당선됨!,0.01,48.87,51.11,긍정
"선거 철만대면  가식적인 행동  속지마라  민주당  무소부리 정치  이낙연  낙석으로 국민의  마음을 보여주자 ,대한민국  보안관  협회",0.42,49.62,49.96,긍정
"설마 ..  쓰레기 황 교왈을 찍지는 않겠져  ?

이낙연 총리님 지지 합니다",0.01,1.64,98.35,긍정
세상살이좀  해본분이라면  민주당이 어떤지를 잘알텬데   정말걱정  이다!!!,0.8,42.44,56.76,긍정
세상살이좀  해본분이라면  민주당이 어떤지를 잘알텬데   정말걱정  이다!!!,0.45,45.56,54.0,긍정
"솔찌기 
이낙연 총리님과
,,,,,,
,,,,,,,
,,,,,,,,,,,
군대도 안가고 최순실을 모쉰 횡교안하고
비교를 하니!!!!!!",0.0,27.68,72.32,긍정
"수도권: 이낙연 총리
충청: 이해찬 대표
TK: 김부겸 전 장관
PK: 김두관 지사,
강원: 이광재 전 지사
호남: 임종석 전 비서실장

전국에 민주당 돌풍을 일으켜보자!
20대 국회 과제: 검찰개혁, 선거개혁
21대 국회과제: 사법개혁, 경찰개혁, 언론개혁

민주당은 국민소환제도 약속했으니,

21대 국회에서 국회의원과 사법거래한 판사도 탄핵해보자!

제대로 국회의 역할을 하고,
국민을 위해 일하는 국회를 만들어보자!",0.01,22.75,77.24,긍정
"시비걸것도 참없네
힘내세요
전 이총리님 믿습니다",4.14,25.99,69.87,긍정
"신남방정책으로 인도네시아 수도이전 사업에 한국이 선정됨을 축하라며 문재인 대통령의
쾌거라고 봅니다. 이명박이는 천안함 피격, 연평도 폭겨맞았는데 문정부는 한반도 평화
 정책으로 북의 도발도 없었으며. KFX 전투기 사업과, 미사일 사거리 및 탄두중량 해제는 
정말 자주국방의 쾌거이며, 특히 AESA 레이다 개발은 역대 최고 군사과학의 업적입니다.
문대통령임 수고많으셨습니다.",37.98,12.69,49.33,긍정
싸이코패스 문재인의 내시 홍어 이낙연,0.0,36.98,63.02,긍정
싸이코패스 문재인의 내시 홍어 이낙연,0.0,23.18,76.81,긍정
아나라 경제는 파탄인데 이낙연 종로가며  종로가 부도 난다,1.9,44.34,53.76,긍정
"아낙연 총리 화이팅 !! 
대통령으로 가자 !!",19.25,16.62,64.13,긍정
"아무래도 이낙연이 차기를 할것 같다. 
너무 부드러워 욕하는 사람을 멋쩍게 만들고, 험한 말을 받아치면 욕한 사람을 더 멋쩍게 만드는 사람.
이제 정치는 실력으로 말하는 사람들로 가득차야 하지 않을까요? 
국민들은 땡깡부리고, 큰소리만 치는 정치인들 이제 다 걷어내 버리고 
부드럽고 온화하게 국민과 함께 하는 정치를 원하고 있다.
그게 시대의 흐름이고, 그 흐름에 이낙연이 있는것 같다.",0.0,34.45,65.55,긍정
"아무래도,문재인이  추미애에게  청와대에서 환간제 주시바늘꽃은듯",39.52,4.22,56.27,긍정
아무튼 자한당 지지자들은 댓글 쓰는 수준과 상식수준이~,2.21,4.78,93.01,긍정
아이고 그러셨어여 ~~~인형 총리님아!!!!제발 잘못된걸 비판 하는 꼬라지를 아직도 못보내!!!임기기간 내내 입닫고 계시더니 조용히 임기 마치셨쫑!!!그걸로 자화자찬하는 꼬라지 정말 공정이 먼지 정의가 먼지 참 양심의가책은 느끼세요???대권주자시라구여??목소리가 젤 자신있는거 같은데 왜 말도 못할까??점잖은척 은 하지마세요!!!정말 토할지도 몰라요 ㅠㅠ,3.85,22.99,73.16,긍정
아주 국민 분노 자극해서 민주당 총선 폭망하고 문재인 탄핵당하고 싶어서 안달이 났구나,18.53,3.3,78.16,긍정
아직도  총리님 같으심!!    응원  하겠습니다!!!  이낙연   총리님!!!!,0.0,6.06,93.94,긍정
"안 팔리면
당연 전세내야지
그럼 빈집으로 두나
사람이 살지 않음
집은
망가집니다요

난
민주당 좋아하지 않지면
이낙연 국무총리는
존경합니다

트집거리 없으니...
껌딱지도
트집,",12.96,0.47,86.57,긍정
안녕하세요~!😄OOO끼이낙연똥구멍님.😄깡패더불어민주당비자금,0.0,22.87,77.13,긍정
"알아서 잘 하시겠지만 계파 만들지 마시고 범 민주당파로 나아 가시길.
지금 이 전총리님 지지자들은 정치 성향무시하고
비빔밥처럼 막 섞여 있습니다.
괜히 특정 성향 계파 만드시려다 악수 두실까
걱정 됩니다.
민주당에서 친이 친NY 이라는 얘기는 없었으면 하는 바램입니다.",31.01,12.23,56.75,긍정
앞으로 총리는  전라도 사람만  채용하냐?,8.51,15.6,75.89,긍정
"야   전라도   이낙연  이가   인간   이가
총리   하면서  국민들 다죽여  노코서 
머라   국회의원 선거 에   출마  한다꼬
인자   지역  종로 유권자 까지  죽이려고
하네   에레이   염치  업는   놈아   당장
전라도로 꺼저  라    5     18    가짜  유공자 가려 
네는데   동참   하라   대한민국  피가튼  혈세가
평생  빠저   빠저   나간다",7.66,24.42,67.92,긍정
"야삽한것들
더불어터진당스럽다",11.94,28.53,59.53,긍정
얍삽헌게 역시 검사출신답다 황교안이 ㅋㅋ,30.35,16.6,53.06,긍정
양에 탈을 쓴넘   이낙연  아웃  ㅡ,46.05,1.55,52.4,긍정
"어느 누가 나온들 이낙연 전총리님과 견줄수 있게습니까, 하지만 황새가 나와 자신의 모습을 국민에게 신랄하게 심판받았으면 좋겠습니다",0.05,2.29,97.65,긍정
"어딜 감히  황교안같은것을  이낙연님하고 비교를해.,비교할사람하고 비교해야쥐
황하고호미랑비교해라  샵샤끼 기자넘아",0.1,6.97,92.93,긍정
어딜 감히 이낙연 같은 쫄개가 황대표님과 비교를 하는가? 가증스럽군!,0.95,31.32,67.73,긍정
"어떻게든 이낙연 전 총리와의 맞대결을 피할려고 당선가능한 험지를 찾으라는 
웃기지도 않는 헛소리찍찍내뱉는 황교안이 정말 한심하다.",0.01,20.31,79.68,긍정
"어떻게든 이낙연 전 총리와의 맞대결을 피할려고 당선가능한 험지를 찾으라는 
웃기지도 않는 헛소리찍찍내뱉는 황교안이 정말 한심하다.",0.0,37.12,62.88,긍정
어쩌다 공무원들인 추미애 이낙연이 항상공무원인 윤석렬보고 공직자윤리 운운..... ㅋㅋ,9.87,25.76,64.37,긍정
"언어와 품격의 정석!~~
이낙연 총리님!~
존경합니다 !~~",0.04,14.28,85.67,긍정
언제나 국민보다 문빠와 함께겠지!!!  조가튼 민주당첩자새기야,0.19,26.95,72.85,긍정
"여당의 대권주자 누구든 현정권의 상태를 보고도 비판하지 않는자, 옹호하고자 하는자는 국민 모두의 리더가 될 수 없다 그런뜻에서 보면 이낙연 총리도 리더의 자격이 부족하다",0.04,20.82,79.14,긍정
여론조사 해봐라 국민들이 윤석렬 문재인중에 누굴 신뢰하고 믿는지?,22.46,32.58,44.96,긍정
"여우 조국을 몰아내니 호랑이 추미애가 들어앉은 꼴 ㅋㅋㅋㅋ 자유일국당 토착왜구들 ㅂㄷㅂㄷ 하는거 꼬시다 ㅋㅋㅋ 넘나 잘하고 계십니다~ 냉미녀 추다르크 장관님, 민주당 여러분, 그리고 문재인 대통령 화이팅!!🇰🇷💙🌙",1.91,33.37,64.72,긍정
"역쉬
이낙연 님
멋져요
항상 건강하시고 
꼭  차기  대통령   되어주세요 ^^",0.02,0.74,99.25,긍정
역시 더불어 빨갱~~~,0.02,23.19,76.78,긍정
와우~~~ 이낙연 짱!!!!! 서민코스프레 완전 잘하시네요. 거주하지 않는집 팔라는데 문통말도 지지리 안들어요.이분 가족 비리도 어마어마 하다는데 종로출마 하신거보면 배포가 엄청 크시네요. 이대로 쭈욱 깨끗한척 서민인척 잘 해주시기 바랍니다. 그래야 정권이 바뀌죠!!!,0.03,38.76,61.22,긍정
왜? 이런 글다운 글이 연합에서 뜨나? 참 세상 많이 변하는구나~^^ 암튼 이낙연총리님과 임종석비서실장님 아리아리!!! 응원합니다~^^,0.02,12.94,87.05,긍정
요즘 같이 비방만 하는 정치인들 속에서 신사적인  이낙연 후보에게  호감이 감니다,24.58,15.78,59.64,긍정
우리 동네는 이낙연 제일 싫어해,0.54,35.77,63.69,긍정
우리나라 이낙연   뿐 멋 있는분  비난 안하고 자기 할만만 하는 분,0.0,16.16,83.84,긍정
"우리나라를 이끌어갈 훌륭한 분이란것 깨어 있는 국민들은 다 아는 사실입니다...
고맙고 감사합니다....",21.58,35.13,43.29,긍정
우리는 그저 임종석실장님과 이낙연총리님만 믿습니다,0.01,17.9,82.09,긍정
우리동네 이장님이 차기지도자로 출마해도 민주당후보만은 꼭 이길 것 같다....,25.03,35.47,39.5,긍정
"우민끼하는 이낙연

안봐도 훤하다",4.18,11.24,84.58,긍정
웃기는 자짱,0.39,36.89,62.73,긍정
위선자 이낙연 아웃,1.13,6.5,92.36,긍정
위선자 이낙연 아웃,1.13,6.5,92.36,긍정
"유비는 제갈량을 
문재인은 이낙연을",0.0,29.13,70.87,긍정
유유상종,32.41,23.37,44.23,긍정
"육군병장출신 이낙연총리님..
두드러기 군면제 황교활..
게임끝..",0.0,13.97,86.02,긍정
육포 황교안이  빌붙을 데가 안보여,0.47,41.23,58.3,긍정
윤떡검 자한당으로 함 나와바라.. 졸라 볼만하겠다.,13.32,33.92,52.76,긍정
윤석렬 총장님  응원합니다. ~힘내세요 ~^^♡♡♡,16.16,28.57,55.27,긍정
윤석열 총장의 3대 의혹 수사팀을 해체하지 말라 라는 국민청원 주소 입니다. 더불어민주당의 사법부장악 패악에 맞서서 청원투표 부탁드립니다 윤총장님 힘내세요  https://www1.president.go.kr/petitions/584335,0.13,31.66,68.22,긍정
"윤석열총장이 종로에 출마해서 ~
이낙연을 낙선시켜라 ~!!",13.38,29.55,57.07,긍정
이 전 총리님 참 열심히 사시는 분   멋지고 멋지십니다 자한당 없애주시면 참  감사하겠습니다,0.0,28.55,71.45,긍정
"이거 보니까, 문재인 퇴임하면 옆에 아무도 없겠네. 검찰조사 받을 때, 누가 지켜주나. 사실상 윤석열이 문재인 이미지를 다 없애버림. 윤석열의 승리다.",1.41,33.38,65.2,긍정
"이낙연
전
총리님
화이팅.",0.0,49.79,50.21,긍정
"이낙연    전총리님    품위있는    정치를하 신단
그말씀    감명깊게    들었습니다    훌륭하신    참,정치를 
하실거에요,    국민1인이    응원합니다 ~",0.0,48.99,51.01,긍정
이낙연   화이팅......진정한  보수의 품격,0.02,16.31,83.67,긍정
이낙연  기대됩니다,0.0,24.66,75.34,긍정
이낙연  전 총리님  대통령깜이시다!,0.0,33.38,66.62,긍정
이낙연  지지합니다,0.0,3.47,96.53,긍정
이낙연  차기대통령,0.0,1.98,98.02,긍정
"이낙연  총리께 전권드려라
사케영감    면  상 보면 시민들 놀라더라",0.0,11.13,88.87,긍정
"이낙연  축!당선^^
황교안  축!낙선^^",0.0,23.77,76.23,긍정
이낙연  화이팅  적극  지지합니다  황교활하고  붙이는거  조차  수치다,0.0,6.06,93.93,긍정
이낙연 내겐 무조건 대권주자다 지금가장 합리적이고 적합한 분이다.,0.0,9.94,90.06,긍정
이낙연 대권후보님 적극지지합니다,0.0,1.45,98.55,긍정
"이낙연 대승 
누구는 추락",0.05,48.45,51.51,긍정
이낙연 대통령 만세~~~♡,0.0,5.8,94.2,긍정
이낙연 대통령되면 핵폭탄급 재앙이다.,0.0,49.59,50.41,긍정
이낙연 되면 또 문재인꼴남,0.0,36.49,63.51,긍정
이낙연 뭘 잘하지 언듯 떠오르지않네,0.01,49.61,50.38,긍정
이낙연 부동산 투기꾼 입니다,0.01,15.4,84.59,긍정
이낙연 부동산 투기꾼 입니다,0.01,11.16,88.83,긍정
"이낙연 사람 참 좋은분 같다.
다만 좌파당 소속으로 출마하면
기생충들에 이용당할것이 자명 하므로
대통령이 되어선 아니될듯하다.",0.0,14.04,85.96,긍정
"이낙연 사람 참 좋은분 같다.
다만 좌파당 소속으로 출마하면
기생충들에 이용당할것이 자명 하므로
대통령이 되어선 아니될듯하다.",0.0,11.04,88.96,긍정
이낙연 선대위원장님 파이팅!!!!,0.0,10.34,89.66,긍정
이낙연 소신있는총리인줄알았것만  권력앞에는 양심품위 다 던지는구나  실망이다  믿을사람은 윤석렬 진교수님  힘내십시요!,0.0,13.05,86.95,긍정
이낙연 임종석 응원합니다♡,0.0,2.2,97.8,긍정
이낙연 전 총리 믿음직하지.  임종석 실장 나오시오!,0.0,49.69,50.31,긍정
"이낙연 전 총리가 이사해야죠. 
재수 옴붙습니다.",0.0,31.92,68.08,긍정
이낙연 전 총리님 ~  새해 복 많이 받으시고  꼬옥 대통령 되셔서 좋은 대한민국  만들어 주세요  ^^,0.0,43.95,56.05,긍정
이낙연 전 총리님 지지합니다,0.0,7.53,92.47,긍정
"이낙연 전 총리님...
대한민국 정치인중에서는 베스트이십니다.",0.0,35.81,64.19,긍정
이낙연 전총리님  지지 합니다~^^♡,0.0,2.94,97.06,긍정
"이낙연 전총리님, 
정말 멋있으셔요♡♡♡
응원하며 기도드릴께요.",0.0,5.24,94.76,긍정
"이낙연 전총리님,   품위. 품격을 갖춘  정치인.  지지합니다~!!",0.0,12.05,87.95,긍정
이낙연 좋다,0.0,5.49,94.51,긍정
이낙연 좋을때 조심해라,0.01,28.04,71.95,긍정
이낙연 지지하고응원하고 기도합니다 차기대통령이십니다  종로에서 1위로당선이십니다 황교안 이낙연꼬리물다 떨어짐  전도사가 정치에 나온다하니 재앙이로다 하나님께서 큰재앙을주실겁니다 두고보세요 공수처로 감옥으로갈거다 자한당 아웃 해체쓰레기다 고발당자한당 진짜 보기싫다  어서총선 다가와라 조사대상놈들인데 윤석열이가 뭉개버리고 나쁜 윤석열 파면이다 두고봐라 얼마못간다,0.0,46.03,53.97,긍정
이낙연 지지합니다.,0.0,11.29,88.7,긍정
이낙연 찍을게요. 파이팅하세요.,0.0,20.23,79.77,긍정
"이낙연 차기 대통령
적극 지지하요",0.01,7.01,92.98,긍정
이낙연 총리 힘내세요.,0.0,5.31,94.69,긍정
"이낙연 총리가 대통령이 되어 친문 적폐세력들
교도소 보내야한다",0.0,14.46,85.54,긍정
이낙연 총리님  반드시 승리 하시길 두손 모읍니다,0.0,4.12,95.88,긍정
이낙연 총리님  반드시 승리 하시길 두손 모읍니다,0.0,4.12,95.88,긍정
이낙연 총리님 당신은  믿었는데 실망이  너무 큽니다,0.0,9.77,90.23,긍정
이낙연 총리님 응원합니다,0.0,0.66,99.34,긍정
이낙연 총리님 응원합니다..^^,0.0,0.59,99.41,긍정
이낙연 총리님 지지합니다!,0.0,0.82,99.18,긍정
이낙연 총리님 차기 대통령~^^,0.0,1.56,98.44,긍정
이낙연 총리님 화이팅,0.0,1.91,98.09,긍정
"이낙연 총리님, 총선 잘 부탑합니다.",0.0,29.12,70.88,긍정
이낙연 총리도 ~ 임종석 실장도 ~~ 너무 좋아요 ^^,0.0,4.68,95.32,긍정
이낙연 파이팅팅팅팅팅---,0.0,8.8,91.2,긍정
이낙연 파이팅팅팅팅팅---,0.0,0.8,99.2,긍정
이낙연 화이팅,0.0,6.56,93.44,긍정
이낙연 화이팅!!,0.01,8.56,91.43,긍정
이낙연 화이팅.,0.0,19.5,80.5,긍정
이낙연 화이팅~~~^♡^,0.02,7.21,92.77,긍정
"이낙연, 너 같은 문재인 부역자는 별짓을 다 한다해도
떨어지는건 이미 결정된 역사적 사실이다 .
떨어져야 된다,
너는 문재인의 희생 양 이다.",0.0,39.36,60.64,긍정
"이낙연, 임종석 응원합니다!!!",0.0,12.07,87.92,긍정
이낙연51% & 황교안25%  수도권 어디서도 이낙연 총리 완승 . mbn,0.0,16.96,83.04,긍정
이낙연51% & 황교안25%  수도권 어디서도 이낙연 총리 완승 . mbn,0.0,20.81,79.19,긍정
이낙연님  압승입니다,0.02,31.75,68.23,긍정
이낙연님  압승입니다,0.01,33.09,66.9,긍정
이낙연님  지지합니다.,0.0,3.87,96.13,긍정
이낙연님  화이팅!!,0.01,3.52,96.47,긍정
이낙연님의 압승을 기대합니디,0.0,23.92,76.07,긍정
이낙연대통령,0.0,4.79,95.2,긍정
이낙연대통령,0.0,4.79,95.2,긍정
이낙연도 문재인 시다바리일뿐.,0.0,22.51,77.49,긍정
이낙연도 별스,0.0,47.25,52.74,긍정
이낙연만이 믿을수있다.,0.0,5.04,94.96,긍정
이낙연성공  !사랑합니다,0.0,16.17,83.83,긍정
이낙연은 그동안 여론조사 대통령이였던 기존 총리들과는 다르다는데 차이점이 있다. 이미지로서만이 아닌 이낙연만의 확실한 내공을 국민들이 느끼고 있다는것이다. 이건 이미지로서만 느끼는것과는 확연한 차이가 있다.,0.0,19.3,80.7,긍정
이낙연은 무당선,0.02,34.98,65.0,긍정
이낙연은 자기  목소리 못내면 정치인으로  성공 못한다,0.01,47.44,52.55,긍정
이낙연을 띄우고 황교안을 뭉개려는 조작같다 이낙연이 32%래 풉,0.0,20.96,79.04,긍정
이낙연이 자신있나보네 문재인이 때문에 어려울걸,0.0,32.68,67.32,긍정
이낙연이 자신있나보네 문재인이 때문에 어려울걸,0.0,22.8,77.2,긍정
이낙연이가잘한일있으면한번말씀좀부탁합니다,0.0,21.1,78.9,긍정
"이낙연전총리만 인정
나머진 언급할 가치 없음",0.0,26.9,73.1,긍정
이낙연차기대통령!,0.0,1.89,98.11,긍정
이낙연총리님 파이팅입니다. 한국정치계의 거목이십니다.,0.0,9.42,90.58,긍정
"이낙연총리님.응원합니다.
꼭  승리하셔서  자한당   아작을내주세요.",0.0,20.37,79.63,긍정
이낙연필패론,0.0,45.87,54.13,긍정
"이낙연후보님
적극 지지합니다~♡",0.0,2.16,97.84,긍정
"이낙연후보님 응원할게요^^
가까운 미래에 대선에서도 꼭 뵙고싶어요",0.01,3.99,96.0,긍정
이낙연후보자님 응원합니다! 화이팅,0.0,0.71,99.29,긍정
이노ㅁ도    문재인과   똑같은노ㅁ  이다,19.74,34.55,45.7,긍정
이디서 교활이가  이낙연 총리랑,0.0,23.39,76.61,긍정
이디서 교활이가  이낙연 총리랑,0.0,17.53,82.47,긍정
이런 간신도  지지하나  문재인 실정에 절반은 이낙연 책임이다,0.0,45.18,54.82,긍정
이런 간신도  지지하나  문재인 실정에 절반은 이낙연 책임이다,0.0,46.41,53.58,긍정
"이런 쓰레기 지지율 믿는다고? 길거리조사 해봐라. 민주당, 이낙연, 문재인은 시정잡배 취급받는다. 지지율? 이긴다고~~ 웃겨서 정말~~~",0.1,7.8,92.11,긍정
이런정치인을 칭찬해라~집한채20년,33.1,10.0,56.9,긍정
"이렇게 청렴하게 살아오신 이낙연 전총리님께. . . 정작으로 만나서는 찍소리도 못 하는 언론. . . 그리고,
자한당 어르신들. . .!!!!!!!!!!!!!!!!!!!!!!!!!!!!!!!!!!!!!!!!!!!!!!!!!!!!!!!!!!!!!!!!!!!!!!!!!!!!!!!!!!!!!!!!!!!!!!!!!!!!!!!!!!!!!!!!!!!!!!!!!!!!!!!!!!!!!!!!!!!!!!!!",0.01,41.3,58.69,긍정
이미  이결과는  다알잔아요?  황교활이 이낙연 총리랑  붙으려 할까?  ㅋㅋㅋ,0.01,46.12,53.87,긍정
이미  이결과는  다알잔아요?  황교활이 이낙연 총리랑  붙으려 할까?  ㅋㅋㅋ,0.0,39.67,60.33,긍정
이성윤은 문재인의 똥개 애완견이다. 곧 토사구팽 당하고 피눈물 흘릴 날이 올 것이다.,1.74,32.82,65.44,긍정
"이전 총리님 종로에서 꼭 승리하시고 정의당에 입당하신 박창진씨도 꼭 
당선되시길 응원하며 지지 합니다",0.09,36.06,63.85,긍정
이전총리가 큰 자로 당선된다,6.47,29.93,63.6,긍정
이전총리가 큰 자로 당선된다,6.44,29.78,63.78,긍정
이제 정말 뭉칩시다 윤석열 대통령으로 민주당과 대통령을 심판 합시다,0.43,10.1,89.47,긍정
"이총리님
힘내셔요
항상응원하고 지지합니다",0.02,1.38,98.6,긍정
이총리님   응원합니다,0.15,3.12,96.73,긍정
이총리님 고생 많으셨습니다 ! 역대 최고의 총리님,0.0,3.15,96.85,긍정
이총리님 사랑하고 존경합니다.,0.03,6.42,93.55,긍정
이총리님 항상 사람 조심하시고요!!!!응원합니다,0.03,1.69,98.28,긍정
"이해찬 이낙연 투톱 승리합시다..
눈물나게..",0.01,19.76,80.23,긍정
"인격과 경륜 국정경험을 두루두루 갖추신 
이낙연 전 총리 님을 적극 지지합니다.
황교활은 박근혜가 탄핵 당할 때 국무총리 하면서 
무슨일을 했는지. ......^^
아주 무능한 황교활이가  자유한국당 에서 
무슨일을 할지.........~~",6.38,29.18,64.44,긍정
일은 하지 않는것들이 엉뚱한 것에는 재빠르기 하네  꼴통 자한당,0.0,0.08,99.92,긍정
임종석은  공산주의  사상에젖어 있는  아주  건전한 인물이다. 이런 사람이 의원되어야 문재인대통령도와  한국을 공산화 할 수 있다. 우리모두 지지해 줍시다.  늑대가  미쳐  날뛰는  아주 바람직한 사회.,1.88,6.51,91.61,긍정
자 쫄병을 봤으니 장수를 보여주세요!,12.31,12.07,75.62,긍정
자슥 짖고있네~,2.96,5.52,91.52,긍정
자신있으면 탄핵총리야 덤비면 된다 쫄리면 뒈지시고,17.95,18.35,63.7,긍정
자영업으로 먹고사는 동네가 종로인데 괜찮겠냐?  리낙연아..,9.4,4.86,85.75,긍정
자우당과  조.중.동.믿고   설치다가  참   꼴  좋다.  윤씨~~   가만 보면밀어부치는것만 있고  통솔력은  없네  ㅉ,22.28,2.92,74.8,긍정
자유 대한민국을. 살리는 길은. 문재인탄핵 더불어망한당 개박살. 내는게 답이다 후세에 엄청난. 부담과 욕 먹지 맙시다,1.38,34.83,63.78,긍정
"자유한국당과 황교안은 문재인과 민주당을 공격하기 위한 목적으로 윤석열을 응원하고 옹호하는 것이고, 문재인과 민주당의 약한 고리를 물고 늘어지면 그 반사이익을 얻기 위한 목적이지 윤석열이 강력한 대통령 후보나 국민의 높은 지지를 받는 것은 절대 원하지 않습니다.  그런데 높은 인기와 지지를 받으면 큰일나는 것이지요.  문제가 있어 윤석열이 자유한국당을 조사하면 야당탄압이라고 할겁니다. 이명박과 박근혜를 구속시키고 지난 정부와 보수 인사, 보수단체를 해체시킬 때 윤석열을 정치검사로 죽일듯이 공격하더니 이제는 영웅이 되고 있네요.  ㅋㅋ",37.74,4.73,57.53,긍정
자차있으면 탈일 사실없다. 난35년전 버스타보고 한번도 탄적없는걸,19.9,6.96,73.14,긍정
"자한당
기래기들은
집이 몇채
있나
전수조사 해 보세요",0.02,0.03,99.96,긍정
자한당  하베스트  양이  안차서  또  해먹을러고  너온거야?? 기본.3조5조?? 이번엔  얼마짤  프로젝트야.??,0.02,0.12,99.86,긍정
"자한당  황고활의   고민이  깊어지겠지...   나가면   일방적으로  깨지겠고,    당권도   놓치긴  싫고...",0.47,0.56,98.97,긍정
"자한당 고귀하신 의원분들 중
30년 동안 살았는데
내 놔도 팔리지 않는 아파트에
살고 계신 분들 계신가욤??",0.06,38.15,61.78,긍정
자한당 꼴똥들 열불 나겠다ᆢ선한인상에 내공까지 갖춘 사람이니 그잘하는 인신공격도 안먹히고ᆢ비리 비어를 퍼트리고 싶은데ᆢ재료는 없고 ㅋ 교안아 겁먹지 말고 종로에 나와 자폭해라 ㅋㅋ 너희가 추앙하는 가미가제식 어떠냐?,0.02,0.05,99.93,긍정
자한당 꼴을  보니 아길거 같은데,0.01,0.11,99.88,긍정
자한당 놈들 니들 부동산이나 한번 털어봐라 미친..,0.0,0.04,99.95,긍정
"자한당 대표 종로 출마 포기하겠네
깜도 안되고 개쪽 당할거 아니까",0.04,0.14,99.82,긍정
자한당 댓글부대야 어느정도껏 댓글달아라 너무 눈에 확 띤다 ㅋㅋㅋ,0.02,0.09,99.9,긍정
자한당 반성해라 느그들은 인재가 그리없냐? 아니면 보는눈이 없냐? 액션은 민주당 보다도못하냐..,0.01,0.09,99.9,긍정
자한당 수준이야 10프로면 아직 오래 사시는 노인분들 계시니 그러려니 해야죠.. 10년쯤 지나면 5프로정도로 줄겠군요 ㅎㅎ,0.01,0.13,99.86,긍정
자한당 없는 세상서  살고싶다,0.1,2.19,97.7,긍정
자한당 이제 끈 떨어져버렸네. 어쩔꼬? 상도 광덕이 점식이 너희들도 지방으로 따라 가라,0.02,0.14,99.84,긍정
자한당 인물 진짜 없네 ㅋㅋ 아무리 후보래도  인물 같아야  ㅋㅋ,0.01,0.06,99.93,긍정
자한당 인사가 이런 상황을 해명햇다면 늑대같이 달려들어 물고 뜯고 난리도 아니었겟지.  자기편 감싸는 댓글들 참 수준이 보인다. 이래서 우리나라는 발전이 없는거야.,0.06,0.45,99.49,긍정
자한당 지지자들은 여론조사 왜곡되고 조작됐다고 주장할께 불을보듯 뻔함,0.19,0.14,99.67,긍정
자한당 지지자들이 개돼지냄비다,0.09,4.91,94.99,긍정
자한당 추종자들 이낙연 종로 출마에 망연자실 댓글 날리 났네 황교안 종로 무서워 안올것 같은데,0.01,0.21,99.78,긍정
자한당 ㅋㅋㅋ 이래 인물이 없다. 황고환 쫄보가 뭐 제대로 하는게 있냐. 단식도 8일밖에 못 버틴게,0.03,0.22,99.75,긍정
자한당 포항지진피해 복구도 막던데 ㅋㅋㅋㅋ 비교된다 교활이랑,0.09,0.17,99.74,긍정
자한당 하는짓거리보구 작년 자한당 탈당힛는디.잘한것같다,0.24,5.49,94.28,긍정
자한당 하명 수사 전문 양아치 윤석렬은 사표 받지말고 감찰해서 항면죄 직권남용죄 검찰권남용죄 자한당을 봐준 뇌물죄 언론공작한 피의사실 유포죄로 파면하고 구속해야한다.,0.01,0.11,99.88,긍정
자한당 활  나온다 소리가  없노 ㅋㅋ,0.0,0.06,99.94,긍정
자한당 활  나온다 소리가  없노 ㅋㅋ,0.0,0.05,99.95,긍정
자한당도 참 인재가 없지 ♬♬정권 총리 했던놈이 대선 후보라네 ㅋㅋㅋㅋㅋ,0.21,39.21,60.58,긍정
자한당ㅅㄲ들 다팔고얘기해라,0.02,0.09,99.89,긍정
"자한당은 뭐하니?
빨리 종로에 선수 안 내보내고?
이 쪽은 벌써 링 위에서 몸 풀고 있는데...
ㅎㅎㅎ",0.02,0.15,99.83,긍정
자한당은 설사 이번총선에서 지는한이있더라도 친박물갈이 해야한다. 탈당해서 무소속출마 하는것이 두려워 물갈이 못하면 이번뿐아니라 다음선거도 그리고 그다음선거도 이길수없다,0.01,0.11,99.87,긍정
자한당은 스스로 목조를 올가미를 하나더 만드는겪...;;,0.05,0.2,99.74,긍정
자한당은 진중권한테 좀 배워야 겠다. 진정한 파이터 진중권.... 별로 좋아하지 않았는데 요즘 엄청 좋아짐...진중권 화이팅.^*,0.01,0.21,99.78,긍정
자한당은 쪽팔리게 일반 개인한테도 발리냐. 폭망이다,0.01,0.69,99.3,긍정
자한당을 가던 바미당을 가던 독자를 타던 종로 출마해라 그래서 리낙연 발라버려라,0.16,0.1,99.74,긍정
자한당을심판합시다,0.15,3.42,96.43,긍정
자한당이 빌더니 바보같은 황교활 ㅋㅋㅋ.. 문대통령 지지율 계속 45% 넘는것도 못믿겠지? 솔직히까고 출마해라..엄한 사람들 그만 잡고.. 그래봐야 황교활싸꺼 빼앗은 거니까..의미도 없지만. 후보 단일화해서 함 해보슈..,0.03,0.07,99.91,긍정
자한당이 추천하여 윤석열이 대통령되면 국민들을 대상으로 먼지털이 생활화가 이루어지겠네~ ㅎㅎ,0.01,0.15,99.83,긍정
자한당이 한짓을 떡같이 따라하는 한심한 더불어민주당인사들 뭐가다르냐 역시 국민들이 움직여야하나보다 횃불들고 나가자,0.0,0.06,99.94,긍정
자한당이나 윤대가리나 와서 얘기하잘때안오고 뒤에서 저g!;:랄,0.0,0.03,99.97,긍정
자한당이든 민주당이든 국개의원 권력욕에 해먹든 놈들만의 리그인데 해당사항도 없는 인간들이 왜그리 말이 많은지 모르겠네. 야당이 여당되고 여당이 야당될터인데 공수처법이 통과된들  이제껏 해먹던 권력충의 비리를 쓸어버리자고 그러는데  왜 일케 반대하는걸까? 미디어의 세뇌교육인가? 권력층의 댓글부대인가?,0.01,0.1,99.89,긍정
자한당이랑 목사 그일당들 답없는거 우리도 아는데 문재인이랑 조국 이찌꺼기들 놔두면 진짜나라망할거같아서 4월에 자한당찍는다..  두고보자 이 역겨운위선자들아^^,0.01,8.16,91.84,긍정
자한당이랑 비슷한 그쪽들은 오직 조국밖에없냐 대체 나라를위해 무엇을할지좀 얘기해바라,0.02,0.13,99.85,긍정
잡룡,23.53,27.72,48.75,긍정
"저는 어느당도  지지하지 않치만, (특히 더민당  해골이 보기싫어서)그럴수 있어요.
이  전  총리님 사랑합니다.
이  전 총리님 존경합니다.",0.02,42.17,57.82,긍정
저런 이낙연 실망스러운 문제인 앞잡이 더럽다,1.25,5.6,93.16,긍정
전라도 대표 이낙연씨 꼼수 부리지 말고 제대로 하세요.,16.34,9.95,73.7,긍정
전라도 민주당의 전형적인 내로남불!,32.71,27.52,39.77,긍정
"전라도 사람들이나 이낙연이 좋아하지 비전라도는 혐오감을 느낀다.
종북좌빨에 전라도에 징글징글하다.",26.21,23.17,50.62,긍정
"전라도 사람들이나 이낙연이 좋아하지 비전라도는 혐오감을 느낀다.
종북좌빨에 전라도에 징글징글하다.",22.95,23.38,53.67,긍정
"전총리는 선거운동 이전에 졸로구민에게 현정치가 크게 잘못하고 있음을 먼저 밝힌후에 정치 소신을 밝혀야 될것이다
부정부패가 판치는 현정부를 어떻게 세탁할것이고 북한에 매달리지않는다는 서약이 있어야 될것이다
끝까지 조국을 등에없고 시녀노릇을 하겠다면 꽝일것이다
스스로 정치소신을 밝혀주시길 기다린다",3.18,23.19,73.63,긍정
"젊은 나도..
매번 어리둥절할때 많습니다.
이낙연님 응원합니다!",0.08,4.14,95.78,긍정
"정권바뀌고 나면 이낙연, 임종석, 문재인등등 그외 모든 주사파것들, 북한의 어떤 도움이 있어서 문둥이가 당선이 되었는지 샅샅이 낱낱이 만천하에 들어내야 한다.",5.09,4.96,89.95,긍정
정권심판론이 먹히면 아무리 이낙연이라도 필패할것,0.05,8.75,91.2,긍정
정권심판론이 먹히면 아무리 이낙연이라도 필패할것,0.04,9.22,90.74,긍정
정세균 밀어내기 였네ㅜ,22.28,37.81,39.91,긍정
정으니한테 러브콜 하기전에는 민주당 필패다,35.47,26.38,38.15,긍정
정치검사  맞네,4.41,30.0,65.59,긍정
정치인중 이낙연전총리가 제일안정감이있고 대통령감으로 충분해보인다 황교안이는좀그렇고 안철수는 사이비로보이고 .,0.05,37.45,62.5,긍정
제 20대 대통령 이낙연! 제 21대 대통령 추미애!,0.14,31.53,68.33,긍정
제발 종로에서 둘이 붙었으면 좋겠다 진심이다,7.24,41.98,50.78,긍정
제일 중요한 PK에서 한국당이 이기고 있으니 황교안 말고 다른사람이 나와야 이낙연 이긴다,0.01,48.82,51.18,긍정
"조국은 무죄~~
문재인 대통령님 사랑합니다",0.5,6.37,93.13,긍정
조선인민민주주의 공화국 더불어 민주당을 심판해야 나라가 바로 선다.,0.07,31.45,68.47,긍정
조선일보=노동신문,14.51,37.63,47.86,긍정
종로 문재인 지지율 5 %,0.4,47.73,51.87,긍정
"종로 사시는 분들 계신가요?
우리 총리님 잘 부탁드립니다 ^^",27.45,32.83,39.72,긍정
"종로가 자한당 험지인가?

포스터만 걸어도  이낙연님 승리여",0.02,12.43,87.55,긍정
종로구 시민들의 수준을 볼수있겠군요^^ 문재인정부와 뜻을 함께한사람이리,3.08,21.22,75.7,긍정
"종로구민분들, 우리 이낙연님 잘 부탁드려요. 새해 복 많이 받으세요.",22.19,17.0,60.81,긍정
종로로 이사가고 싶네.....  이낙연 전 총리님 화이팅 하시기 바랍니다!!!!!,0.03,4.49,95.47,긍정
종로안간다에 내 손 모가지건다,44.71,0.55,54.74,긍정
종로에는  돈과 권력  문화가 흐른다. 여기서 승리하면 승승장구 패할경우 밑바닥으로 내려간다.  박진 오세훈은 패해서 야인으로 돌아갔다.  승리한 노무현  이명박은 대통령이 됐고  정세균은 국회의장에 이어  총리로  임명되기 직전이다.  도박도 이런 도박이 없다. 이낙연 황교안 과연 운명은???,6.66,20.29,73.05,긍정
"종로에서 이낙연 찍는 사람도 있냐
그가 문죄앙에  얼마나 부역했는데
종로 유권자는 명예를 지켜라
경제망치고, 안보망치고, 나라망치고
모든 것 다 망처놨다.
대한민국은 지켜야지~~",1.37,33.86,64.78,긍정
"종북좌빨성향과 자유민주주의 세력대결이다.
황교안이 선봉이돼서 종북좌파빨갱이들 몰아내자.
황교안화이팅!",6.12,20.83,73.05,긍정
"종신총리로 모시고 싶으나

차기 대통령이시라...

항상 응원합니다. ^^",0.02,9.77,90.21,긍정
좌빨이들 맨날 틀딱 거리더니         진짜 틀딱은 이해찬 이낙연 더불어 틀딱 당이었군          문d도 올해68세면 틀딱이고.,0.0,46.62,53.38,긍정
좌파 이낙연 ... 사회주의자 .. 아웃  좌파 아웃,31.75,20.84,47.41,긍정
주댕질에 또 속냐? 이미지 정치인말고~ 일 잘하는 전문가가 대통령 되어야지~ 이낙연 풉~~,0.1,4.18,95.72,긍정
줏대없는 이낙연이 32% 란다. 대권잡으면 나랏꼴 볼만하것다.,0.19,32.98,66.83,긍정
중도층이지만 이낙연 아웃 왜냐면  이것도아닌 저것도 아닌 여우상은 존재  즉. 이삼 대통령 되면 문제입니다 더 무서운 인간이다. 반대로 황교안 할말 다하고 사는 사람이다 그러니 우선적으로 황교안 찍을거이다,0.02,20.67,79.31,긍정
즌  라   도   대   통  령  ?  NO!!!   우린  대한민국전국민을  보다듬고 아우르는  리더가  필요한걸!  🤫그런척!!!!!!   하는  대통령도  필요  없어요.   즌 라 도 대 표 는  즌 라  도  내 에 서    활동하세요.    총리까지 했으면  대단한거지~~!!!,14.63,13.6,71.77,긍정
즌라도 영광이래ㅠㅠ 민주당것들 다 싫어지는구나,4.16,16.28,79.56,긍정
지지합니다 이낙연,0.01,12.88,87.11,긍정
지하철에서 총리님 만나면 좋겠다,1.82,22.69,75.49,긍정
지하철이용도 못하는 놈이 총리했으니 이게 나라냐?,23.27,21.02,55.71,긍정
진교수님  응원합니다. 사이다 처럼  시원합니다.,25.68,36.99,37.32,긍정
진교수님처럼 바른 말 하는분들이 많이 나와야하는데!!???,8.59,7.37,84.04,긍정
진실을 말해주세요. 총리님. 전국민은 진실을 원합니다. 더 이상  거짓된 변명을 하지마세요.  추해 보일 뿐입니다.,0.8,30.7,68.51,긍정
진중권님 맞는말씀만하십니다 화이팅  입니다!,10.32,12.87,76.81,긍정
진짜 똑바로 투표합시다. 문재인 민주당 족속들 철저히 까부숴야합네다!!!,0.0,39.76,60.24,긍정
진짜 양의탈을쓴 악마들!!!! 총선에서 꼭심판하고 대한민국을 부정부패를 일삼는 자들이 자리잡지 못하게 합시다. 더러운 문재인정권.,17.38,0.19,82.43,긍정
징계대상자는 문재인.추미애 다.,0.23,35.77,63.99,긍정
쫄보  황교안,0.01,16.0,84.0,긍정
"쫄보 황교안은 절대 종로 못간다ㅋ
당선가능한 험지 찾는다고 애쓰던데ㅋㅋㅋ
그렇게 간보지 말고 강남3구나 경북 어디 찍고가셔ㅋㅋ
괜히 떨어지면 대선 나가보지도 못하고 나가리다잉ㅋ",9.89,26.27,63.84,긍정
쫄보 황교안은 종로 안나와?,18.33,31.65,50.02,긍정
쫄보 황교안은 종로 안나와?,4.62,9.18,86.2,긍정
쫄보 황교안이 종로에서 출마하면 내 손모가지 자른다니깐...,10.94,11.6,77.46,긍정
"차기 대선주자 이낙연 밖에 없네
보수쪽 인물이 없다 솔직히",19.4,3.25,77.35,긍정
차기대통령  이낙연 어쩜 이렇게 자상 하실까 ~~~사악한 외넘당 후보와 넘 비교되네~문재인 정권 30년 연장확실,0.04,48.11,51.85,긍정
참으로 이낙연의 참모습을 아는 자가  필요하다. 그는 원로기자들에게 이미 낙인찍힌 기레기이다. 이상석대기자에게 물어보라. 이상석대기자는 현직 서울경제신문사장이다.,0.15,5.64,94.21,긍정
창피하게 황교안을 어떻게 찍냐,26.26,17.36,56.38,긍정
"철수야 국민께 사과하고 시작해라  현재 대한민국 현실을보면 너 책임이크다  원숭이한테 시장양복하고 개판만들고 tv토론   아바타입니까 해서 문씨한테주고 앞으론   목숨걸고 ,책임있는자세로 해라 그래야 국민이 응원한다",19.93,2.64,77.43,긍정
청산유수~!이낙연총리님 언행일치 되는 행보 항상응원합니다~!!!,0.01,6.62,93.37,긍정
총리 한번했다고 당연히 당선 됀다고 착각하면 큰 오산이다 민주당 싫러하는  사람도 만다는걸 아라,0.06,49.01,50.93,긍정
총리님 이화영 결사 반대입니다,0.0,3.81,96.19,긍정
총리님수고하셨읍니다 잘 하고계십니다 핫팅,0.01,1.52,98.47,긍정
"최고가  어떤것인지 행동으로 보여 주시는  분!
미천한 국민으로  사랑합니다,! 미약한 힘이나마 보태고 싶은분  응원합니다.",12.31,24.84,62.85,긍정
추다르크~~화이팅~!!!^^,45.78,4.18,50.03,긍정
"추미애 이성윤 퇴출시켜야한다
이번선 민주당과 문재인의 심판이 될것이다
국민의 분노가 심각하다",0.02,44.46,55.52,긍정
"추미애, 이낙연 OUT!  니들이 대한민국 발전을 위해 뭐 했는데?",9.48,42.27,48.25,긍정
추미애는 문재인의 하수인,1.89,12.41,85.7,긍정
추한뱃살 문산당 복장.  문재인 김정숙 쇼쇼쇼,0.26,46.02,53.72,긍정
"축압승 이낙연 후보닝
완패 교활이",0.07,15.02,84.91,긍정
치킨게임,22.47,30.41,47.12,긍정
"ㅋㅋ 겜이  안되네
서울대와 성대
독재시절 공안검사와 민주기자 출신
대승이 확실해 보인다

이낙연 차기 대통령 홧팅",20.69,21.46,57.84,긍정
ㅋㅋㅋ 맞는말 문재인은 피해야 바이러스 안걸린다,16.37,18.4,65.24,긍정
"캬 깜도 안되는걸

이전총리하고 비교하네.

퉤",0.28,16.99,82.73,긍정
코로나바이러스가 터지자 국가의 위기상황에 잘 대처하던 이낙연총리가 더 그리워졌다.,0.03,3.12,96.85,긍정
토착 공산당 더불어민주당을 심판해야 한다.,0.02,4.53,95.46,긍정
토착왜구 낙베총리 이노옴,0.57,30.56,68.86,긍정
통쾌하다,38.09,13.29,48.62,긍정
투톱은 아님 ~~ 이낙연 전 총리만 원톱으로 ~~~,0.05,45.39,54.55,긍정
트럼프현상 일어난다니까 대통령 허경영이된다고 이낙연 황교안 아무리 떠들어봐야 뚜껑열어보면 다른 사람이 나온다고 내가 대통령되면 무슨산업을 육성하고 4차산업시대에 기업에 지원해서 일자리를 만들고 어느지역 개발하고 건물짓고 다리놓고 이게 지금 통할거라고 보나 그럴 예산이 어딨나요? 국민세금 쓸거죠?네...기업 국민들이 낸 세금 국민들에게 주면 안되나요? 황당하네요 그럴 예산이어딨습니까? 현실적으로 실현불가능합니다 그럼 건물짓고 대기업에 퍼줄예산은 있구요?네 그럴 예산은있습니다 국민한테 줄 예산은 없습니다 날 뽑아주십시요 희망 긍정 혁신,0.17,45.63,54.21,긍정
특전사출신 문재인정권을 보면 군대가 무슨의미지? ㅋㅋ,21.54,7.2,71.26,긍정
ㅍㅎㅎㅎ,21.32,27.81,50.87,긍정
"ㅎㅎㅎ!!!
교활흔넘 쫄았어!!!
종로는 아제 이낙연꺼네~~~
지지합니다",1.37,38.75,59.88,긍정
"ㅎㅎㅎ!!!
교활흔넘 쫄았어!!!
종로는 아제 이낙연꺼네~~~
지지합니다",0.64,26.32,73.04,긍정
한심한 이낙연 쑈!!!,1.47,15.81,82.72,긍정
"해찬이형 이참에 모든거 다 버리구 
이낙연 전 총리님한티 다 줘버리자구요
그래야 민주당이 삻어요 당신이 중간에 
끼어있으믄 최소 10석은 나가떨어집니ㅏ",0.04,49.25,50.71,긍정
허경영은 황교안.안철수 이하는 좀 우습게 안다. 이낙연 담으로 허경영을 지지한다. 좀  제대로 알아라 ~,26.29,30.8,42.91,긍정
"허수아비였던 이낙연이 뭘할수 있을까?
무조건적인 지지가  돋보이네",0.76,45.83,53.41,긍정
홍어찌린내,35.82,24.22,39.95,긍정
홍정욱이 종로나와서 이낙연 처바른다 봐라 ㅋㅋ,17.41,20.5,62.09,긍정
"황교안
겁먹지 말고 종로에 나가라
나가서
내로남불 위선자들 
반민주  반헌법적 정권을 심판해라!",0.11,2.29,97.59,긍정
"황교안
정정당당히 겨뤄봅니다!",0.52,9.5,89.98,긍정
"황교안
화이팅
나도종로로주소옮김니다",0.25,35.34,64.4,긍정
황교안    이낙연  하고  싸워도   국민들이  도와줄거고  여러소리  하지말고  함번 붙어봐요,0.0,21.39,78.61,긍정
황교안   나오면 지는거알면서  나올까요  나와도 안나와도  총선전까지가   맏은임무다   무슨명분으로  당 을살릴수  있을까요,0.25,3.17,96.58,긍정
황교안   나오면 지는거알면서  나올까요  나와도 안나와도  총선전까지가   맏은임무다   무슨명분으로  당 을살릴수  있을까요,0.31,3.03,96.67,긍정
황교안   참패 ㅂㄸ,0.02,16.48,83.5,긍정
황교안  ♪♩이였어?,0.01,4.04,95.94,긍정
황교안  그렇게 욕하면서 자신들은 더욱 못함 총리 출신은 대통 안된다 변호사도 군인도 더이상 안된다,0.13,1.73,98.14,긍정
"황교안  니가 당 대표면 종로에 출마해라.
남들한테 험지 출마하라고 강요하지 말고 너부터 솔선수범 해라",0.16,0.7,99.14,긍정
"황교안  단식   또 ~~  해야것다~~ 조,중,동이   ~   버렸군",0.26,1.34,98.4,긍정
황교안  종로로 나와 정정당당하게  국민의 심판을 받아라. 내 생각에는  절대로 종로에 안나올것 같아서ᆢ,0.07,0.45,99.48,긍정
"황교안  종로불출마에한표
나와봤자  참패
자한당도참패
당대표내놔야되거든",0.1,1.29,98.6,긍정
황교안  종로출마 못한다. 쫄아서 아마도 비례로 나갈듯 하다.,0.09,0.57,99.34,긍정
황교안  좌국우밥 이랑 같네 ㅎㅎㅎ,0.03,6.9,93.07,긍정
"황교안  쫄아서  안나온다.
태극기 할배들  한테나  큰소리 치지
밖에 나오면  누가 먹어주나",0.09,1.27,98.64,긍정
"황교안  하고 이낙연 

수준이 아닌다    급  아니다

이낙연 하고 해서 당선되도  쪽팔려 

미래한국당  선거 지원 유세하고 

비래 나오는게 낫다",0.0,2.35,97.65,긍정
"황교안  하고 이낙연 

수준이 아닌다    급  아니다

이낙연 하고 해서 당선되도  쪽팔려 

미래한국당  선거 지원 유세하고 

비래 나오는게 낫다",0.0,2.4,97.6,긍정
황교안 : 나 지금 떨고있냐??  백퍼 종로는 안나오겠네 ㅋㅋㅋㅋ,0.11,1.01,98.87,긍정
"황교안 ...,,ㅉㅉ",0.0,10.9,89.1,긍정
황교안 17퍼센트가 대단하다ㅋㅋ,0.02,16.49,83.49,긍정
황교안 3위로 추락,0.2,29.73,70.07,긍정
황교안 가즈아 제발!!!,0.04,0.26,99.71,긍정
"황교안 같은 것을 지지한다는 데일리안의 꼼수인가??
아님 말도 안되는 연론조사인가?? 
아님 개돼지들 소굴로 전화해서 얻어낸 지지율인가??
당최 이해 할 수가 없군..뉴라이트신문 데일리안!!!",0.04,0.31,99.65,긍정
황교안 거기나가면 말라삐틀어진 황육포될끼다..ㅋㅋㅋㅋㅋ,0.78,2.17,97.05,긍정
황교안 고고.,0.02,33.06,66.92,긍정
황교안 군대 가라.,0.01,8.21,91.78,긍정
"황교안 기사 댓글은 보수유권자보다 빨갱이들 댓글이 더 많노, 빨갱이들 진짜 할 일 없나 보내!",0.11,2.3,97.59,긍정
황교안 꽁무니 빠지게 도망가겠네 ㅋㅋ 황교안은 비례대표 1번이 딱 맞다 ㅋㅋㅋ,0.02,3.02,96.96,긍정
황교안 나가라...!!,0.13,5.44,94.42,긍정
황교안 나가라...!!,0.08,4.97,94.96,긍정
"황교안 나와라 
검증받아봐야지  
여태 날로 먹었는데
칠뜨기 아닌것도 확인해보고 ~~",0.12,0.17,99.71,긍정
황교안 눈치 그만보고 종로 출마 결정해라,0.04,2.43,97.54,긍정
황교안 눈치 그만보고 종로 출마 결정해라,0.03,2.46,97.51,긍정
"황교안 니가 거기서 왜나와
군대도 안간사람이  어떻거 알아
군 통수권자가  된다는거야
안돼지",0.08,1.21,98.71,긍정
황교안 니는 어케하나 두고보자,0.03,1.39,98.57,긍정
황교안 당연히 종로 출마 할거지? 니가 약속 했잖아 가장 험지 출마 하겠다고 하긴 믿을수 없는 사람의 약속이지만 한번 믿어볼게 그리고 지켜볼게 니가 약속 지키나 안지키나,0.07,1.67,98.26,긍정
황교안 대표가 한 발 늦었네요. 황대표가 먼저 종로 출마를 선언했으면 이낙연 낙담하여 못 나왔을텐데.. 황대표 몸값이 있으니 거물급과 붙어야 체면이 설텐데..  광진구에서 이재정과 사생결단을 내는게 어떤가요?,0.32,0.9,98.78,긍정
"황교안 대표님 욕하지 마러 이눔들아!
버러지라도 사람이다ㅋㅋ",0.03,2.37,97.6,긍정
황교안 대표님은 비례대표 1번이 답입니다.,0.26,42.13,57.61,긍정
황교안 대표야 이낙연 전 총리에 비교하면 게임도 않됩니다. 우선은 정치적으로나 인간적으로나 인품으로 봐서도 황교안  대표는 좀 얍샵하게 생기지 않았나요?  사람은 인품에서 내 비치는 인상이 그 사람을 평가합니다. 황교안은 모삭꾼은 될지 몰라도 지도자의 역량은 이낙연 전총리와 비교하는 것이 어불성설입니다.,0.0,0.91,99.09,긍정
황교안 대표야 이낙연 전 총리에 비교하면 게임도 않됩니다. 우선은 정치적으로나 인간적으로나 인품으로 봐서도 황교안  대표는 좀 얍샵하게 생기지 않았나요?  사람은 인품에서 내 비치는 인상이 그 사람을 평가합니다. 황교안은 모삭꾼은 될지 몰라도 지도자의 역량은 이낙연 전총리와 비교하는 것이 어불성설입니다.,0.0,1.24,98.76,긍정
황교안 도망갈듯,0.01,27.86,72.13,긍정
황교안 드루와~드루와~ 쫄보처럼 도망갈래?,0.03,2.93,97.03,긍정
황교안 무서워 도망가지 마라. 비겁해 보이잖은가.,0.0,2.52,97.47,긍정
황교안 뽑은 인간들은 뇌가 있는건가 한게 하나도 없는데 밖에서 뗑깡이나 쓰는게 다구만ㅋ 어차피 자한당 곧 폭망할거니,0.01,2.59,97.4,긍정
황교안 서초로 나와라,0.02,9.98,90.0,긍정
"황교안 수구꼴통보수 친일파잔재들 
개박살내야한다",0.0,0.76,99.24,긍정
"황교안 수구꼴통보수 친일파잔재들 
개박살내야한다",0.0,0.98,99.02,긍정
황교안 시세차익에 대해선 기사한줄 안나오지... ㅋ,0.17,0.58,99.25,긍정
황교안 압사로 읽음.,0.06,1.85,98.09,긍정
황교안 어리둥절 ㅋㅋㅋ 이게 아닌가벼 ㅋㅋㅋ,0.06,1.26,98.68,긍정
황교안 용감하게 종로나와라. 100%개박살난다.ㅋㅋ,0.12,1.37,98.52,긍정
황교안 육포 쏘고 고작 3.6%  하락이라니,0.03,15.61,84.35,긍정
황교안 이  아니라 허경영이 나와야 빅매치가 되지!,0.21,3.02,96.77,긍정
황교안 이  아니라 허경영이 나와야 빅매치가 되지!,0.22,2.59,97.18,긍정
"황교안 이긴다 나가서 전라도대 경상우파다
총청도,경기도 몰빵하면 이긴다",0.15,2.04,97.8,긍정
황교안 재앙이네 하하하하하  하하하하하  히히히히  히히히히,0.03,0.41,99.56,긍정
황교안 저사람은 무슨 로봇같애 표정도 없고 감정도없고 하는짓 보면 사양 딸리는 로봇 ㅋㅋ,0.27,0.69,99.04,긍정
황교안 저사람은 무슨 로봇같애 표정도 없고 감정도없고 하는짓 보면 사양 딸리는 로봇 ㅋㅋ,0.23,1.09,98.68,긍정
황교안 절대 안 나온다고 본다,0.11,0.93,98.97,긍정
황교안 절대 안 나온다고 본다,0.11,0.93,98.97,긍정
"황교안 정말 싫타
그런데 민주당의 행태로
과연 그를 찍어야하나
또 투표를 안하게되겠지
그럼 ~빠들의 세상이 또 오것지
대안 대안 대안을 내놓으시오
꼭 투표할것이니",0.49,6.8,92.71,긍정
황교안 제끼고 윤석렬을 자한당으로~~!!!,0.04,6.24,93.73,긍정
"황교안 종로 나서서 대선 전초전이라고하니
개박살 내주거라   야권보수통합 민심의 엄정함을
보여야한다 윤석열이 그러듯이 황교안 니도 국민을 믿고 종로에  출전해라 문정권의 독주를 반드시표로 응징할것이다",0.21,2.9,96.89,긍정
"황교안 종로 나서서 대선 전초전이라고하니
개박살 내주거라   야권보수통합 민심의 엄정함을
보여야한다 윤석열이 그러듯이 황교안 니도 국민을 믿고 종로에  출전해라 문정권의 독주를 반드시표로 응징할것이다",0.13,4.95,94.91,긍정
"황교안 종로 나와라
육포 걸고 이낙연이랑 한판 붙자!!",0.0,3.1,96.9,긍정
황교안 종로로 와라! 늬네들 집회하는 꼬라지 이 동네 사람들이 어떻게 생각하는지 똑똑히 알려주마  -가회동 주민,0.13,1.32,98.55,긍정
황교안 종로에 출마해서 저력을 보여줘라   황교안  화이링!!!!,0.01,4.52,95.47,긍정
"황교안 종로출마???

민주당에 귀하신분 육포 황교안선생
그만좀 개로피십시요",0.07,1.26,98.68,긍정
"황교안 지지자들 이유나 들어보자.
60평생 살면서 국민한테 한게 뭐지
젊을때 동료들은 민주화 외칠때 
혼자 공부하고 검사되서 동료들 감옥에 쳐 넣은 사람이 민주주의? 독재? 를 지금 운운하는게 정상인가?",0.17,0.79,99.04,긍정
"황교안 지지자들 이유나 들어보자.
60평생 살면서 국민한테 한게 뭐지
젊을때 동료들은 민주화 외칠때 
혼자 공부하고 검사되서 동료들 감옥에 쳐 넣은 사람이 민주주의? 독재? 를 지금 운운하는게 정상인가?",0.12,0.63,99.25,긍정
황교안 지지한다는 ♪♩들은 뭐다냐  ㅋㅋ,0.04,1.46,98.5,긍정
황교안 쪽팔리네 정치검찰 윤석열한테도 밀리고  둘이 합쳐도 이낙연 에게는 깜도 안되네요 ㅎㅎ,0.09,10.81,89.09,긍정
"황교안 쫄보 겁쟁이~~
못나올걸요 절대",0.09,1.72,98.19,긍정
황교안 찌질이가 나오겠어...,0.05,1.25,98.7,긍정
황교안 찌질이가 나오겠어...,0.05,1.25,98.7,긍정
황교안 타지역 출마할때 강남아파트 팔고 전입하는가 지켜볼 것임,0.03,1.29,98.68,긍정
황교안 털릴게 많으니까 무서워서 총선못나옴 비례로 나올려고 꼼수쓰고있음 그래놓고 다른사람한테는 험지나가니 어쩌니 이상한소리나 지껄임 진짜 뻔뻔함,0.05,0.07,99.89,긍정
황교안 ㅎ 여당이 잘해서 승리하는거보다 자한당이 삽질해서 여당 압승할거같다  국회의원들아 일좀해라,0.14,15.72,84.14,긍정
"황교안 ㅡ두드러기 
깜이 안되는 개독새끼",0.09,1.63,98.28,긍정
"황교안, 
당신은 참 교활한 인간이오!
박근혜 국정농단시 당신은 국무총리였고, 또 대통령권한 대행까지도 했소.
그렇다면 거기에 대해 책임을 질 줄 알아야 인간인 것이오. 
허나 어떻게 된 것이 '독재 타도, 민주회복'을 외치며 거리에서 사람들을 선동하고 있소.
적반하장이고, 주객전도의 전형이오. 당신 입에서 독재타도와 민주가 나올 수가 있는 것인지,...
세월호 때는 단서가 될 만한 모든 것들을 아예 꽁꽁 감추기까지 했소!
조금이라도 인간의 양심이 있다면 박근혜와 함께 저지른 죄악에 대해 부끄러워하며 근신하는 것이 도리인 것이거늘!",0.1,3.25,96.65,긍정
"황교안, 윤석열 ~ 누구든지 간에 좌빨을 박멸하고 자유민주주의와 나라의 정의를 바로 세운다면 ~ 차기 대권 대환영이다",0.01,4.12,95.87,긍정
"황교안, 이낙연과 비교 자체가 수치다. 걍 찌그러져라.",0.0,9.88,90.12,긍정
"황교안, 종로 피하는 순간 비겁해지는 꼴. 누구 맘대로 종로에 출마하라마라 강요야. 니들이 의도해 놓은 구도대로 해야하는 이유는??",1.5,1.38,97.12,긍정
황교안? 풉,0.04,8.2,91.76,긍정
황교안? 풉,0.02,19.85,80.13,긍정
"황교안.
여니가 무섭고 낙선의 불안으로  종로에 출마하지 않는다 에 전재산 건다.",0.19,1.18,98.63,긍정
황교안0.2% 아닌가요?,0.08,1.72,98.19,긍정
황교안과 맞 붙으면  필패이니  도망가야겟지 ?   비겁한 인간이다.  기회주의자이다.,0.03,0.39,99.58,긍정
"황교안과 이낙연 비교도 하지마라
자존심 상한다
인물로 보나 능력으로 보나 황교안이 백배 낫다
낙연이는 홍어들이나 좋아하지 누가 좋아하나?",0.01,10.92,89.07,긍정
"황교안과 이낙연 비교하지 마라
기분 나쁘다
인물로 보나 능력으로 보나 황교안이 압승한다
낙연이는 라도 잡것들이나 좋아하지 누가 좋아하나?",0.0,1.65,98.35,긍정
"황교안꾀많은이가  종로에출마해서  망신스러운일자초하겠나?
텃밭강남으로  출마하겠지",0.17,4.77,95.06,긍정
"황교안꾀많은이가  종로에출마해서  망신스러운일자초하겠나?
텃밭강남으로  출마하겠지",0.44,3.51,96.04,긍정
황교안나옴 진다 윤석열을 후보로내야 이긴다 무조건 당선이다,0.03,2.85,97.11,긍정
황교안놈아 왜 자유한국당사람은  전두환 이명박 박근혜를도와주었냐 5.18일 알고있구나 오래 침묵했어 당장 수사해라 사퇴해라 나경원 황교안 이승만 홍준표 장제원 유승민 자녀혜택하고있어 특혜많아 당장 수사해라 빨리수사해라 빨리수사해라,0.43,1.13,98.44,긍정
황교안놈아 왜 자유한국당사람은  전두환 이명박 박근혜를도와주었냐 5.18일 알고있구나 오래 침묵했어 당장 수사해라 사퇴해라 나경원 황교안 이승만 홍준표 장제원 유승민 자녀혜택하고있어 특혜많아 당장 수사해라 빨리수사해라 빨리수사해라,0.64,1.55,97.81,긍정
"황교안대표 

우리민족끼리 종복세력 이낙연을 누르고

압승기원~",0.05,3.96,95.99,긍정
황교안대표  당당히  종로에  나가세요  지금이낙연  옛날국민들이  밀어줄것같아도 이번검찰개혁 대할때 추여자랑 전화질로  하는모습 보고는   아니다는 판단이 많이달라졌어요 그리고  황교안대표님도   그다지  영웅이  아니지만  적어도  국방 만은  튼튼해질거라는  안보만이라도  맡길수 있다는것  하나입니다  자만하지마시고  진심으로  뭐가  종로사람들을  위하는지 아시고  대항해도  이길수있어요  지금언론에서   못나올거라   피한다  이런말듣지마시고 당당히  그리고 신사답게 상대방  비악하지마시고 미래개혁만 말해도,0.41,1.65,97.94,긍정
황교안대표  당당히  종로에  나가세요  지금이낙연  옛날국민들이  밀어줄것같아도 이번검찰개혁 대할때 추여자랑 전화질로  하는모습 보고는   아니다는 판단이 많이달라졌어요 그리고  황교안대표님도   그다지  영웅이  아니지만  적어도  국방 만은  튼튼해질거라는  안보만이라도  맡길수 있다는것  하나입니다  자만하지마시고  진심으로  뭐가  종로사람들을  위하는지 아시고  대항해도  이길수있어요  지금언론에서   못나올거라   피한다  이런말듣지마시고 당당히  그리고 신사답게 상대방  비악하지마시고 미래개혁만 말해도,0.44,1.63,97.93,긍정
황교안대표  좀  귀를기울여줘요ㆍ종로어떠냐구요,0.07,0.79,99.14,긍정
황교안대표  종로로  출마하면 정치인생 끝났어요  절대로  출마 하지마세요   반대파들이 부추겨 종로로 출마하게 만든네요 종로에서 떨어지면 모든것 정치인생 끝남니다 이용당하지 마세요,0.39,1.08,98.53,긍정
황교안대표  종로로  출마하면 정치인생 끝났어요  절대로  출마 하지마세요   반대파들이 부추겨 종로로 출마하게 만든네요 종로에서 떨어지면 모든것 정치인생 끝남니다 이용당하지 마세요,0.43,1.21,98.35,긍정
황교안대표가나오든말든 정치일번지라고 날을세워그러더만 본인이 알아서해야지왜남을이럭쿵저럭쿵합니까요 자기걱정이나하세요 남이싸전붓대로뚜깔로불던피리를불던지..,0.08,4.08,95.84,긍정
"황교안대표님
종로 춞마하셔서 검증 하셔야죠
그래야 진정한 대표자격이 있는겁니다
국회의원도 못해본 사람이 당대포가 가당키나 합니까
두드러기 군면제도 별문제가 아니라는 희망도 심어주시고요",0.4,2.15,97.45,긍정
황교안대표님   압승합니다  세상민심이  황교안대표님 쪽으로 기울어짐  공산국가 막을분은  오직황교안이라고  ?? 댓글보면   누구생각나서 댓글은 절대로 믿지않는다,0.25,3.27,96.48,긍정
"황교안대표님 종로 출마하신다고 했나요?
언론 그만 좀  보도하시죠.
황교안대표님 종로 출마한다는 말 없는데
참 어이가 없다.",0.07,0.83,99.1,긍정
"황교안대표님 종로 출마하신다고 했나요?
언론 그만 좀  보도하시죠.
황교안대표님 종로 출마한다는 말 없는데
참 어이가 없다.",0.07,0.77,99.17,긍정
황교안대표님. 종로에 출마해서 한번 붙어보시죠. 자신있는것 같은데...,0.21,1.14,98.65,긍정
"황교안대표님은 종로에 출마해서는 안됩니다.
정치1번지, 빅매치,대선전초전으로  몰아부치는 쓰래기 같은 공영방송들 얘기듣고 종로 출마를 해서는 안됩니다.
저들의 계략에 절대 속아선 안됩니다.
대선과 일개 국회의원은 차원이 다릅니다.
차기 대선주자는 몸을 아끼고 마음을 추스리고 총선을 진두지휘해서 대승해야합니다.",0.25,1.01,98.74,긍정
"황교안대표님은 종로에 출마해서는 안됩니다.
정치1번지, 빅매치,대선전초전으로  몰아부치는 쓰래기 같은 공영방송들 얘기듣고 종로 출마를 해서는 안됩니다.
저들의 계략에 절대 속아선 안됩니다.
대선과 일개 국회의원은 차원이 다릅니다.
차기 대선주자는 몸을 아끼고 마음을 추스리고 총선을 진두지휘해서 대승해야합니다.",0.34,1.08,98.58,긍정
"황교안대표처럼 목소리 좋고, 생각없는 분은 지지율이 좀더 올라서 다음 대선에 반드시 2등을 해야한다고 봅니다.",0.14,1.38,98.48,긍정
황교안도 4월이면 정치 생명 끝나네 ㅉㅉ,0.02,1.7,98.28,긍정
황교안도 깜은 아니지만 니들 한짓을보면 황교안한테 이기지 못할거다,0.07,1.87,98.06,긍정
"황교안도 다른 지역에서 출마하려면
아파트 팔고 가라.",0.03,0.74,99.23,긍정
"황교안도 마음에 안들지만
꼴같지 않은 라도 이것도 정말 마음에 안들어
두놈 다 한강물에 처넣고 싶다!",0.05,1.68,98.27,긍정
황교안도 반포 살고 상당수 자한당 의원들 강남쪽에 살거나 라파트 소유하소 있으면서 이낙연이 반포 아파트 안판다고 비난..  묻지마 비난과 발목 잡기의 명수들 답다.,0.04,2.12,97.84,긍정
황교안도 빨리 종로출마 선언하고 와이프부터 종로구 훝고 인사하고 다니면서 망해가는 보수 살려달라고 읍소하면 충분히 이길 수 있는데 지금 밍기적 대는 행태 때문에 점점 어려워지니 안타깝다. 경희궁자이 중산층 표는 황교안이 발에 피나게 뛰어서 잡아야 하는데 어이구 ㅉㅉ 벌써 이낙연이 거기 전세계약 했다하고. 황교안 참모들이 개무능한 것같아. 왤케 타이밍을 놓차는거지 ??,0.12,2.62,97.25,긍정
황교안도 싫지만.. 이낙연이 되면.. 나라 망하라고 고사 지내고 있는 거지.. 저런 민주당 운동권 출신.. 다시는 대한민국 땅에서 정치인으로 보고 싶지 않네요. 아주 무능하고 꼴통들이라서 아주 지긋지긋 하네요. 일이라도 잘 하던지. 역대 최고로 이상한 것들인 듯.,0.02,1.55,98.42,긍정
"황교안바보냐?
왜간신 유승민놈한테 매달리지?
유승민이 표가있냐?지나가는 개도
유승민놈 욕하는데 왜매달리는거지?
유승민당원놈들 당선될놈 1도없다
유승민.홍준표.안철수.김무성놈들은
횜교안등에 칼꽂을놈들아닌가?
짤라버려유제발.아멘",0.19,0.99,98.82,긍정
황교안씨 당신은 보수의 심장을 가진 이들에게 이미 지워졌소. 연약한 당신에게 우리의 미래를 걸기 두렵소. 이젠  안녕,0.14,0.94,98.92,긍정
"황교안씨는
저런 늙고 부패한 좌파 민주주의의 
기생충은 상대하지 마시오.
저런 기생충은 김태우 전수사관을
대적 시켜서 조지도록 하시오.",0.09,0.75,99.16,긍정
황교안씨는 윤석열 총장한테도 밀리고 그러고서 차기 대선후보로 나올건지 궁금하네???,0.14,1.6,98.26,긍정
"황교안아 종로로가라!!!
그렇게 당당흐게 굴던 인간이 시골 구석에가면 되것냐  !!!  종로는 교인들이 많아서 너를 하나님으로 받들것 아니냐!!!! 거기도 장악 못하면 아주 꽁지접고 쥐구멍이나 찿아라 😃😃😃",0.67,1.8,97.53,긍정
"황교안아 종로로가라!!!
그렇게 당당흐게 굴던 인간이 시골 구석에가면 되것냐  !!!  종로는 교인들이 많아서 너를 하나님으로 받들것 아니냐!!!! 거기도 장악 못하면 아주 꽁지접고 쥐구멍이나 찿아라 😃😃😃",0.7,2.16,97.14,긍정
황교안으론 안돼 홍카도 안돼 아 답답허다,0.07,2.15,97.79,긍정
황교안은  애국자다   나라를  살리기위해  이  험한  정치판으로  나온것   욕심도 없다  민주당이   망친나라   바로세우기   위해  나오시것이다   하나님의  명을  받고,0.16,2.69,97.15,긍정
황교안은 겸손하게 서울 험지에 출마하겠다고 말했는데 이낙연은 종로를 우습게 보네?ㅡㅡ,0.18,1.3,98.52,긍정
황교안은 그 북풍한설 휘몰아치는 한겨울 머리도깍고 단식도하고 데모도하고 병원에 실려가기도하고 그랬는데 9%고 이낙연은 도대체 뭐했다고 24%씩이나 나오노? 이기 나라가!!!,0.22,0.47,99.31,긍정
"황교안은 길이 없다. 종로 나오면 그대로 낙선돼서 끝장, 비례 등으로 피해서 당선돼도 그 길로 당 내에서 레임덕 맞이한다.",0.38,2.42,97.2,긍정
"황교안은 길이 없다. 종로 나오면 그대로 낙선돼서 끝장, 비례 등으로 피해서 당선돼도 그 길로 당 내에서 레임덕 맞이한다.",0.37,2.9,96.73,긍정
황교안은 김문수 보다 더 못 한 찌질이다,0.0,0.67,99.32,긍정
"황교안은 끈기가 없다 
작년에 나라를 살리기위해 금식투쟁을 하다가 배가고파서  영양제 를 마시고 10일을 못넘기고 도중하차를 했고 
이번에도 국무총리를 부결시키는것에도 실패하고 말로만  국민들을 잘살기위해노력하겠다고 하는데  그말도 믿을수가 없다 
빤스목사가 판을  쳐도 가만히 보고 있으면서 무슨 국민을 잘살기위해서 귀성객들앞에서 호둘갑인가?
종로에서도 여론이 약해지면 선거전에 꼬리를 내릴지모른다",0.52,0.85,98.63,긍정
"황교안은 끝까지 버터보고 여론 조사 후 불리하다고 생각' 비례대표 5번쯤 뭐 그럴 개연성 충분히다
아니면 서울 만만한곳 찾아서 출마' 암튼 황교안 대표 생명 50 여일 남았다",0.19,3.37,96.44,긍정
"황교안은 끝까지 버터보고 여론 조사 후 불리하다고 생각' 비례대표 5번쯤 뭐 그럴 개연성 충분히다
아니면 서울 만만한곳 찾아서 출마' 암튼 황교안 대표 생명 50 여일 남았다",0.19,4.02,95.8,긍정
황교안은 당선 가능한 험지로 간다며? ㅋㅋ,0.1,0.9,99.0,긍정
황교안은 당의 결정에 따르겠다 라는 애매한 말로 발을 빼고 있는 중. 현재로선 종로에 출마 안 할 확률이 약 80% 정도가 아닐끼?,0.56,1.81,97.63,긍정
황교안은 당의 결정에 따르겠다 라는 애매한 말로 발을 빼고 있는 중. 현재로선 종로에 출마 안 할 확률이 약 80% 정도가 아닐끼?,0.51,1.79,97.7,긍정
황교안은 대표직내려놓고 비대위꾸려 통합해라 흡수할생각하지말고 자유한국당으로나오면 백프로 떨어진다 황교안,0.0,29.13,70.87,긍정
"황교안은 두리뭉실하게 우물주물하지말라.

간이 벼룩같아서 종로출마하겠나?

이래가지고 뭐 대선?

교회에 가서 설교나 들으세요.

대통령은 하고 싶고, 능력은 안되고, 꽃가마 태워주기 바라고 있는지?

에라이 ....",0.58,1.0,98.42,긍정
황교안은 버리자 이낙연한테 쫄아서 종로출마도 못하고 전광훈 김문수한테도 버려진거 같더라 거기다 보수 통합한다고 떠들고입만털고 머하나 보여준게 없다 윤석열로 통합해서 밀고나가야 보수정권 재창출이 가능해진다,0.16,1.73,98.11,긍정
황교안은 서초구 잠원동 신반포 4차 주민. 부동산 대박의 주인공.,0.08,0.92,99.0,긍정
황교안은 쇼의 달인.,0.44,4.17,95.39,긍정
황교안은 아니지ᆢ  에이~~~,0.02,0.93,99.06,긍정
"황교안은 안 나가지. 
왜.! 
나가봐야 떨어질게 뻔한데.",0.02,0.18,99.8,긍정
황교안은 육포만 쩝쩝 ㅋ,0.13,2.27,97.6,긍정
황교안은 이핑계 저핑계 대면서 결국은 도망갈것,0.05,1.72,98.24,긍정
황교안은 이핑계 저핑계 대면서 결국은 도망갈것,0.06,1.46,98.48,긍정
"황교안은 이핑계 저핑계 대면서 결국은 도망갈것
이총리가 세종시추마 얘기가 나오니까 호기로 종로출마 얘기가 나왔고
지금은 36계 줄랑행치기 바쁨  이핑계 저핑계 대면서",0.14,2.27,97.59,긍정
"황교안은 이핑계 저핑계 대면서 결국은 도망갈것
이총리가 세종시추마 얘기가 나오니까 호기로 종로출마 얘기가 나왔고
지금은 36계 줄랑행치기 바쁨  이핑계 저핑계 대면서",0.18,2.0,97.82,긍정
"황교안은 인간성 자체가 찌질한 놈이라
절대 종로에 못나옴~

어떠한 핑계를 대서라도 피하려고 할 것임

황교안이 종로 출마하면 내손에 장 지짐~

자한빤쓰당 지지자들.. 이번에 황교안이
얼마나 기회주의적이며 비겁하고 찌질한
놈인지 보면 알것임~",0.08,0.35,99.57,긍정
황교안은 절대 종로출마 안한다 떨어질확률 100% 인데 나오겠나 반려견이 작고했디ㅡ는 무식한인간,0.09,0.73,99.18,긍정
황교안은 정신을 차려야한다,0.08,2.7,97.22,긍정
황교안은 정체성이 의심스럽다.  유승민 같은 사람과 통합하겠다고 하고 사기탄핵파들 졸개인듯,0.28,3.89,95.82,긍정
황교안은 정치 1번지에 출마한다. 신 정치 1번지 강남에 출마한다. 현재 신 정치 1번지 강남 국회의원이 민주당 소속 국회의원이다. 구 정치 1번지보다는 신 정치 1번지 강남 출마가 당연하다. 또는 충청도민 한국당 지지를 위해서 민주당 장애인 비하 대표 지역구인 세종시 출마도 나오고 있다. 충청도 한국당 지지를 가져올것인가 지켜볼만하다. 선대위원장 역시 거른되고 있다.,0.36,3.89,95.74,긍정
황교안은 종로 못나와~ 걘 배짱이 없어 배짱이..,0.03,1.1,98.87,긍정
황교안은 종로를 피할거다,0.21,13.21,86.58,긍정
황교안은 종로를 피할거다,0.16,16.79,83.06,긍정
"황교안은 종로에 출마해서   제 1야당의 수장으로  이낙연과 멋진 한판 승부를 해서 우파들의 결집에  불씨가 되기를 바랍니다ㆍ  
이번 선거가  문정권 심판이니   제대로  한번 붙어 보세요",0.14,1.04,98.82,긍정
"황교안은 찐따, 카리스마제로 존제감제로 지독력제로. 윤석열은 상남자, 카리스마 짱, 지도력 후덜덜, 존제감 후덜덜.",0.2,1.21,98.59,긍정
"황교안은 차차대권까지
살아 남아야 되는구나. ㅋㅋ",0.1,2.77,97.12,긍정
황교안은 태극기 부대와 전광훈을 버려야  가능성이 생길 듯,0.15,1.3,98.55,긍정
"황교안은 피하지 말고 이낙연과 싸워라...
치사하게 대구 경북에 나오는건 아니겠지...",0.21,1.42,98.37,긍정
"황교안을 대권후보로 지지하는 사람들 정말 
.....
제1의 순실이 사태가 나와서
나라가 
개판이 돼봐야....
이해불가....
정치를 알지도 못하는
돈에 휘들리는 교안이를
대통령으로????

집에서 가장노릇이나
제대로 하지~~",0.09,9.63,90.28,긍정
황교안을 지지하다니....제정신임??? 차라리 빤스목사 전광훈을 지지해라~~!!!!,0.15,37.47,62.38,긍정
황교안의  압승이 예상됨.,0.1,7.14,92.76,긍정
황교안의  압승이 예상됨.,0.07,9.31,90.61,긍정
황교안의  추락은  날개가  없다,0.07,3.1,96.83,긍정
황교안의 공안 검사에 의전 국무총리로 공정한건 그닥 좋아하지 않는다.,0.09,0.71,99.19,긍정
"황교안이
종로 나오나봅니다
기자님이 레이다가
역시 높네요
황교안이가 험지 나온다 하여
험지중의 험지중 종로에
나온다 알게되어 황교안
믿음가네요
기자님 귀한정보 고마워요
종로주자 황교안 만세.",0.0,18.9,81.1,긍정
황교안이  받을까요?,0.04,2.1,97.86,긍정
황교안이  받을까요?,0.04,2.1,97.86,긍정
황교안이 2등인게 신기하다.,0.1,28.98,70.91,긍정
황교안이 게임도안된다,0.04,2.2,97.76,긍정
황교안이 게임도안된다,0.04,2.8,97.15,긍정
황교안이 골리앗! 그거 말 되네. 실력도 없으면서 이름만 날리다 돌맹이 하나 맞고 즉사하고 그 이름 대대손손 남긴 인물.,0.02,0.47,99.51,긍정
황교안이 그렇게   배짱도 없이  약해 빠져가지고 무슨 정치를  할건데?  종로 출마는커녕  지역구보다 비례로 갈생각이군 ㅎㅎ,0.12,0.59,99.29,긍정
"황교안이 꼬리 내렸다니까~~
♬♩이 당의 유불리를 따져서 출마 한다자너.
밥 그릇이 종재기 만한 황씨가
출마 할 배짱이 있다면 나 이사해서 황교안 찍는다니까.
절대 있을수도 없는 시나리오다.
만약 황씨가 우위였다면 문정부 심판한다고 벌써 출마한다고
개 ♪♪을 했거든.",0.05,0.4,99.55,긍정
"황교안이 꼬리 내렸다니까~~
♬♩이 당의 유불리를 따져서 출마 한다자너.
밥 그릇이 종재기 만한 황씨가
출마 할 배짱이 있다면 나 이사해서 황교안 찍는다니까.
절대 있을수도 없는 시나리오다.
만약 황씨가 우위였다면 문정부 심판한다고 벌써 출마한다고
개 ♪♪을 했거든.",0.06,0.36,99.58,긍정
"황교안이 나가면 무조건 이긴다
저들의 지지율은 허상이다
두고봐라
죄파들의 어 리 석음이 얼마나빅굴한지를~~",0.07,0.62,99.31,긍정
"황교안이 나가면 무조건 이긴다
저들의 지지율은 허상이다
두고봐라
죄파들의 어 리 석음이 얼마나빅굴한지를~~",0.07,0.79,99.14,긍정
황교안이 나올때까지 모른다 ㅋㅋㅋㅋㅋ 내가 볼때는 무조건 비례대표로 한자리 꺼억하고 끝이야 ㅋㅋ 지금이야 말은 할수있겠지 ㅋㅋ 지역구로 확실히 나올때까지는 절대 모름 ㅋㅋㅋ,0.19,1.25,98.55,긍정
황교안이 대통령감이 되냐? 대통령대행 자리 올랐다고 신나서 청와대시계에 자기 이름박은 거 보면 황씨 그릇 싸이즈 딱 나오지. 보수는 대통령감이 없어. '인물'이 없다고. 그니까 설문조사 이렇게 나오지. 설문조사가 구라라고? ㅋㅋ 현실감각 없는 너네들 덕에 또 진보가 선거 승리하것쏘 ㅋㅋ,0.04,1.57,98.39,긍정
"황교안이 도망 간다 
장담 한다",0.03,4.39,95.58,긍정
황교안이 무능력이라는것은 조국사태에도 불구하고 지지율이 전혀 오르지 않는것으로 입증됬다. 황교안은 대표에서 물러나고 보수대통합 해야한다 당신이 대표로 계속 있으면서 통합하자고 하는것은 안하겠다는 애기와 똑같다. 통합못하고 총선까지 말아먹으면 당신은 물러나는게 아니라 목숨을 걸어야  한다,0.12,0.99,98.89,긍정
"황교안이 보면 걍 , 뚝빼기를...",0.17,2.22,97.61,긍정
황교안이 본명이었어요????  지금까지 황교활이 본명인줄 알고 있었네,0.49,10.53,88.98,긍정
"황교안이 분발해야 겠구나.
만회 하려면 앞으로 불교계에 한우세트 보내고, 개신교계에 빤쓰 보내고, 태극기부대에 피임약 보내고, 엄마부대에 생리대 많이 보내야 겠다.  
자한당은 할 수 있다.... ㅋㅋ",0.16,0.81,99.03,긍정
황교안이 붙을 베짱이 있을까??,0.14,3.15,96.71,긍정
황교안이 붙을 베짱이 있을까??,0.19,3.92,95.89,긍정
황교안이 아무리 싫어도 이낙연은 안찍어,0.0,1.74,98.26,긍정
"황교안이 압승한다
인물로 보나 능력으로 보나 황교안이 월등하다

이낙연의 최대 약점은 전라도라는 것!!
문재인 정권이 5.18 등 전라도만 유난히 챙기면서 국민들이 전라도에 반감을 가졌다",0.06,0.89,99.05,긍정
"황교안이 압승한다
인물로 보나 능력으로 보나 황교안이 월등하다

이낙연의 최대 약점은 전라도라는 것!!
문재인 정권이 5.18 등 전라도만 유난히 챙기면서 국민들이 전라도에 반감을 가졌다",0.08,0.98,98.95,긍정
황교안이 압승한다!!! 이낙연 세월호 전남지사 아님?? ㅋㅋ 책임질 인간이 책임도 안지고...저러고 있으니..국민들이 개돼지라고 생각함?? 달창들만 개돼지....,0.05,0.37,99.58,긍정
"황교안이 얼마나 공부  못 했으면 77학번으로 재수해서 성균관대 들어갔을까.
70년대 돈으로 들어가 돈으로 군대 안 가고 돈으로 사법시험 해기때문에 독재정권 앞잡이 했구만",0.16,1.6,98.24,긍정
황교안이 이 기사를 싫어합니다.,0.02,1.18,98.8,긍정
황교안이 이 기사를 싫어합니다.,0.02,1.17,98.82,긍정
황교안이 이기면  지금까지  문재인정권이후 보도한 모든 여론조사회사  불법여론조작으로   인류사상최대의  여론조작사태가 될것같음.,0.06,0.77,99.17,긍정
황교안이 이끄는 거기보다 이낙연이 앞장서는 더불어민주당이 훨씬 낫지 ㅎㅎ 황교안은 새가슴이라 종로에 출마 못 함. 꽁무니 빼고 도망다니기 급급한 모습 보이면서 국민의 신뢰를 얻겠다? ㅋㅋㅋ 이거야말로 스님한테 육포 건네는 소리지 ㅋㅋㅋ,0.0,26.97,73.03,긍정
황교안이 이낙연 상대가 되냐? ㅋㅋ 종로안나온다 황교안~지도 알거다,0.0,3.0,97.0,긍정
"황교안이 이낙연 총리와 비교할 대상이 될수 있나?
그냥 기사만 봐도 어떻게 살았는지 견적 나온다.
평생 자기 출세를 위해서만 살아온 사람은
정치도 자기 출세를 위해 할수 밖에 없다.
사람은 쉽게 변하지 않는 동물이다.",0.0,2.22,97.78,긍정
"황교안이 이낙연과 한판 붙을
그만한 배짱이 있을까?
안봐도 비됴.
교활하게 맞대결을 회피해
버릴거다.
아니면 내 손에 장을 지진다",0.01,1.16,98.83,긍정
"황교안이 이낙연과 한판 붙을
그만한 배짱이 있을까?
안봐도 비됴.
교활하게 맞대결을 회피해
버릴거다.
아니면 내 손에 장을 지진다",0.01,1.88,98.11,긍정
황교안이 이낙연이랑 맞대결? ㅋㅋㅋ 설마. 이낙연 나오기 전부터 쫄았던데 무슨.,0.0,0.86,99.14,긍정
"황교안이 이낙연후보자와 종로에서
 맞대결 하자니  패 할 것 같고
피하자니 쪽팔리고 모지리 소릴 들을것 같고~ㅋ",0.0,0.89,99.11,긍정
황교안이 저랬다면 대깨문들 죽일듯이 달려들었을듯 ㅋㅋㅋ,0.03,1.74,98.23,긍정
"황교안이 종로 나온다, 안나온다.
내기 할 사람?
안나온다에 오십원 건다.
(오배건이 아까운 종자니까!)",0.09,0.62,99.3,긍정
"황교안이 종로를 피하면 수도권 선거는 지고들어가는 형국이다.
단한번도 선출직으로 국민의 선택을 받아본적이 없는 황교안이 종로에서 이낙연과 붙었다 지게되면 일이 더 커진다. 당대표의 리더쉽뿐아니라 대선에도 빨간불이 들어오게된다.
더 안좋은 소식은 보수 통합이다. 통합하면 우리공화당에 비례표가 몰릴것이고 통합을 못하면 지역에서 보수표가 분산되어 당선자가 더욱 줄어 들듯 보이니 지분을 최소로 주고 새보수를 흡수하고 내쳐야지 아니면 위성비례정당도 변변치 못하게 될것이다.",0.16,0.38,99.46,긍정
황교안이 집으로 보내주세요.,0.04,2.82,97.15,긍정
황교안이 차에 탄 채로 지하철 타려고 한 거에 비하면야 ...^^,0.03,1.71,98.26,긍정
"황교안이 처참하게 깨지는 것을 보고싶네.왜냐면 한국 정치를 80년대로 되돌린 인간이었기때문.즉 이 자가 한것이라고는 삭발,농성,단식밖에 없는 아주 고약한,80년대나 할짓을 하는 인간이었기에 이런 정치인은 매도,매몰 시켜야...
정치가 뭔가? 국민다수행복,국가발전 아닌가? 
민주주의,대의정치(국회의원)이 뭔가?5,000만명목소리가 다 각각인데 대의로 다수결로 해야지...
한마디로 이 인간은 사회,국가혼란밖에 한것이 없어요.
치열하게 논쟁,검토해서 나은,좋은,다수가 동의하는 정책을 끌어 내야지 단식,농성,삭발만?
이게 정치인?아닌지요.",0.16,0.23,99.61,긍정
황교안이 피해 간다에 한 표! ㅋ,0.03,1.53,98.44,긍정
"황교안이 험지 출마한다고 했잖아!!!
잘 들어보니 당선가능한 험지라고 하네.

그럼 종로는 안가겠다는 거냐?
담마진 군면제된 비열한 기회주의자 새끼 그래서 강남에 출마할려고?",0.08,0.39,99.52,긍정
황교안이가  종로에 출마할까? 황교안이 배짱이 있나 봅시다. 가소롭네  주제파악  해라,0.02,0.56,99.41,긍정
황교안이가  종로에 출마할까? 황교안이 배짱이 있나 봅시다. 가소롭네  주제파악  해라,0.17,0.69,99.14,긍정
"황교안이가 과연 지역구  출마?  저 쫄보가?
ㅋㅋ ㅋ",0.09,0.85,99.06,긍정
"황교안이가 과연 지역구  출마?  저 쫄보가?
ㅋㅋ ㅋ",0.1,0.78,99.12,긍정
황교안이가 쫄아서 안나오겠는데?  황교안이가 나와서 낙선하는 날이면 정치는 끝나기 때문에 다른 쉬운곳을 찾을것으로 본다?  이곳 종로는 이낙연 당선 ! 황교안 기권?,0.01,47.45,52.54,긍정
"황교안이가유리
왜냐면
대통령이 조국두둔등
검찰 칼날이  정부로 좁혀오니
이를 두려워하여
수사중인 검찰을 무리하게
인사이동 시킨점
국민들이  그러한  추잡한 행태를
모두알고잇다
그래서  황교안 압승 점쳐진다",0.21,2.34,97.45,긍정
"황교안이가유리
왜냐면
대통령이 조국두둔등
검찰 칼날이  정부로 좁혀오니
이를 두려워하여
수사중인 검찰을 무리하게
인사이동 시킨점
국민들이  그러한  추잡한 행태를
모두알고잇다
그래서  황교안 압승 점쳐진다",0.11,2.77,97.11,긍정
황교안이건 윤총장이건 우선은 대선후보 통합과 단일화가 필요. 자칫 표가 분산될 수도,0.27,2.92,96.81,긍정
황교안이는  종로에서  낙영이와한판  겨뤄라  그래야  진정  보수대표답다~~~~~~~~~~~~~~~~~~~~~~~~~~~~~,0.09,2.3,97.61,긍정
황교안이는 공무원 9급 수준인데~,0.07,1.27,98.66,긍정
"황교안이는 뭐 하냐?
육포 많이 먹고 얼른
종로에 도전해라.

얼굴 보니 많이 상했다.
실력은 없고, 욕심만
많은 게 그 원인이다.",0.11,1.08,98.81,긍정
"황교안이는 뭐하는고?  본인이 험지로 출마한다고 했으면 그냥 종로 나간다고 하면 된다.
남자가 일구이언 했다봐라 밑을 잘라버릴거다. 
경자년 새해 복많이 받으시고....",0.26,1.41,98.33,긍정
"황교안이는 뭐하는고?  본인이 험지로 출마한다고 했으면 그냥 종로 나간다고 하면 된다.
남자가 일구이언 했다봐라 밑을 잘라버릴거다. 
경자년 새해 복많이 받으시고....",0.22,1.41,98.37,긍정
"황교안이는 육신이 많아 아파트 팔고 
이사 못 간다

이명박과 같이 돈에 애착이 많은 인간이다 
여기에 한표 던진다 

정신적.   검사.  성격들을 분석 해야 한다
말로는 국민. 행동은 자기 이익만을. 추구 한다

믿음이 절대로 가지 않는 인간이다

사기는 말 뿐이다.  자기 이익만을 추구 하는 
그런다는 누구 인지 안다 

대행에. 총리 권리 대접만큼  내세우고 국민을 멀로 보았는가.   역사 안에 까지. 차로 들어가고 
시계도하고 우리는 그런 인간을. 믿지 않는다

국민의 혈세를 낭비 대접만 받으려하고 말뿐인 인간을 사기꾼",1.68,2.8,95.52,긍정
황교안이는 이명박근혜  꼴 내겠구나,0.13,0.93,98.94,긍정
"황교안이도 종로에 출마하기를 바란다

이런저런 핑계 대지말고",0.63,1.46,97.91,긍정
"황교안이도 종로에 출마하기를 바란다

이런저런 핑계 대지말고",0.88,1.35,97.77,긍정
"황교안이든 안철수든 종로에서 이낙연과 붙어세요
난 반드시 이긴다고 봅니다
경제를 떡으로 만들어 놓고
또 표를 달라고
똥쳐먹어 깽깽이들아",0.1,1.44,98.46,긍정
"황교안이든 안철수든 종로에서 이낙연과 붙어세요
난 반드시 이긴다고 봅니다
경제를 떡으로 만들어 놓고
또 표를 달라고
똥쳐먹어 깽깽이들아",0.09,1.06,98.85,긍정
"황교안이의  정치권 진입 실패는  자질부족이다 
어디에 명함을 내미는가  필패의 길 황씨는 너무나 잘안다 절대 출마 못한다 황교안이는 도망칠뿐이다,",0.3,1.09,98.6,긍정
"황교안이의  정치권 진입 실패는  자질부족이다 
어디에 명함을 내미는가  필패의 길 황씨는 너무나 잘안다 절대 출마 못한다 황교안이는 도망칠뿐이다,",0.21,1.17,98.62,긍정
황교안ㅋ잡는데 이낙연 카드쓰는 민주당 한심하다 ㅋ 파리잡는데 청룡화룡검 쓰냐 ~  황세모는 이재정 선에서 정리해라~,0.0,2.41,97.59,긍정
황교안카드 버리고 다른거찾자. 그게 살길이다,0.01,1.28,98.72,긍정
"황교한이는 종로출마 못한다..
아직 깜이 안된다.",9.72,0.2,90.08,긍정
황대표님  꼭  이낙연  영감  구름이담넘어가는소리하는인간  꼭이겨주세요,0.69,7.31,92.0,긍정
황대표님 종로에 출마하시지요. 이낙연 얼마나 바보 였는지 버여주자구요,11.67,19.76,68.57,긍정
"황대표님.  필승.
이낙연 쯤이야 --- 
출마 하세요. 기죽어 보입니다.",19.64,26.77,53.58,긍정
황육포 꼭 종로 나와라,30.03,15.04,54.94,긍정
후 진짜 문재인이 싸둔 똥 누가 치우냐,1.57,14.8,83.63,긍정
I♡NY,18.74,7.4,73.86,긍정
