"[19대 정치자금 봉인해제17] 인건비-단기근로  [오마이뉴스 글:김도균, 편집:장지혜]  정치자금은 '국민의 의혹을 사는 일이 없도록 공명정대하게 운용되어야 한다'(정치자금법 제2조). '정치활동 경비'로만 사용해야 한다는 것이다. 과연 19대 국회의원들은 '의혹없이' '공명정대하게' 정치자금을 사용했을까?  는 지난해 중앙선관위에 정보공개를 청구해 약 3년치(2012년-2014년) 3만5000여 장, 36만여 건의 '정치자금 수입.지출보고서'를 받았다. 그리고 이를 데이터처리한 뒤 59개 항목으로 나누어 '1045억 원'에 이르는 19대 국회의원의 정치자금 사용내역을 집중분석했다. 20대 총선을 앞둔 지금, 이러한 분석내용이 유권자의 선택에 도움이 되기를 바란다.  [자료분석] 이종호 기자  [개발-디자인] 황장연, 고정미, 박종현, 박준규  [취재-글] 구영식 김도균 유성애 기자(탐사보도팀)  ]"
[전남CBS 박형주 기자]이낙연 전라남도지사 재산이 감소한 것으로 나타났다.  정부 공직자윤리위원회가 공개한 전남도 고위공직자 재산공개 현황에 따르면 이낙연 전남지사 재산은 14억 6800만원으로 지난해보다 9100만원 감소했다.  김영선 행정부지사는 11억 8800만원을 신고해 지난해보다 1억 700만원 늘었고 우기종 정무부지사는 32억 2500만원을 신고해 재산신고 대상  전남도 고위공직자 가운데 가장 많았다.  권오봉 광양만권경제자유구역청장은 13억 4700만원으로 지난해보다 2억 5400만원이 증가했다.  저작권자 © CBS 노컷뉴스(www.nocutnews.co.kr) 무단전재 및 재배포 금지
"[광주CBS 김형로 기자]이낙연 전라남도지사는 4일 유일호 경제부총리 겸 기획재정부장관을 면담하고 서울~ 제주 간 해저고속철도 건설사업이 제3차 국가 철도망 구축계획에 반영되도록 해달라고 건의했다.  이 지사는 ""서울~ 제주 간 해저고속철도 건설과 관련해 오는 2025년까지 아무것도 하지 않는다면 골든타임을 놓치는 것이니 사전 타당성조사를 해보고, 서서히 준비해야 한다""며 국가철도망 구축계획 반영의 필요성을 강조했다.  이 지사는 이어 ""중국인들의 식생활이 변해 2015년 1천900만 마리였던 중국 내 소고기 소비량이 10년 뒤에는 5천만 마리로 늘어날 것으로 예상되는 만큼 국내에서의 한우 사육 수를 늘려 수출하도록 정부 차원의 지원이 필요하다""고 말했다.  이 지사는 또, 호남고속철도 2단계 무안공항도 노선 조기 확정, 남해안 철도(목포~ 보성)의 계획연도(2020년) 내 완공을 위한 사업비 적극적 반영, 신안 도초~ 하의 간과 여수 화태~ 백야 간 예비타당성조사 및 새천년대교 등 연육. 연도교 건설 등의 지원도 요청했다.  이에 대해 유일호 부총리는 서울~ 제주 간 해저고속철도에 큰 관심을 보이고 ""남해안철도 건설사업은 올해라도 여유 재원이 있다면 지원을 아끼지 않겠다""며 ""연육·연도교 사업과 한우 사육기반 확대 건에 대해서도 정부 차원의 지원 방안을 강구하겠다""고 밝혔다.  이 지사는 오는 8일에도 기획재정부를 방문해 예산실 주요 국장을 면담, 2017년 국고현안사업 확보활동에 나설 예정이다.  khn5029@hanmail.net  저작권자 © CBS 노컷뉴스(www.nocutnews.co.kr) 무단전재 및 재배포 금지"
"호남향우회 중앙회 정기총회서 조우…安에 집중된 박수·함성  (서울=뉴스1) 박승주 기자,이주성 기자 = 여야 3당의 대표가 호남 민심을 향한 구애를 보낸 자리에서 김종인 더불어민주당 비상대책위원회 대표와 안철수 국민의당 상임공동대표가 '어색하게' 만났다.  김무성 새누리당 대표와 김종인 대표, 안 대표는 4일 오후 서울 강남구 프리마호텔에서 열린 호남향우회 중앙회 정기총회에 참석했다.  이날 세 대표는 박광태 전국호남향우회중앙회장, 이낙연 전남도지사, 윤장현 광주시장 등과 함께 중앙에 마련된 테이블에 자리했다.  안 대표는 맞은편에 앉은 김종인 대표에게 먼저 다가가 ""위원장님 오셨습니까. 잘 지내셨습니까""라며 악수를 청했고 김종인 대표는 ""오랜만이에요""라고 답하며 악수에 응했다.  하지만 행사가 시작된 후 김종인 대표는 담담한 얼굴로 천장을 자주 올려다봤고 안 대표는 테이블에 준비된 책자만 연신 들여다봤다. 김무성 대표 또한 굳은 표정으로 무대를 응시했다.  내빈소개 순서에서 안 대표가 소개될 때 다른 두 대표의 소개 때보다 큰 함성과 박수가 터져 나왔다. 김종인 대표는 무표정으로 일관했고 김무성 대표는 ""아이고""라는 감탄사를 뱉었다.  이후에도 세 사람 사이의 대화는 거의 이뤄지지 않았다. 대신 각각 축사를 통해 호남 민심 붙잡기에 나섰다.  이날 가장 먼저 축사를 시작한 김무성 대표는 광주 전남 지역과의 인연을 소개하며 ""제 마음을 정작 알아주지 않고 여론조사를 하면 문재인 전 대표나 안 대표보다 지지율이 높지 않다. 오늘 박수도 안 대표의 반도 안 된다""고 말해 좌중의 웃음을 자아냈다.  이어 ""선거철이 다가오니까 다시 또 호남 전체를 이용하려는 시도가 벌어지고 있다. 호남정치가 제대로 살아나야 한국 정치가 살아난다""며 ""이제 마음의 벽을 허물고 호남 보수주의와 새누리당이 손을 잡을 때가 됐다고 생각한다""고 말했다.  김무성 대표에 이어 축사에 나선 김종인 대표는 ""지난달 광주에서 '호남불가론'을 없애겠다고 약속했다""며 ""호남의 참신하고 유능한 정치인들이 차세대 지도자가 돼 제2, 제3의 김대중으로 자라나게 하겠다""고 말해 박수갈채를 받았다.  또한 ""호남이 바라는 정권교체를 위해 반드시 야권 통합을 이뤄내 총선에 이기겠다""며 ""더이상 실망시키지 않고 제대로 제1야당을 바꾸겠다""고 강조했다.  마지막 순서의 안 대표는 ""이번 총선은 정부와 여당을 심판하는 선거""라면서도 ""그렇다고 야당 내부 문제를 덮고 갈 순 없다. 뭉치면 살고 흩어지면 죽는다는 식으로 단일화 얘기밖에 하지 못하는 야당으로는 정권교체에 희망이 없다고 생각한다""며 김종인 대표를 향한 발언을 남겼다.  이어 호남이 없으면 국가가 존속 못 한다는 뜻의 '약무호남 시무국가(若無湖南 是無國家)'라는 이순신 장군의 말을 인용하며 ""위기의 나라를 구하는 일에 여기 계신 호남향우분들이 적극 함께할 것이라 믿는다. 현재의 숫자가 아닌 미래의 희망에 힘 줄 거라고 믿는다""고 말했다.  축사를 마친 뒤 세 대표는 동시에 자리를 떴다. 김종인 대표는 안 대표를 계속 설득해볼 것이냐는 기자들의 물음에 ""한번 얘기했으니까 그대로 기다려보는 거지""라고 짧게 답했다.  앞서 김종인 대표는 지난 2일 ""국민의 여망에 부응하기 위해 야권이 총선 승리를 거두기 위해서라도 단합된 모습을 보여야 한다""며 야권통합을 제안했고 이날 오전에도 야권통합을 '재(再)제안'했다.  이에 안철수 상임공동대표는 김 대표의 제안을 ""비겁한 정치공작"" ""호객행위 하셨나"" 등의 발언으로 맹비난했다.  안 대표 또한 이날 기자들에게 김종인 대표의 야권 통합 제안에 ""일관되게 같은 말씀 드리고 있다""는 말을 남기고 행사장을 떠나면서 '어색한' 만남을 마무리했다.  parksj@  ), 무단 전재 및 재배포 금지]"
"자연재난시 제주공항 한계 보완  해저 고속철도 한국경제 돌파구  【무안=뉴시스】맹대환 기자 = 전남도는 서울~제주간 KTX건설 민관추진위원회가 지난 11일 전남도청에서 첫 회의를 갖고 자연재난시 제주공항의 한계를 보완하고 제주 관광과 국가 균형발전을 위해 KTX 건설이 필요하다는데 공감했다고 12일 밝혔다.  이날 회의에서는 위원 가운데 홍익대 부총장인 황기연 교수를 위원장으로 선출됐으며, 정책분과위원장은 김창봉 중앙대 교수, 기술분과위원장은 정찬묵 우송대 교수가 맡았다.  한국교통연구원 이재훈 박사는 서울~제주 KTX 건설의 주요 쟁점을 제주가 섬 고유의 정체성을 상실하고 1일 관광지로 전락할 수 있다는 감성적 측면과 경제적 타당성·안전성 등 사업적 측면 두 가지로 분류했다.  이 박사는 ""제주발전연구원이 2011년 제주도민을 상대로 설문조사를 한 결과 지역경제발전, 관광객 증가 등 관광산업 발전 기대로 70.2%가 KTX 건설에 찬성했고, 제주도 방문객 체류 기간은 대부분 2일 이상 체류할 것으로 답변했다""고 밝혔다.  이어 이 박사는 ""2011년 국토교통부 타당성 조사 결과 B/C가 0.71~0.78로 나타났으나 당시 제주도 관광객 예측(2015년 기준)에 비해 실제 관광객 수가 훨씬 증가했으므로 타당성 조사는 다시 이뤄져야 한다""고 주장했다.  이 박사는 해저터널 안전성과 관련해 ""유로터널 사고를 참고해 방재계획을 수립하고 동력분산식 열차를 투입하면 열차 운행중단 가능성이 낮다""며 ""민간투자 등으로 재정적 문제도 해소할 수 있을 것""이라고 전망했다.  광주전남연구원 조상필 박사는 '해저고속철도가 지역경제에 미치는 영향'이라는 주제발표를 통해 ""지역경제 도약의 새로운 전기 마련과 국토균형발전을 위해 새로운 성장축이 필요하다""며 ""정부의 강력한 정책 의지와 지원이 절실하다""고 밝혔다.  토론회에서는 서울~제주간 KTX 건설이 추진되면 위기에 처한 한국경제의 돌파구가 될 수 있고 세계 최장의 해저터널 건설국이라는 네임밸류를 획득할 수 있다는 의견도 제시됐다.  황기연 위원장은 ""서울~제주 KTX 건설에 대한 부정적 이미지 탈피를 위해서는 사업 필요성에 대한 적극적인 언론 홍보활동을 펼쳐야 한다""며 ""또한 치밀한 전략 수립으로 국가정책 반영에 힘을 모아야 한다""고 말했다.  이낙연 전남지사는 ""서울~제주간 KTX 건설은 국가균형발전을 위해 추진돼야 한다""며 ""골든타임을 놓치지 않기 위해서는 올해 6월 말 국토교통부 제3차 국가철도망 구축 계획에 반영돼야 하고, 안 될 경우 2차 목표로 내년 대선 공약에 포함되도록 해야 한다""고 강조했다.  mdhnews@newsis.com"
"(무안=뉴스1) 김한식 기자 = 전남도산림자원연구소(소장 박화식)는 산림청 융복합 기반 임산업의 신산업화 기술개발 공모에 황칠나무 연구 과제가 선정돼 국비 7억 4000만 원을 확보했다고 12일 밝혔다.  이에 따라 전남 비교우위 산림자원인 황칠나무를 고부가가치 소득수종으로 육성하기 위한 기능성 물질 대량 생산기술 개발 및 산업화 연구가 탄력을 받게 됐다.  연구 기관은 전남도산림자원연구소를 비롯해 까띠끌레융바이오, 해남선도임업인협회, 동신대, 강산농원 등이다.  연구 내용은 Δ황칠나무 재배 및 가공 대량 생산체계 구축 Δ임가 상생 생산자연합회 재배기술 지원 및 6차 산업화 적용 Δ황칠나무 산업화를 위한 원료 소재 및 추출물 표준화 Δ황칠나무 콜레스테롤/항비만, 통풍, 항천식 기능성평가 Δ황칠나무 건강식품 및 향장품 사용을 위한 원료의 표준화 Δ황칠나무 기능성성분 함유 건강식품 및 향장품 제품화 기술 개발이다.  또 황칠나무의 기초 재배부터 고부가 가공산업화의 핵심 기술을 확보하고, 지역 현안 문제해결형 기술개발 보급을 통한 임업소득 창출에 총력을 기울일 방침이다.  정지은 박사팀은 조선대와 함께 황칠나무의 심혈관질환 제어 효과를 구명해 국제나노과학저널(미국 SCI)에 게재, 학계에 발표했다.  연구 성과는 산림 분야 연구기관 및 녹지 분야 연구직 공무원 등을 대상으로 한 2013년 산림청 평가에서 신성장동력기술 분야 우수 기술로 최종 선정됐다.  또 2014년 농림축산식품부에서 농림축산식품 분야 우수 실용기술을 개발해 보급함으로써 현장 소득 증대와 농림식품산업 발전에 기여한 공로로 농림축산식품과학기술대상을 수여했다.  박화식 연구소장은 ""도 브랜드시책인 '숲 속의 전남'과 연계해 미래가치가 있는 소득수종 발굴 연구로 꾸준히 황칠나무 연구를 추진하고 있다""며 ""산림의 역할이 다양화, 전문화되는 만큼 산림 분야 전문 연구기관으로서 산업체 간 융합기술을 개발해 재배농가 소득 증대에 보탬이 되도록 하겠다""고 말했다.  hskim@  ), 무단 전재 및 재배포 금지]"
"김재현 건국대학교 녹지환경 계획과 교수는 “국가정책은 자원정책으로 갈 수밖에 없는 현실이다”며 “숲이 가지고 있는 특성은 자원과 산업·생활의 틀을 형성할 수 있기 때문에 ‘숲속의 전남’의 정책은 국가정책의 이정표 역할을 할 수 있는 큰 의미를 담고 있다”고 밝혔다.  그는 이어 “산촌의 위상을 전환시키기 위한 새로운 산촌정책으로 공동자원, 산촌의 지속가능성, 커뮤니티 발전이 요구된다”며 “하나의 비전과 전략들을 충분히 공감할 수 있도록 언론의 홍보와 공론화할 수 있는 장이 필요하다”고 역설했다.  아울러 “숲 가꾸기가 잘 되기 위해서는 정부의 도움이 절실한 것도 사실이지만 자치단체에서는 전담 부서를 신설 또는 개편해 전문적으로 운영할 수 있는 조직을 갖추는 것이 먼저 선행돼야 한다”면서 “산림사업의 주요업종을 운영하는 지역기업들이 구성단체가 돼 지역재생을 키워드로 한 학습회 개최와 토론 참여 등을 보장하고 지역산업으로서 지속적인 활성화를 위한 개별 활동의 연대가 필요하다”고 덧붙였다.문승용 기자 msynews@"
"전남도는 탤런트 김성환씨와 화가 김근태씨를 23일 홍보대사로 위촉했다.  김성환씨는 공중파 방송에서 방영되는 ‘그린실버 고향이 좋다’ 프로그램에서 전남의 특산품과 관광지 등을 홍보하고 있고 앞으로 남도음식축제와 친환경 농수축산물을 홍보할 예정이다.  김근태 화백은 20년 이상 지적장애인의 모습을 화폭에 담아온 장애인 화가다. 지난해 유엔 창립 70주년 및 세계장애인의 날 기념 UN 전시회를 개최하면서 이낙연 전남지사의 도움을 받아 이에 감사하는 마음으로 홍보대사 역할을 맡게 됐다.  앞으로 남도 미술작품 심의와 남도예술은행 등 전남의 문화 예술분야에서 홍보활동을 펼칠 계획이다.  무안=한승하 기자 hsh62@segye.com  ⓒ 세상을 보는 눈, 글로벌 미디어  세계일보"
[서울신문]  전남도는 23일 탤런트 김성환(왼쪽)씨와 화가 김근태(오른쪽)씨를 홍보대사로 위촉했다. 김성환씨는 방송 프로그램을 통해 전남의 특산품과 관광지 등을 홍보하고 있다. 김 화백은 지난해 유엔 창립 70주년 및 세계 장애인의 날 기념 유엔 전시회를 개최하면서 이낙연 전남지사의 도움을 받아 이에 감사하는 마음으로 홍보대사 역할을 맡게 됐다.  - 저작권자 ⓒ 서울신문사 -
"【춘천=뉴시스】박혜미 기자 = 국내 최대 도심형 면세점 HDC신라면세점에 강원도 지역특산품관이 입점해 25일 면세점 그랜드 오픈에 맞춰 운영을 시작한다.  24일 도에 따르면 HDC신라면세점은 현대산업개발과 국내 면세산업을 이끌어 온 호텔신라가 지난해 7월10일 시내면세점 특허를 받아 설립한 법인이다.  ITX청춘 열차가 출발하는 서울 용산역 현대아이파크몰 3~7층에 위치하고 있으며 강원도 지역특산품관 매장은 7층 지역상생관내 24.8㎡ 규모로 마련되어 있다.  도는 지난해 5월29일 HDC신라면세점과 업무협약을 체결하고 강원특산품 판매장 설치와 강원관광상품 개발에 나서 약 8개월에 걸쳐 지역특산품 입점준비에 나섰다.  지난달 26일 임시오픈한 강원도 지역특산품관은 25일 HDC신라면세점 그랜드 오픈에 맞춰 본격 운영을 시작한다.  주류(머루주 등 8품목), 식품류(홍삼 등 33품목), 화장품(마스크시트 등 24품목), 공산·공예품(세라믹 면도기 등 24품목) 등 도내 29개 업체 89개 품목의 우수한 지역특산품이 판매된다.  도는 이번 HDC신라면세점 입점을 계기로 우수한 품질임에도 해외시장에 소개될 기회가 많지 않았던 도내 제품들의 브랜드·인지도 향상과 세계시장로 이어지는 좋은 기회가 될 것으로 전망했다.  또 지역특산품관에 입점되는 상품에 대해서는 매장운영, 디자인 개선, 마케팅 등에 적극적인 지원에 나설 방침이다.  아울러 도는 내달 8일까지 강원도관 입점품목을 추가로 모집한다.  도내 기업 또는 개인이 생산한 주류, 식품, 화장품, 공산품(공예품)등으로 공고일 현재 본사 또는 제조공장이 강원도내에 소재한 기업이나 개인이면 지원할 수 있다.  지원은 우편또는 방문으로 가능하며 자세한 사항은 강원도청 관광마케팅과 관광정책팀으로 문의하면 된다.  도 관계자는 ""도내 우수제품의 HDC신라면세점내 강원특산품관 입점 기회 확대를 위해 지역상품에 대한 모집·발굴을 지속적으로 추진할 것""이라고 밝혔다.  한편 25일 오전 11시 HDC신라면세점 1층에서 최문순 강원도지사와 이시종 충북도지사, 송하진 전북도지사, 이낙연 전남도지사, 정몽규 HDC산업개발 회장, 이부진 신라호텔 사장, 양창훈 HDC신라면세점 사장과 국회의원, 정부기관 관계자들이 참석한 가운데 그랜드 오픈행사가 열린다.  fly1225@newsis.com"
"(순천=뉴스1) 김한식 기자 = 전남테크노파크(TP·원장 김병일)는 올해 재정건전성 확보와 미래성장 동력산업 발굴에 박차를 가할 계획이라고 24일 밝혔다.  전남테크노파크는 24일 전용회의실에서 이낙연 전남도지사(이사장) 등이 참석한 가운데 정기이사회를 갖고 올해 주요 사업계획과 2015년도 재무제표 결산승인, 경영실적 보고, 전남도 출연기관 규정 정비계획에 따른 규정 개정 등 총 8건의 안건을 의결했다.  올해 주요 경영계획으로는 Δ공공기관으로서의 재정건전성 확보 더욱 매진 Δ'생명의 땅, 청년이 돌아오는 전남' 실현을 위한 미래성장 동력산업 발굴 Δ지역 혁신자원 연계 지역거점기능 수행 Δ지역 대표 강소기업 육성 Δ지역과학기술 총괄 지원체계 구축 Δ지역 전문인력양성 프로그램 구축 등을 제시했다.  전남테크노파크는 지난해 투자유치 및 기업지원으로 528명의 고용창출 실현했으며, 지역대표산업 기업지원으로 154개사를 지원, 1027억원 매출을 창출했다.  ㈜파루와 ㈜케이씨의 월드클래스 300기업 선정 등 지역 강소기업 육성실적도 거뒀으며 2016년도 지역산업육성계획 수립을 위한 산업통상자원부 평가에서 4년 연속 'A'등급을 받아 지역기업 육성을 위한 국비 11억원을 추가 배정을 받았다.  이 밖에 중앙정부 예타사업 등 신규사업 발굴 등으로 30개과제의 발굴과 국비 총 340억원을 확보하는 성과를 내기도 했다.  hskim@  ), 무단 전재 및 재배포 금지]"
"판소리·역할극 등 이색 프로그램 …재미·감동으로 청렴문화 확산  [아시아경제 노해섭 기자]전라남도는 24일 직원 700여 명을 대상으로 도청 김대중강당에서 청렴이라는 무거운 주제를 새로운 시각에서 접근하는 ‘청렴콘서트’를 개최했다.  국민권익위 소속 청렴연수원 공연팀을 초청해 이뤄진 이날 콘서트에서는 역할극, 공연, 영상 등을 융합해 직원들이 재미와 감동을 느끼면서 청렴에 대한 중요성을 인식하고 직접 참여하는 방식으로 진행됐다.  특히 역할극 ‘고 이사의 하루’에서는 국민과 공직자 간 부패 인식의 차이를 코믹하게 표현해 직원들이 국민들의 눈높이에 맞는 청렴이 무엇인지를 자각하는 계기가 됐다는 평가를 받았다.  또 춘향전을 개사해 도덕적 기준이 시대적 상황에 따라 변한다는 메시지를 담은 ‘청렴 판소리’와 기관장의 청렴편지 사연을 주제로 한 ‘청렴 토크’, 공직자 청렴의식 ‘설문통계 소개’등 6개 주제를 청렴과 연계한 문화공연 방식으로 진행해 참석자들로부터 갈채를 받았다.  투자유치담당관실 A 사무관은 “기존 강의 방식의 청렴교육 틀을 벗어난 이번 콘서트는 직원들이 청렴에 대한 심리적 저항감을 극복하고 친근하게 접근할 수 있는 계기가 됐다”며 만족감을 나타냈다.  방옥길 전라남도 감사관은 “조직의 청렴도 향상을 위해서는 직원들의 전향적 사고와 의지가 매우 중요하다”며 “이번 콘서트를 통해 직원들 사이에 청렴에 대한 인식이 확산되길 바란다”고 말했다.  전라남도는 청렴도를 끌어올리기 위해 ‘밝은 도청 만들기 추진본부 운영’, ‘출자·출연 기관 청렴도 향상대책 추진’, ‘고위공직자 청렴교육 실시’, ‘노조와 함께하는 직원 소통캠프’, ‘청렴업무 이해 증진을 위한 직원 대화’등 다양한 대책을 추진하고 있다.  노해섭  기자 nogary@"
"24일 여수산단 제이셀(주) 방문해 품질 개량 등으로 성공 모델 당부  [아시아경제 노해섭 기자]이낙연 전라남도지사는 24일 여수산업단지에 입주한 제이셀(주) 공장을 방문해 현황을 청취하고, 품질 개량과 원가 절감을 통해 에너지신산업의 선도기업이 돼줄 것을 당부했다.  제이셀(주)(사장 이재섭)은 여수 재원산업과 일본 도쿄 센트럴글래스가 35대 65로 합작해 지난해 9월 설립한 전기자동차 배터리용 전해액 제조기업이다.  연간 1만 2천 톤의 전해액 생산 능력이 있는 기업으로 국내외 리튬이온 전지 제조사로부터 제품 성능을 인정받아 공급을 확대하고 있다. 50명을 상시 고용하고 있으며 연간 1천 억 원의 매출을 목표로 하고 있다.  이낙연 도지사는 “에너지신산업에서 가장 앞서가는 분야가 전기차와 배터리 산업이지만, 최근 국제유가 하락으로 어려움을 겪고 있다”며 “한일 합작 투자기업인 제이셀(주)이 세세한 부분에서 품질 개량과 원가 절감을 통해 성공하는 모델로 발전하길 기대한다”고 말했다.  노해섭  기자 nogary@"
"【여수=뉴시스】김석훈 기자 = 전남 여수시 돌산에 대형 관광숙박시설이 잇따라 들어설 전망이다.  8일 여수시는 경도리조트에서 2개 기업과 1500억원 규모의 관광숙박시설 건립을 위한 투자협약(MOU)을 체결했다고 밝혔다.  이날 협약식에는 이낙연 전남도지사와 주철현 여수시장, ㈜여수예술랜드 김현철 사장, ㈜JDS 조배성 대표이사 등이 참석했다.  여수예술랜드는 돌산읍 평사리 굴전마을에 1000억원을 투자해 200실 규모의 숙박시설과 미술공원, 전시관 등 테마형 리조트를 건립할 계획이다.  휴양과 관람을 겸할 수 있는 이 테마형 리조트는 여수의 색다른 명소가 될 전망이며 신규로 100명을 고용하게 된다.  또 JDS는 돌산읍 우두리에 500억원을 들여 지하2층~지상18층, 206실 규모의 생활형 숙박시설을 건립할 예정이다. 지역민 고용은 50명선이 될 전망이다.  시설이 완공되면 대규모 단체관광객의 수용이 가능해 향후 중국 단체관광객 유치에도 한 몫 하게 될 것으로 기대를 모으고 있다.  주철현 시장은 ""투자협약으로 지역에 테마형 리조트와 대규모 숙박시설이 들어서게 돼 관광인프라의 확충은 물론 새로운 일자리 창출과 지역경제 활성화에 대한 기대가 크다""고 말했다.  이낙연 지사는 ""기업들이 건축과 영업활동 등을 원활히 할 수 있도록 도 차원의 행정적 지원을 아끼지 않겠다""고 말했다.  .kim@newsis.com"
"(무안=뉴스1) 김한식 기자 = 대한전문건설협회 전남도회(회장 정종오)가 8일 (재)전남인재육성재단(이사장 이낙연 전남도지사)에 장학기금 1000만원을 전달했다.  정종오 회장은 ""앞으로 장학기금 기탁 외에도 하천 준설 등 지역사회에 도움이 되는 다양한 활동을 하겠다""고 말했다.  대한전문건설협회 전남도회는 지난 2009년에도 2000만 원을 기탁했다.  hskim@  ), 무단 전재 및 재배포 금지]"
"이 지사는 “호남선 KTX 개통으로 지금까지 변화된 모습에 비하면, 흑산공항 개항 이후 5년 동안의 변화는 훨씬 엄청날 것”이라며 “무안공항을 중심으로 항공기 50인승뿐만 아니라 헬기를 이용한 서남해안 섬 지역 관광의 획기적 전기가 마련될 것”이라고 말했다.  이밖에도 2017년 개최 예정인 국제농업박람회와 완도 국제해조류박람회를 국제행사로 승인해줄 것을 재정계획국 중기재정전략과장에게 당부했다.  노해섭  기자 nogary@"
"8일 전남인재육성재단에 1천만 원  [아시아경제 노해섭 기자]대한전문건설협회 전라남도회(회장 정종오)가 8일 (재)전남인재육성재단(이사장 이낙연 전남도지사)에 장학기금 1천만 원을 전달했다.  대한전문건설협회 전라남도회는 지난 2009년에도 2천만 원을 기탁했다.  이날 기탁식에서 정종오 회장은 “앞으로 장학기금 기탁 외에도 하천 준설 등 지역사회에 도움이 되는 다양한 활동을 하겠다”고 밝혔다.  이낙연 이사장은 장학기금 기탁에 감사의 뜻을 표하면서 “세금을 걷고 지자체를 구성, 운영하는 목적은 사회적 약자를 보호하기 위한 것”이라며 “도에서도 사회적 약자에게 도움이 되는 다양한 정책을 개발하고 있다”고 말했다.  지난 2008년 설립된 전남인재육성재단은 명실공히 전라남도를 대표하는 장학재단으로, 현재 520억 원의 기금을 적립해 지난해까지 7년 동안 9천 779명에게 84억 9천여만 원을 지원했다. 최근에는 청소년 국내외 교류사업 지원 등 사업 영역을 점차 확대하고 있어 지역 인재 양성을 위한 버팀목으로 평가받고 있다.  노해섭  기자 nogary@"
"(여수=뉴스1) 김한식 기자 = 전남도는 8일 여수 경도리조트에서 전남에 투자하는 기업들의 투자 실현을 밀착 지원할 '프로젝트 매니저(PM) 발대식'을 개최했다.  이날 발대식에서 이낙연 전남도지사는 도와 시·군 공무원 100명에게 프로젝트 매니저 임명장을 수여했다.  임명장을 받은 프로젝트 매니저들은 '기업의 투자실현 지원에 최선을 다한다'는 결의문을 낭독하고, 투자실현 지원 우수사례 발표 시간을 가졌다.  프로젝트 매니저는 투자 가능성이 있는 기업을 대상으로 투자의향 접수단계에서 투자이행 및 안정적 정착단계에 이르기까지 정보 제공, 부지 알선, 인허가 처리, 금융 애로 해소 등 투자기업이 필요한 각종 지원을 1대1로 밀착해 수행하는 전담 공무원이다.  도는 557개 양해각서(MOU) 체결 기업에 252명(도 130명/316개 기업, 시·군 122명/241개 기업)을 프로젝트 매니저로 임명, 매 분기별로 PM이 기업의 애로사항 해결을 위해 활동한 사항을 보고서로 제출토록 할 예정이다.  효율적인 제도 운영을 위해 PM들의 활동사항을 평가해 성과급 지급과 인사 인센티브 등의 혜택을 부여키로 했다. 기업과의 투자협약 체결 때 프로젝트매니저 임명장 수여를 통해 PM 공무원의 책임의식을 고취시키기로 했다.  hskim@  ), 무단 전재 및 재배포 금지]"
"환경산업 경륜 풍부해 지역 산업 활성화 기대  [아시아경제 노해섭 기자](재)전라남도 환경산업진흥원(이사장 이낙연)은 원장 공모를 통해 안연순(59) 씨를 임기 3년의 신임 원장으로 임용했다.  안연순 원장은 광주 출신으로 전남대학교를 졸업하고 기술고시에 합격한 후 환경부 환경기술과장과 대통령비서실 정책수석실, 주 중국 한국대사관 참사관, 영산강유역환경청장 등을 역임했으며, 최근까지 한국환경공단 기후대기본부장으로 근무한 환경 분야 전문가다.  환경산업에 경륜이 풍부해 지역 환경산업 활성화에 크게 기여할 것으로 기대하고 있다.  전라남도환경산업진흥원은 2012년 12월 환경산업을 체계적으로 육성하고 관련 산업의 인프라 구축과 효율적 관리·운영을 통해 지역 환경산업의 경쟁력 강화와 발전에 기여하기 위해 설립된 기관이다.  노해섭  기자 nogary@"
"일반 숙박용 호텔과 주거용 오피스텔의 이점을 결합해 다양한 호텔 서비스와 부대시설을 갖출 뿐만 아니라 객실 내에서 취사와 세탁까지 가능한 새로운 개념의 레지던스 호텔로 개발, 여수를 방문하는 가족단위 관광객과 중저가의 숙박시설을 찾는 외국인들의 기호를 맞춘다는 계획이다.  이낙연 도지사는 협약식에서 “투자기업이 관광산업의 흐름을 잘 파악해 좋은 곳에 투자를 결정하게 된 높은 안목에 감탄했다”고 말했다.  이어 “차질 없는 사업 진행을 통해 한국 관광산업을 한 단계 도약시킬 뿐 아니라 남해안 관광의 새로운 지평을 열고, 전라남도와 대한민국 경제의 새로운 출구를 찾는데도 앞장서주길 바란다”며 “기업이 성공해야 여수시와 전남도가 성공하는 것이므로 행정적 지원에 소홀함이 없도록 최선을 다하겠다”고 덧붙였다.  노해섭  기자 nogary@"
"전남도·여수시·업체 협약…총 1천500억원 규모  전남도는 '프로젝트 매니저' 발대식도 가져  (무안=연합뉴스) 전승현 기자 = 전남 여수시 돌산읍에 테마리조트와 호텔이 들어선다.  이낙연 전남지사, 주철현 여수시장, 김현철 ㈜여수예술랜드 사장, 조배성 ㈜제이디에스 대표는 8일 여수 경도리조트에서 이 같은 내용의 투자협약을 체결했다.  ㈜여수예술랜드는 2017년까지 돌산읍 평사리 일원 6만5천904㎡ 부지에 1천억 원을 투자해 체류형 테마리조트를 건립한다.  객실 4개동 200실과 예술품 전시관, 조각공원, 트릭아트 등 리조트의 모든 시설에 예술적 감각을 접목해 방문객들이 머물면서 볼거리와 체험, 휴양을 즐길 수 있도록 한다는 방침이다.  ㈜제이디에스는 2017년까지 돌산읍 우두리 일원 2천213㎡ 부지에 500억원을 들여 지상 18층, 206실 규모의 호텔을 건립한다.  일반 숙박용 호텔과 주거용 오피스텔의 이점을 결합해 다양한 호텔 서비스와 부대시설을 갖출 뿐 아니라 객실 내에서 취사와 세탁까지 가능한 새로운 개념의 레지던스 호텔로 개발한다.  이낙연 도지사는 ""투자기업이 관광산업의 흐름을 잘 파악해 좋은 곳에 투자를 결정하게 된 높은 안목에 감탄했다""며 ""차질 없이 사업 을 진행해 한국 관광산업을 한 단계 도약시킬 뿐 아니라 남해안 관광의 새로운 지평을 여는데 앞장서달라""고 말했다.  한편 전남도는 이날 여수 경도리조트에서 전남에 투자하는 기업들의 투자 실현을 밀착 지원할 '프로젝트 매니저(PM) 발대식'을 개최했다.  도는 공무원 100명에게 프로젝트 매니저 임명장을 수여했다.  임명장을 받은 프로젝트 매니저들은 ""기업의 투자실현 지원에 최선을 다한다""는 결의문을 낭독하고, 투자실현 지원 우수사례 발표 시간을 가졌다.  프로젝트 매니저는 투자 가능성이 있는 기업을 대상으로 투자의향 접수단계에서 투자이행 및 안정적 정착단계에 이르기까지 정보 제공, 부지 알선, 인허가 처리, 금융 애로 해소 등 투자기업이 필요한 각종 지원을 1대1로 밀착해 수행하는 전담 공무원이다.  shchon@yna.co.kr"
"사료·호남민중 역할 등 선양 활용 학술용역 최종보고회  [아시아경제 노해섭  기자]이순신 문화자원과 호남 민중의 역할을 재조명해 상징화하고 사업화하기 위한 학술용역이 마무리됐다.  전라남도는 9일 역사·문화 분야 전문가와 시군 문화원장, 관계 공무원 등이 참석한 가운데 이순신 문화자원 총조사 및 선양 활용 방안 학술용역 최종 보고회를 가졌다.  이번 학술용역은 전남 곳곳에 흩어져 있는 이순신 관련 유적, 사료, 민간 전승담 등 문화자원을 조사해 이것들을 어떻게 보존하고 선양하며 현창할 것인가, 또 서로의 연계성을 어떻게 이어갈 것인가를 찾기 위해 추진됐다.  용역의 주요 내용은 이순신이 직접 기록한 난중일기, 임진장초(이순신의 장계를 모은 책)를 기초로 한 사료와, 이순신을 도운 호남민중, 인물들의 활동상, 신화·전설·민담·놀이 등 전승담, 이순신과 임진왜란·정유재란 관련 문화유적 307건, 유적의 복원 정비와 콘텐츠 선양 활용 방안 등이다.  이낙연 전라남도지사는 이날 보고회에서 “그동안 이순신 장군의 유적이나 기록에 대한 연구 및 선양사업이 없었던 것은 아니지만 체계화되지 못한 아쉬움이 있었고, 호남민중 역할에 대한 연구도 부족했다”며 “이런 부분을 채우기 위한 것이 이번 용역의 큰 의미”라고 말했다.  이어 “이순신 문화자원 총조사 및 선양 활용 방안 용역 결과를 바탕으로 무엇을 상징화하고 사업화할 것인가에 대해 관련 전문가, 시군 등의 의견을 들어 연차별 사업계획을 수립해야 한다”고 강조했다.  이 지사는 또 “해당 부서에서는 당장 내년부터 할 수 있는 사업 예산을 편성해 추진하라”고 지시했다.  전라남도는 앞으로 연구용역 결과를 바탕으로 이순신 장군 관련 자원의 복원·정비, 관광자원화 등 선양 활용사업을 위한 연차별 계획을 수립하고, 2017년부터 추진할 우선 사업을 발굴해 해당 시군과 적극 협의해 추진할 계획이다.  노해섭  기자 nogary@"
"민간인 피학살자 전국유족회, 이 지사에 증정  (무안=연합뉴스) 전승현 기자 = 이낙연 전남지사가 한국전쟁 전후 민간인 희생자 명예회복과 진상 규명에 노력한 공로로 유족회로부터 감사패를 받았다.  한국전쟁 전후 민간인 피학살자 전국유족회(회장 오길록)는 9일 이낙연 전남지사에게 감사패를 증정했다.  전남도에 따르면 이 지사는 국회의원 시절 한국전쟁 민간인 희생사건 등 과거사 진상 규명과 희생자 명예 회복을 위해 관련 법안을 발의하는 등 남다른 노력을 기울였다.  2000년 국회의원으로 당선돼 처음으로 대표 발의한 법안이 '함평사건 진상규명 및 희생자 명예회복 등에 관한 특별법안'이다.  이 법안은 2005년 '진실과 화해를 위한 과거사 정리 기본법'에 흡수됐다.  이 법에 따라 '진실과 화해를 위한 과거사 정리위원회'가 발족돼 함평 사건의 진상이 규명되는 등 민간인 희생자 명예 회복을 위한 기초 작업이 이뤄졌다.  이 지사는 2010년 진실화해위원회 활동이 중단됨에 따라 2012년 '한국전쟁 전후 민간인 희생사건 등 과거사 진상 규명과 명예회복을 위한 기본 법안'을 대표 발의했다.  이 법안은 국가가 시효에 관계없이 진상 규명과 배상·보상을 포함한 희생자 명예 회복 조치를 취하도록 의무화하는 내용으로 현재 국회에 계류 중이다.  전남도지사로 취임한 후에도 희생자에 대한 추모와 위령 사업을 계속 이어갔다.  전남도는 지난해 2월 '한국전쟁 전후 민간인희생자 위령 사업 지원에 관한 조례'를 제정해 민간인 희생자에 대한 추모 및 위령사업을 지원하기 위한 근거를 마련했다.  이어 10월에는 광역단체에서는 최초로 전남 합동 위령제를 개최해 희생자들의 넋을 기리고 유족들을 위로했으며, 앞으로도 관련 사업을 적극적으로 지원할 계획이다.  오길록 회장은 ""민간인 희생자의 명예 회복과 과거사 진상 규명을 위한 이낙연 지사의 남다른 노력은 유족들에게 큰 힘이 되고 있다""며 ""앞으로도 많은 관심을 부탁드린다""고 밝혔다.  이낙연 지사는 국회에 계류 중인 한국전쟁 전후 민간인 희생사건 등 과거사 진상규명과 명예회복을 위한 기본법안과 관련해 “기왕에 시작한 것을 마무리해야 하는데 그러지 못해서 아쉽다""고 말했다.  1960년 구성된 한국전쟁 전후 민간인 피학살자 전국유족회는 2천여명의 회원이 민간인 희생자 위령 사업 추진 등 민간인 학살사건의 진상을 규명하고 명예를 회복하기 위한 다양한 활동을 하고 있다.  shchon@yna.co.kr"
"[광주CBS 김형로 기자]이낙연 전라남도지사가 지난 4일 유일호 부총리 겸 기획재정부장관을 면담한 데 이어 8일 기획재정부 실과까지 방문해 2017년 지역 주요 현안사업을 설명하고 정부 예산안에 반영해 달라고 요청했다.  기획재정부의 중앙부처 예산안 심사는 5월부터 시작하지만, 이 지사는 지역 현안사업이 중기재정계획에 우선 반영되게 하려고 서둘러 소관 심의관, 과장까지 찾아가면서 사업을 설명했다.  특히 이 지사는 지역 전략산업으로 선정된 드론산업과 관련 무인기 신뢰성 평가기반 구축사업, 무인기 활용 과학영농시범단지 구축사업, 백신 글로벌 산업화 기반 구축사업 등을 건의했다.  또한, 이 지사는 전남에서 '남도문예 르네상스' 프로젝트 추진을 위한 동양화 비엔날레 국제 교류전, 호남권 한국학 연구기관, 국립 남종화 역사관 건립, 영호남 지명유래 고도 전통문화 자원화 사업을 사회예산국장에게 설명했다.  이와 함께 이 지사는 흑산 공항 건설과 여수~남해 간 동서 해저터널 건설, 호남고속철도의 무안공항 경유 노선 확정 등 사회간접자본(SOC) 사업, R&amp;D 연구개발사업, 농림해양사업 등 주요 현안사업에 대해 경제예산국장과 의견을 교환했다.  이 밖에도 이 지사는 오는 2017년 개최 예정인 국제 농업 박람회와 완도 국제 해조류 박람회를 국제행사로 승인해줄 것을 재정계획국 중기재정전략 과장에게 당부했다.  khn5029@hanmail.net  저작권자 © CBS 노컷뉴스(www.nocutnews.co.kr) 무단전재 및 재배포 금지"
"전남도가 세계 최장 길이의 해저터널인 ‘목포∼제주’간 건설의 필요성을 제기한 데 이어 공무원과 학계 인사 등으로 민·관 추진위원회를 구성해 본격 활동에 나섰다.  전남도는 서울∼제주 간 KTX 건설을 위해 민·관 추진위원회를 구성하고 11일 오후 2시 도청에서 이낙연 전남도지사와 전국 대학교수·연구원 등 40명이 첫 회의를 가졌다고 13일 밝혔다.  추진위는 이날 홍익대 부총장인 황기연 교수를 추진위원장으로 선출했다. 중앙대 김창봉 교수를 정책분과위원장으로, 우송대 정찬묵 교수를 기술분과위원장으로 각각 선출했다.  추진위는 이어 자연재난 시 제주공항의 한계 보완과 제주 관광 활성화를 통한 국가 균형 발전을 위한 KTX 건설 필요성에 공감하고 기술·정책적 문제를 논의했다.  이낙연 도지사는 인사말을 통해 “서울∼제주 간 KTX 건설의 필요성에 대해 논쟁이 있을 수 있으나, 제주도 제2공항 건설만으로는 기상 악화로 인한 제주공항 문제를 해결할 수 없고 지속적이고 안정적인 제주 발전을 위해 이 사업은 꼭 추진돼야 한다”고 밝혔다.  회의에서는 서울∼제주 간 KTX의 건설 추진으로 위기에 처한 한국 경제의 돌파구가 될 것이라는 전망과 세계 최장의 해저터널 건설국이라는 명성을 얻은 대한민국의 국제적인 신용이 한층 더 높아질 것이라는 전망도 나왔다.  전남도는 목포∼제주 간 해저터널 사업의 필요성에 대한 추진위원들의 의견을 종합적으로 채택해 오는 6월 말 확정할 예정인 정부의 ‘제3차 국가철도망 구축계획’에 반영할 계획이다.  하지만 당사자인 제주특별자치도와 제주도민의 의견수렴이 없는 상황에서 전남도가 목포∼제주 간 해저터널을 추진함에 따라 향후 논란이 일 것으로 보인다. 특히 목포∼제주 간 해저터널 사업은 2011년 정부 용역 결과 경제성이 없는 것으로 나타남으로써 ‘제3차 국가철도망구축계획안’에 포함되지 않아 결국 사업 추진이 무산된 바 있다.  목포∼제주 해저 고속철은 총연장 167㎞구간이다. 목포∼해남까지 지상철도 66㎞구간, 해남∼보길도까지 해상 교량 28㎞구간, 보길도∼추자도∼제주도까지 해저터널 73㎞구간이다.  무안=김영균 기자 ykk222@kmib.co.kr  GoodNews paper ⓒ 국민일보(www.kmib.co.kr), 무단전재 및 재배포금지  [뉴스 미란다 원칙] 취재원과 독자에게는 국민일보에 자유로이 접근할 권리와 반론·정정·추후 보도를 청구할 권리가 있습니다. 고충처리인(gochung@kmib.co.kr)/전화:02-781-9711"
"신재생에너지산업 발전 방안 등 다양한 의견 나눠  [아시아경제 노해섭 기자]일본 원전 전문가인 이다 데쓰나리 일본환경에너지정책연구소장이 5일 이낙연 전라남도지사를 예방, 신재생에너지정책에 대한 의견을 나누고 전라남도의 에너지산업 육성 10개년 계획 추진에 협력키로 했다.  이다 데쓰나리 소장은 일본 야마구치현 출생으로 세계풍력협회 이사를 맡고 있다. 이날까지 이틀간 신안 지도 동양태양광발전소(24MW 규모), 영광 백수 풍력단지(40MW 규모)와 한빛원전을 둘러봤다.  이다 데쓰나리 소장은 이날 이 지사를 만난 자리에서 “한국의 신재생에너지 보급에 있어 가장 중요한 요소는 지역사회 주민이 적극 참여하는 것”이라며 “공급망을 구축해 계획단계부터 실행까지 지역사회가 주도하면 지역에 미치는 경제적 파급효과도 클 것”이라고 말했다. 또한 “일본 기업이 전남에 투자하도록 최선을 다하겠다”고 덧붙였다.  이에 대해 이 지사는 “에너지 의존도가 95%에 달하는 한국에서 지방분산형 에너지 정책은 피할 수 없는 흐름”이라며 “전라남도는 한국전력, 한전KDN, 한전KPS 등과 협의해 탄소제로 에너지자립섬 조성사업을 추진하는 등 관계기관과 협조해 신재생에너지 육성사업에 최선을 다하고 있다”고 말했다.  노해섭 기자 nogary@"
[광주CBS 김형로 기자]이낙연 전남지사가 눈꺼풀 처짐 수술에 따른 연가를 내고도 퇴원 뒤 곧바로 업무에 복귀해 눈길을 끌었다.  이 지사는 지난 25일 대학병원에서 눈꺼풀 처짐 수술을 위해 오는 4월 1일까지 연가를 냈다.  그런데 이 지사는 29일 퇴원하자마자 오후부터 도청으로 출근해 예산을 챙기는 등 일상업무 수행에 들어갔다.  이 지사는 수술 뒤 회복이 빠르고 업무 수행에 지장이 없어 연가를 취소하고 업무에 복귀한 것으로 전해졌다.  이 지사는 수술에 따른 안대를 하고 있어 외부 일정은 소화하지 않고 대신 내부에서 업무를 수행할 것으로 알려졌다.  khn5029@hanmail.net  저작권자 © CBS 노컷뉴스(www.nocutnews.co.kr) 무단전재 및 재배포 금지
"이낙연 전남지사, 실무 협의차 첫 전세기로 입국한 왕이신 부성장 면담  [아시아경제 노해섭 기자]이낙연 전라남도지사는 22일 도청 집무실에서 중국 산시성(山西省) 왕이신(王一新) 부성장을 단장으로 한 산시성 대표단의 예방을 받고 두 지역의 교류협력 추진 방안을 논의했다.  왕이신 부성장은 이낙연 도지사가 지난해 12월 산시성을 방문해 리샤오펑 성장과 합의한 협력사업에 대한 실무 협의를 위해 22일 무안공항을 통해 입국했다.  이날 면담에서 왕이신 부성장은 “지난해 합의사항의 많은 부분이 현실화되고 구체적 발전 방안을 도출하는 등 전남과 산시성의 관계에 많은 성과가 있었다”며 “올해부터 산시성에 전남 중학생 25명과 다섯 가족을 초청하고, 전세기를 정기노선으로 전환해 안정적으로 운항하도록 상호 홍보를 강화하는 한편, 거멍과 한전의 협력사업을 더욱 강화하는 등 협력사업을 추가해 추진하자”고 제안했다.  이에 대해 이 지사는 “지난해 산시성장과 합의한 사항 중 대규모 대표단의 전남 방문과 양 지역 특산품 교환 전시회 개최 등 많은 사항이 이행되고 있다”며 “이번 방문을 통해 양 지역이 새로운 관계로 발전하는 계기가 되길 바란다”고 말했다.  특히 “왕 부성장이 제안한 중학생과 일반 가족의 산시성 초청계획은 양 지역의 관계가 풀뿌리까지 확대되는 기회가 될 것으로 기대한다”고 평가했다. 이어 “산시성 거멍에너지유한공사와 한전의 협력, 양 지역을 알리기 위한 홍보 등에 대해서도 적극 지원하겠다”며 ""23일 개최되는 전남도-산시성 간 교류협력사업 실무회의에서 충분히 논의토록 하겠다”고 덧붙였다.  이번 산시성 방문단은 관광, 환경, 농업, 문화예술 등 성 정부 관계자 27명, 에너지 및 농업기업인 37명, 관광객 80명 등 총 140여 명으로 구성됐다.  특히 이번에 전세기를 이용해 전남을 방문함으로써 지난해 이 지사와 리샤오펑 성장 간 전세기 운항 합의사항이 실질적 성과로 이어졌다는 평가를 받고 있다.  왕이신 부성장 일행은 24일까지 전남에 머무르면서 ‘교류협력사업 실무회의’를 갖고 두 지역 농산물 홍보전시회 상호 개최 등 6개 분야 교류협력 강화를 위한 세부 추진계획을 협의할 예정이다.  또한 이번 방문단에 참여한 산시성 거멍(格盟)국제에너지그룹 관계자들은 전남지역에 소재한 한국전력과 포스코그린가스텍 등 에너지기업을 방문해 두 지역 기업 간 에너지산업 협력 방안을 협의한다.  노해섭  기자 nogary@"
"한국농어촌공사가 22일 전남 나주시 본사에서 개최한 '세계 물의 날' 기념식에서 공사 임직원과 신정훈 국회의원(왼쪽 여덟번째), 이낙연 도지사(왼쪽 여섯번째), 강인규 나주시장(왼쪽 아홉번째), 유관기관 전문가 및 관계자 등이 기념 촬영하고 있다.  한국농어촌공사는 22일 전남 나주시 본사에서 공사 임직원과 신정훈 국회의원, 이낙연 도지사, 강인규 나주시장, 유관기관 전문가 및 관계자 등 500여 명이 참석한 가운데 '세계 물의 날' 기념식을 개최했다고 밝혔다.  이상무 농어촌공사 사장은 기념사를 통해 ""충분한 물을 확보하고 깨끗하게 보존하는 일은 물 관련 일자리를 창출하는 밑바탕""이라며 ""공사는 농어촌용수 관리 전문기관으로서 개발도상국 등의 농업생산기반 관련 물 산업 시장에 지속적으로 투자할 것""이라고 말했다.  손재권 한국농공학회 회장은 '물과 일자리'라는 주제의 특별강연에서 ""최근 물 산업은 기후변화로 인해 유역개발, 물 공급의 안정성 확보 등 물 순환의 전 과정으로 확대되고 있으며, 향후 농어촌용수 부문에서도 국내 물 산업 분야와 연계한 효율적인 관리시스템 구축이 필요하다""고 주장했다.  김용훈 기자  ※ 저작권자 ⓒ  . 무단 전재-재배포 금지"
"영광은 원불교 영산성지, 백제불교 최초 도래지, 기독교인 순교지 염산·야월교회, 신유박해 천주교 순교지 순교기념성당 등 4대 종교 성지가 위치해 성지순례 등 많은 관광객이 이곳을 방문하고 있다. 그동안 마땅한 숙박시설이 없어 그저 거쳐 가는 관광코스에 불과했으나 국제마음훈련원이 개관하면 체류하는 관광지로 변모할 것으로 기대된다.  (재)국제마음훈련원에서는 영광이 4대 종교 성지인 점을 고려해 원불교도 뿐만 아니라 지역사회와 함께 느끼고 체험할 수 있는 다용도 시설로서 역할을 하기 위해 청소년 인성교육 프로그램을 비롯해 기업체의 마음경영, 일반인의 마음훈련, 가족 힐링을 위한 심신치유 프로그램 등 다각적 운영 방안을 마련하고 있다.  노해섭  기자 nogary@"
"서편제 창시자 박유전 명창 등 배출 …체험교실 등 운영  [아시아경제 노해섭 기자]이낙연 전라남도지사가 올해 2대 도정 프로젝트의 하나인 남도문예 르네상스 사업 아이템 발굴과 구상을 위해 현장을 지속적으로 방문하고 있는 가운데 22일 박유전 명창 등을 배출한 ‘보성 판소리성지’를 둘러봤다.  ‘남도문예 르네상스’는 전남의 우수한 전통 문화예술 자원을 발굴 복원, 대중화,세계화로 제2의 부흥기를 마련하기 위한 것이다. 주요 남도 문화예술은 판소리 등 음악을 비롯해 서화, 전통정원, 다도, 도예, 바둑 등이며, 전라남도는 지난 15일 용역 착수보고회를 가졌다.  보성 판소리 성지시설은 조선시대 명창으로 이름을 날리며 서편제의 창시자로 유명한 강산(江山) 박유전 명창을 비롯해 서편제의 계보를 이은 정재근, 정응민, 조상현 선생 등을 기리기 위해 지난 2013년 조성돼 판소리 체험교실과 교육 프로그램 등을 운영하고 있다.  강산 박유전 명창은 동편제의 고장인 전북 순창에서 태어나 1852년 보성 강산마을로 이주해 서편제를 창시했고, 동편제와 서편제의 장점을 잘 조화시킨 강산제도 창시했다.  판소리 성지 시설 우측에는 정응민 명창의 생가가 있다. 정응민 명창은 박유전 명창의 제자로 강산제,동편제,중고제를 아우르는 보성소리의 판소리 장르를 완성해 보성소리의 살아있는 신화로 기록되고 있다.  노해섭  기자 nogary@"
"산시성 대표단, 이낙연 전남지사 면담  (무안=연합뉴스) 전승현 기자 = 한국전력과 중국 에너지기업 간 협력 방안이 논의된다.  중국 산시성 왕이성(王一新) 부성장을 단장으로 한 대표단은 22일 이낙연 전남지사를 예방한 자리에서 거멍에너지유한공사와 한국전력 간 협력사업을 추진하자고 제안했다.  이 지사는 이에 ""산시성 거멍에너지유한공사와 한전 간 협력 방안을 적극 지원하겠다""며 ""23일 개최되는 전남도-산시성 간 교류협력 사업 실무회의에서 충분히논의하겠다""고 밝혔다.  이에 따라 산시성 대표단 일원인 거명에너지유한공사 관계자들은 한전 관계자들과 에너지산업 협력방안을 심도 있게 논의할 계획이다.  산시성 대표단은 ""올해부터 산시성에 전남 중학생 25명과 가족을 초청하겠다""며 ""산시성과 무안을 오가는 일반 전세기를 정기성 전세기 노선으로 전환해 안정적으로 운항하도록 상호 홍보를 강화하자""고 제안했다.  정기성 전세기는 중국 규정에 따라 3개월 이상 운항을 못하지만 단기간에 한두 차례 운항하는 일반 전세기와 비교해 안정적이다.  이 지사는 작년 12월 산시성을 방문해 양 지역 간 교류·협력 방안 논의했다.     당시 전남도와 산시성은 무안공항과 산시성 타이위안공항을 연결하는 정기성 전세기를 오는 4월부터 6월까지 총 18회 운항하기로 의견을 모았다.  shchon@yna.co.kr"
"교통수단별 이용 변화 분석 결과 고속버스,항공은 감소  ""KTX 이용객 방문 목적, 호남선 업무, 전라선 관광 중심""  ""연계 교통체계 필요한 지역 광양,영광,강진,장흥""  [아시아경제 노해섭 기자]호남고속철도 개통 이후 수도권에서 광주전남을 찾는 인구의 KTX 이용률은 전년보다 60% 늘었고, 지역별로 목포(호남선)는 주로 업무 출장을, 여수,순천(전라선)은 관광이나 여가를 목적으로 이용하는 것으로 나타났다.  전라남도는 22일 오후 도청 서재필실에서 이낙연 도지사와 한국국토정보공사 관계자, 업무담당 공무원, 유관기관들이 참석한 가운데 ‘호남선 KTX 개통에 따른 이용객 행태 및 교통활용 변화 분석’완료보고회를 개최했다.  이번 분석은 호남선 KTX 개통에 따른 호남지역의 변화를 데이터를 통해 객관적으로 분석해 의사결정을 지원하기 위한 것으로 호남선 KTX가 개통된 지난해 4월부터 9월까지 6개월간의 데이터를 중심으로 이뤄졌다.  주요 분석 내용은 KTX 개통 전?후 교통수단 이용 변화와, 방문 목적 및 소비 변화, 접근성 및 연계교통체계다. 이를 위해 철도, 고속도로, 고속버스, 항공 등의 공공데이터와 카드 매출, 통신사 유동인구 등 민간데이터를 활용했으며, 방문 목적 분석을 위한 KTX 이용객 설문조사도 실시했다.  분석 결과 교통수단별 분담률의 경우 2014년 대비 승용차는 변화가 없었다. 고속버스는 56.4%에서 48%로, 항공은 4.1%에서 3.2%로 줄어든 반면 KTX는 14.9%에서 24.1%로 늘었다. 도시별 KTX 분담률 증가효과는 광주(74.4%)가 가장 높고, 그 다음으로 여수,순천(55.2%), 목포(27.6%) 순이었다. 고속버스 비율이 높거나, 승용차 비율이 낮을수록 KTX 이용률이 증가한 셈이다.  KTX 이용 방문객의 동선과 목적을 분석한 결과, 광주와 목포시는 전남지역 주소지의 유동인구 비율(43%)이, 여수는 서울,경기 주소지의 유동인구 비율(60%)이 높았다. 광주,목포는 주로 업무나 출장을 목적으로, 여수,순천은 관광이나 여가를 목적으로 방문하는 것으로 나타났다. 또한 관광을 목적으로 하는 방문객은 10대와 50~60대 여성으로, 주로 단체로 방문했다.  관광객이 많은 여수의 카드 매출을 분석한 결과, 2014년 대비 수도권 인구의 소비 점유율이 10.1%에서 13%로 늘었다. 수도권 인구의 총 카드거래금액은 2014년 대비 64% 늘어 2012년 여수엑스포 시점의 소비량을 초과했다.  여수 일대 주요 소비지역은 돌산읍의 돌산공원과 해상케이블카, 수정동의 엑스포해양공원과 오동도, 봉산동의 요식업 밀집지역이었으며, KTX 개통 이후 40~50대의 카드 거래가 다른 연령대에 비해 늘었다. 수도권 방문객 중 주요 소비 집단은 여성 20대 및 장년층으로, 여성은 주로 전체 카드 거래금액의 33%를 차지하는 요식업 소비를 증가시키는 것으로 분석됐다.  호남선 KTX역 영향권 및 연계교통체계를 분석한 결과, 거주인구 상위지역이면서 영향권에 포함되지 않아 연계 교통체계가 필요한 지역은 광양시, 영광군, 강진군, 장흥군이었다. 목포시는 인구의 95%가 목포역까지의 접근시간 30분 이내에 거주해 접근성은 우수하나, 주차장이 협소(33면)한 것이, 여수시는 향일암 등 일부 관광지의 접근성이 부족한 것이 개선과제로 분석됐다.  이낙연 도지사는 “이번 연구분석 결과가 도의 관광 등 연관 산업 정책에 활용되길 바란다”며 “다른 분야에서도 빅데이터를 많이 활용하는 디지털화된 마인드를 가져주길 바란다”고 말했다.  한편 전라남도와 한국국토정보공사는 지난해 11월 4일 공간정보기반 빅데이터 사업분야 업무협약을 체결하고, 첫 번째 협력과제로 ‘호남선KTX 개통에 따른 이용객 행태 및 교통 활용 변화’를 분석하기로 협의했다.  노해섭  기자 nogary@"
"호남고속철도 개통 이후 광주·전남을 찾는 외지인들이 증가하고 있다. 특히 다도해의 비경을 비롯한 ‘맛거리·먹거리·볼거리’가 풍부한 전남지역이 KTX 개통의 수혜를 톡톡히 누리고 있다.  전남도는 22일 도청에서 이낙연 도지사와 유관기관 관계자들이 참석한 가운데 ‘호남선 KTX 개통에 따른 이용객 행태 및 교통활용 변화 분석’ 완료보고회를 가졌다.  KTX 호남선이 개통된 지난해 4월∼9월까지 6개월간 분석 결과 수도권에서 광주·전남을 방문한 인구의 KTX 이용률은 14.9%에서 24.1%로 9.2% 증가한 것으로 나타났다.  도시별 KTX 분담률 증가효과는 광주(75%)가 가장 높았으며, 그 다음으로 여수·순천(55.2%), 목포(28%) 순으로 나타났다.  KTX 이용 방문객의 동선의 경우 광주와 목포시는 전남지역 주소지의 유동인구 비율(43%)이, 순천과 여수는 수도권 주소지의 유동인구 비율(60%)이 높은 것으로 나타났다. 이들 가운데 광주와 목포는 업무나 출장을 목적으로, 순천과 여수는 관광이나 여가를 목적으로 방문하는 것으로 나타났다.  특히 지난 한 해 동안 여수를 찾은 1300만명의 관광객 가운데 수도권 인구의 총 카드지출액은 2014년 같은 기간에 비해 64% 증가한 것으로 조사됐다..  하지만 KTX역과의 접근성이 떨어지는 광양시와 영광·강진·장흥군 등 일부 도시와 관광지에 대한 교통 연계는 풀어야할 과제로 지적됐다.  무안=김영균 기자 ykk222@kmib.co.kr  GoodNews paper ⓒ 국민일보(www.kmib.co.kr), 무단전재 및 재배포금지  [뉴스 미란다 원칙] 취재원과 독자에게는 국민일보에 자유로이 접근할 권리와 반론·정정·추후 보도를 청구할 권리가 있습니다. 고충처리인(gochung@kmib.co.kr)/전화:02-781-9711"
"이 지사는 협력을 약속하면서 “올림픽은 평화와 화해의 축제인 만큼 도쿄에서 재일 한국인에 대한 헤이트스피치(혐오연설)가 없어지도록 도와달라”고 말했다.  이 지사와 마스조에 지사는 서로 상대국을 아는 지식인으로서 앞으로도 의제에 구애받지 않고 허심탄회한 대화를 이어가기로 합의했다.  이 지사는 동아일보 도쿄특파원과 한일의원연맹 간사장 등으로 일한 일본통이며, 마스조에 지사는 대학 교수와 참의원 의원으로 일한 지한파다.  이 지사는 이날 저녁 오공태 재일민단 단장, 김용두 대한노인회 일본지회장 겸 전남도민회장 등 재일동포사회 지도자들과 식사를 함께 하며, “전남에서 올해 5월 열리는 세계친환경디자인박람회와 10월 열리는 국제통합의학박람회 등에 재일동포들이 많이 참관하고 전남에 대한 투자도 늘려달라”고 요청했다.  이 지사는 19일 귀국한다.  노해섭  기자 nogary@"
"경찰 전 소방본부장·소방서장 등 4명 검찰 송치  【무안=뉴시스】맹대환 기자 = 전남도가 청렴도 순위에서 전국 최하위권이라는 오명을 벗기 위해 안간힘을 쓰고 있는 가운데 인사 비위혐의가 불거져 찬물을 끼얹고 있다.  전남경찰청은 18일 전남소방본부의 소방서장(소방정) 승진 심사에 개입하고 심사 서류를 파기한 혐의(직권남용·증거인멸) 등으로 박모 전 전남소방본부장과 박모 순천소방서장 등 4명을 불구속 기소의견으로 검찰에 송치했다고 밝혔다.  박 전 본부장과 박 서장은 지난해 7월23일 소방정 승진 심사 과정에 개입해 당초 심사위원들이 승진자로 결정한 성적 상위자를 후순위 직원과 바꿔치기한 혐의를 받고 있다.  당시 심사위원장이었던 박 서장은 승진자 4명이 모두 결정되자 보고하기 위해 박 전 본부장 집무실로 향했으나, 다시 돌아와 승진자 한 명을 교체하자고 제안했다.  이후 심사위원들은 재투표나 추가적인 심사 없이 박수로 승진자를 번복했으며, 박 전 본부장은 다음 날 이낙연 전남지사의 결재를 맡아 심사 결과를 발표했다.  당시 박 서장은 ""A씨 집무실에 들어갔으나 자리에 없어 만나지 못했다""고 공모 혐의를 부인했다.  박 전 본부장도 ""심사가 끝나기를 기다리다가 잠시 자리를 비워 박 서장을 만나지 못했다""며 ""이번 인사는 무리없이 잘 된 것으로 평가받고 있고 부당한 인사개입은 없었다""고 말했다.  하지만 심사위원으로 참여했던 한 소방서장은 ""소방본부장 집무실에 다녀 온 심사위원장이 갑자기 인사 번복을 주장하면서 박수를 유도하는 바람에 인사가 뒤집혔다""며 ""부당한 인사개입이 작용한 결과""라고 의혹을 제기했다.  당초 승진자 명단에 올랐다가 탈락한 직원은 충격을 받고 자살소동까지 벌였다.  전남소방본부는 검찰이 이번 사건을 기소할 경우 박 서장 등을 직위해제할 방침이다. 박 전 본부장은 퇴직을 앞두고 공로연수에 들어갔다.  전남도는 지난해까지 6년 연속 청렴도 전국 최하위권을 차지하자 간부직원 교육과 노사 합동 워크숍을 개최하는 등 청렴도 향상을 도정 최우선 과제로 추진하고 있다. 청렴도 하락은 조직 내 인사 문제가 가장 큰 원인으로 지목되고 있다.  mdhnews@newsis.com"
"[강용모 기자] 2016세계친환경디자인박람회 조직위원회(위원장 이낙연)가 박람회 홍보 붐 조성을 위해 남도의 봄꽃 축제 현장을 찾는다.  조직위에 따르면 세계친환경디자인박람회 성공 개최 붐 조성을 위해 마스코트인 ‘에코-5 패밀리’가 19일과 20일 각각 광양매화축제와 구례산수유꽃축제 장을 찾아 현장홍보에 나선다고 밝혔다.  또 26일과 27일에는 구례산수유꽃축제에, 27일은 나주영산강마라톤대회에, 다음달 초에는 여의도벚꽃축제를 찾는다.  이번 현장홍보 기간 동안, 관광객들이 ‘에코-5 패밀리’와 사진을 찍어 세계친환경디자인박람회 페이스북과 카카오스토리에 사진과 소감을 올리면 추첨을 통해 70명에게 소정의 기념품을 전달할 계획이다.  한편 2016 세계친환경디자인박람회는 백 가지 친환경과 천 가지 디자인의 융합을 보여주기 위해 고석만 총감독을 비롯한 국내 최고의 연출가와 제작진이 야심차게 준비하고 있는 국제행사다.  오는 5월 5월 전남 나주시 일원(나주농업기술원, 빛가람혁신도시)에서 개최된다.  ymkang@sportsworldi.com  2016세계친환경디자인박람회 마스코트 ‘에코-5 패밀리’가 지난 6일 경남 하동군에서 개최된 섬진강꽃길마라톤대회를 찾아 현장 홍보를 펼치고 있다."
"(무안=연합뉴스) 박성우 기자 = 일본을 방문한 이낙연 전남지사는 18일 일본 도쿄도청에서 마스조에 요이치(舛添要一) 도쿄도지사를 만나 공동 관심사를 폭넓게 논의했다.  전남도에 따르면 마스조에 지사는 양국 관계의 지속적 발전을 위해 도쿄와 전남 등 지자체들이 협력해 나가자고 제안했다.  이 지사는 정치외교적으로 양국 관계에 기복이 있더라도 민간의 풀뿌리 교류와 지방 사이의 협력은 흔들림 없이 계속돼야 한다며 한일관계의 더 큰 발전을 위해 함께 노력하자고 화답했다.  이 지사는 특히 양국 현안의 하나로 정부가 추진중인 제2 도쿄한국학교 설립에 마스조에 지사가 협력해준 것에 감사를 표하며 제2 도쿄한국학교가 문을 열고 더 많은 한국 학생들이 편하게 공부할 수 있도록 도와줄 것도 요청했다.  이 지사는 이어 오공태 재일민단 단장, 김용두 대한노인회 일본지회장 겸 전남도민회장 등 재일동포사회 인사들과 저녁을 함께 하며 전남에서 오는 5월과 10월 각각 열리는 세계친환경디자인박람회와 국제통합의학박람회에 재일동포들이 많이 참관하고 전남에 대한 투자도늘려달라고 요청했다.  이 지사는 19일 귀국한다.  3pedcrow@yna.co.kr"
"[광주CBS 김삼헌기자]이세돌 9단이 오는 5월 5일부터 전남 나주에서 열라는 2016 세계친환경디자인박람회 홍보대사로 위촉될 전망이다.  2016세계친환경디자인박람회 조직위원회(조직위원장 이낙연 전남도지사)는 이세돌 9단이 홍보대사을 맡아달라는 요청에 대해 이를 수락했다고 18일 밝혔다.  세계친환경디자인박람회 조직위측은 ""이세돌 9단이 '전남의 우수한 자원을 활용 지역경제 활성화에 기여할 박람회에 홍보대사로 선정돼 대단히 영광스럽다'며 '지금은 휴식과 해외 일정이 많아 시간을 낼 수 없지만, 박람회 성공개최를 위해 홍보에 최대한 도움이 될 수 있도록 하겠다'는 입장을 전달했다""고 전했다.  친환경디자인박람회 조직위 관계자는 ""인공지능 알파고와 세기의 대결을 펼쳐 전 세계에 우상이 된 이세돌이 박람회 홍보대사가 되어 박람회를 찾는 청소년들에게 비전과 글로벌 마인드를 심어줄 계기가 될 것으로 기대한다""고 밝혔다.  이에따라 세계친환경디자인박람회의 홍보대사는 지난해 위촉된 영화배우 차승원, 유해진, 손호준과 삼시세끼의 나영석PD에 이어 이세돌 9단까지 합류하게 됐다.  세계친환경디자인박람회는 전남이 가지고 있는 친환경 DNA의 디자인가능성, 나아가 산업화 가능성을 찾아내서 이를 가지고 고용창출과 지역경제 활성화를 꾀하고자 5월 5일부터 29일까지 전라남도 나주시 일원(농업기술원, 광주·전남빛가람혁신도시)에서 개최된다.  gondang@hanmail.net  저작권자 © CBS 노컷뉴스(www.nocutnews.co.kr) 무단전재 및 재배포 금지"
"민원인 말 정성스럽게 경청·그늘진 곳에 행정의 온기 전달 등 강조  [아시아경제 노해섭 기자]이낙연 전라남도지사는 2일 “도민보다 낮은 자리에서 그들의 목소리에 정성스럽게 귀 기울여 소외받는 이들이 없도록 함으로써 ‘온정 있는 전남’을 실현하자”고 강조했다.  이 지사는 이날 오전 도청 왕인실에서 3월 정례조회를 갖고 “스포츠가 아름다운 이유는 승부와 규칙, 승복, 땀, 눈물이 있고 여기에 더해 상을 주는 사람이 받는 사람보다 더 낮은 자리에 있는 스포츠세계만의 독특함 때문”이라며 공직자의 낮은 자세를 주문했다.  이어 “도민을 만날 때 혹은 행정을 통해 도민을 접할 때 우리 마음 속에 ‘내가 윗사람이다’라는 ‘갑’의 의식이 있지 않나 각자의 위치에서 생각해볼 필요가 있다”며 “민원인을 대할 때 정성스럽게 경청하고, 안 되는 민원에 대해선 무조건 안 된다는 말보다는 대안을 찾아주고, 대안도 없다면 연민의 마음으로 납득할 수 있게 설명해드려야 한다”고 말했다.  이 지사는 또 “도에서는 지난해 말부터 좀 더 본격적으로 사회의 그늘진 곳에 빛을 비추기 위한 노력으로 비정규직을 정규직으로 전환해주고, 여직원 건강휴가를 유급으로 명문화하고, 신협의 일수대출 금리를 10%포인트 이상 낮추고, 일정 시일이 경과한 악성 채권을 싼 값에 사 소각하는 협약을 하는 등의 일들이 잇따랐다”며 “앞으로도 실국별로 그런 일을 찾기 위해 생각의 알을 깨고 상상력을 발휘, 행정으로부터 소외된 분들에게 행정의 온기를 전달하자”고 덧붙였다.  노해섭  기자 nogary@"
"연 2백만봉 규모 고품질 배지 생산 …양질의 표고 재배 환경 지원  [아시아경제 문승용] 산림조합중앙회(회장 이석형)는 연2백만봉 이상의 고품질 표고버섯배지를 생산할 수 있는 전남버섯배지센터 준공식이 3일 오후 2시 전남 함평군 대동면에서 개최된다고 밝혔다.  이날 전남버섯배지센터 준공식은 이낙연 전라남도지사와 이석형 산림조합중앙회장등이 참석한 가운데 준공식이 열릴 예정이다.  전남버섯배지센터는 중국산 생표고와 중국산 수입 톱밥배지의 급격한 증가로 국내 생표고 시장 점유율 60%를 넘어서며 국산 표고재배 임가를 위협하고 있어, 지역 표고 재배 임가에 양질의 종균과 안정적인 버섯 배지공급을 위해 건립됐다.  산림조합은 표고버섯 재배 임가 및 귀농귀촌 희망자, 표고 재배 희망자들에 대한 기술 교육과 현지 컨설팅 등 적극적인 기술지원을 통해 재배 기술을 고도화하고 재배 임가와의 상생 네트워크를 구축, 중국산 생표고에 맞설 고품질 국내산 표고를 생산 할 수 있도록 한다는 계획이다.  표고버섯은 귀농귀촌 희망자들이 가장 선호하는 품목이자 임가의 고소득 작목으로 인기를 끌고 있는 품목으로 참나무 원목을 이용한 재배방식과 톱밥을 이용해 재배하는 배지 방식이 있다.  전남버섯배지센터에서 생산되는 표고버섯 배지는 100% 국내산 참나무 톱밥만을 이용해 만들고 양질의 국산 표고 종균을 접종·배양해 표고버섯 재배 임가에 공급하게 된다.  산림조합중앙회 이석형 중앙회장은 ""안정적인 표고 재배 환경을 제공하게 돼 매우 기쁘게 생각한다""며 ""향후 표고버섯뿐만 아니라 목이버섯 배지도 생산해 지역경제와 임업인의 소득향상에 기여하고 표고버섯을 이용한 가공품 개발과 유통망 확충에도 적극적으로 나설 계획”이라고 밝혔다.  문승용 기자 msynews@"
"사업비 823억원 들여 2020년 준공  【영광=뉴시스】맹대환 기자 = 전남 영광군 한빛원전 인근 주민들의 20년 이상 숙원이었던 법성~홍농간 4차선도로 확포장공사가 2일 착공됐다.  원전 유사시 대피로인 진입도로 가운데 전국에서 유일하게 2차선 곡선 구간이었던 이 도로가 4차선 직선구간으로 바뀌게 돼 신속하고 안전한 대피가 가능해졌다.  전남도는 이날 영광군 법성면 화천리에서 홍농읍 상하리까지 국지도 15호선 5.6㎞ 구간 확포장공사 착공식을 가졌다.  착공식에는 이낙연 전남지사, 김범년 한수원 부사장, 김준성 영광군수를 비롯한 지역 주민 등이 참석했다.  법성~홍농간 국가지원지방도로 확포장공사는 5.6㎞ 구간을 2차로에서 4차로로 확포장하는 사업이다. 국비 313억원, 도비 123억원, 영광군비 19억원, 한수원 부담 368억원 등 총 823억원의 사업비를 들여 2020년 준공할 예정이다.  이 지사는 착공식 인사말을 통해 ""지난 2008년 국회의원 시절 일부 농어촌도로가 포함된 지방도였던 이 도로를 국지도 15호선으로 포함시키고 4차로로 확포장해줄 것을 줄기차게 건의한 결과 이제서야 결실을 맺게 됐다""며 ""6㎞도 되지 않는 이 길을 넓히는데 이렇게 긴 세월이 걸렸다""고 말했다.  전남도는 이번 공사구간에서 제외된 한수원 정문까지의 잔여 2.7㎞에 대해서도 올해 실시설계 완료 후 2020년까지 동시에 개통시키기 위해 한수원과 협의할 계획이다.  mdhnews@newsis.com"
"법인 세무조사 면제, 대출·예금금리 우대 혜택  [아시아경제 노해섭 기자]전라남도는 성실한 납세풍토를 조성하고 납세의식을 높이기 위해 체납하지 않고 지방세를 납부한 모범 납세자 111명(개인 90·법인 21)을 선정, 모범납세자증명서를 교부했다.  모범납세자로 선정되기 위해서는 최근 5년간 지방세 체납사실이 없고 매년 개인은 500만 원 이상, 법인은 5천만 원 이상 지방세를 납부해야 한다. 모범납세자로 선정되면 같은 시군에서 5년 동안 재선정될 수 없다.  올해는 모범납세자 요건을 갖춘 대상자 559명 가운데 시장·군수의 추천을 받아 전라남도 지방세심의위원회 심사를 거쳐 선정됐다. 시군별로는 여수 25명, 순천 21명, 목포 17명, 광양 10명, 해남 5명, 영암·무안 4명, 담양·고흥·화순·완도 3명, 나주·구례·보성·함평·진도 2명, 강진·영광·장성 1명이다.  이낙연 도지사는 2일 오전 3월 정례회에서 모범납세자 가운데 3년간 매년 1천만 원 이상 납부한 개인 7명과 1억 원 이상 납부한 법인 3곳에 표창패를 수여했다.  이날 표창패 수상자는 지역 인재 육성을 위해 세한대와 목포 과학대를 설립한 목포 이경수 씨와 장학금 기부 등 봉사활동을 통해 지역사회 발전에 기여한 순천 김진호 씨, 일자리 창출과 지역 주민 복지 증진에 기여한 나주 남양유업(주), 나눔활동을 통해 기업 이윤을 지역사회에 환원한 광양 (주)에스엔엔씨, 담양 한솔페이퍼텍(주)이다.  모범납세자는 1년간 전남지역 농협과 광주은행으로부터 대출금리 0.1~1.0% 및 예금금리 0.1% 우대와 전자금융 수수료를 면제받게 된다. 법인에는 3년간 지방세 세무조사 면제 등 혜택이 주어진다.  한편 전라남도는 조례를 제정해 지난해 처음으로 모범납세자 79명(개인 61·법인 18명)을 선정했다. 개인에게는 농협과 광주은행으로부터 45건의 금리우대와 1천670건의 수수료 면제 혜택이 주어졌으며 18개 법인에는 3년간 지방세 세무조사를 면제해줬다.  노해섭  기자 nogary@"
"전남도는 2014년부터 이낙연 도지사 공약사업으로 추진한 ‘찾아가는 영화관’ 사업이 전국 시•도 및 시•군•구 우수사례로 선정돼 문화융성위원장 표창을 받았다.  2일 전남도에 따르면 문화체육관광부 주관으로 시•도 및 시•군•구 과장급 250여 명이 참석한 가운데 지난난달 26일까지 이틀간 개최된 지역문화융성 지자체 공무원 워크숍에서 ‘찾아가는 영화관’ 사업을 발표했다.  발표 결과 문체부로부터 사업의 독창성과 노력 면에서 극찬을 받았다. 타 시•도에 전파할 가치가 많은 사업 아이템으로 추천됐다.  도는 찾아가는 영화관 사업을 통해 지난해 말까지 영화관이 없는 12개 군과 여수 섬지역 등 산간?오지를 대상으로 마을회관, 공원, 학교 등서 총 55회 영화를 상영, 6275명의 문화 소외지역 주민들에게 문화 향유 기회를 제공했다.  특히 산간오지 마을에서 비닐하우스까지 개조해 최신 영화를 상영해주는 등 소외계층의 문화복지 실현을 위한 열정적 노력을 기울였으며 올해도 50회 이상 상영할 예정이다.  또 모든 도민이 생활권 내에서 최신 영화를 볼 수 있는 환경을 조성하기 위해 지난해 장흥에 이어 올 2월 고흥에 제2호 작은 영화관을 개관했다. 개봉작으로 현재 ‘순정’을 상영하고 있다.  도는 2018년까지 영화관이 없는 모든 시•군에 작은 영화관을 개관한다는 목표다.  무안=한승하 기자 hsh62@segye.com  ⓒ 세상을 보는 눈, 글로벌 미디어  세계일보"
"평택·당진항 분진 대응 등 광역자치단체 연정 논의.. 인천·전남 등 확대 전망  【 당진·평택=김원준·장충식 기자】 차세대 리더그룹으로 평가받는 남경필 경기도지와 안희정 충남도지사가 광역자치단체 연정(연합정치)을 논의할 것으로 알려졌다.  특히 남 지사는 안 지사 외에도 이낙연 전남도지사, 유정복 인천시장과 상생협력도 잇따라 추진하는 등 연정을 확대할 전망이다.  2일 경기도와 충남도 등에 따르면 남 지사는 3월 중 안 지사와 상생협력을 추진, 양 지역간 발생하고 있는 현안을 논의할 계획이다.  주요 내용은 경기도의 경우 평택·당진항 서부두 내 분진 공동대응, 서산조력발전댐 건설 반대 등이며 충남에서는 농업 협력관계 구축, 에너비 수요-공급 불균형 문제 해소 등이다.  두 사람의 만남이 관심의 대상이 되는 것은 두 지자체가 갈등을 겪고 있는 평택·당진항 매립지 권할권과 북당진변환소 건설 등 해묵은 갈등이 해결될 수 있을지 여부다.  매립지 관할권은 지난해 5월 행정자치부 지방자치단체 중앙분쟁조정위원회가 2004년 헌법재판소의 해상경계선 결정 이후 당진이 관리하던 당진.평택항 매립지 96만2336.5㎡ 중 67만9589.8㎡를 평택 관할로 결정했다.  이에 따라 당진시는 전체 매립지의 71%에 달하는 토지가 평택시로 넘어가자 대법원에 '당진평택항 매립지 귀속 결정 취소 소송'과 함께 권항쟁의심판을 제기, 반발하고 있다.  이어 한국전력이 2018년 6월 준공 목표로 당진시 송악읍 인근에 건설을 추진해온 북당진변환소를 둘러싼 갈등도 해결되지 못하고 있다.  북당진변환소는 당진화력발전소에서 생산한 전기를 삼성전자 평택 공장과 수도권으로 보내기 위한 시설로, 당진시는 송전 시설에 대한 부정적 여론을 이유로 한전이 신청한 변환소 건축 허가를 반려했으며 모든 송전 선로 지중화와 추가 철탑 건설 반대를 주장하고 있다.  평택·당진항 내항~신평 연륙교 건설 사업은 당진시 신평면 부수리에서 아산만을 건너 3.1㎞를 연결하는 사업으로, 연륙교가 건설되면 평택.당진항 진입을 위해 서해대교를 통해 우회하던 27㎞를 절반 이상(11㎞) 단축할 수 있지만 평택시가 반대하고 있다.  이에 따라 남 지사와 안 지사의 만남을 계기로 양 지자체간 묵은 갈등을 해결할 수 있을지 관심이 집중되고 있다.  충남도 관계자는 ""아직 정확한 일정은 정해지지 않았다""며 ""민감한 현안이 많아 조율에 시간이 걸린다""고 전했다.  한편 남 지사는 오는 4월 이 전남지사와 '경기-전남 지역자원 활용 상생협약'을 체결하고 6월 중 인천시와 '수도권 발전을 위한 공동협력'을 추진하는 등 광역자치단체와 연정을 확대할 계획이다.  jjang@fnnews.com  ※ 저작권자 ⓒ  . 무단 전재-재배포 금지"
"4일 오후 5시 서울 강남구 청담동 프리마호텔 그랜드볼룸서 열어...정의회 국회의장, 김무성 새누리당 대표, 김종인 더민주당 대표, 안철수·천정배 국민의당 공동대표와 윤장현 광주광역시장, 이낙연 전남지사, 국회의원 20여명 등 600여명 참석 예정  [아시아경제 박종일 기자] 전국호남향우회중앙회(회장 박광태 전 광주광역시장) 정기총회가 4일 오후 5시 서울 강남구 청담동 프리마호텔 그랜브볼룸에서 열린다.  이날 총회는 박광태 중앙회장(사진)을 비롯 조봉현 수석부회장, 박차광 사무총장을 비롯한 집행부와 김상현·김형문·정진호 상임고문 등 600여명이 참석할 예정이다.  이날 정의화 국회의장, 김무성 새누리당 대표, 김종인 더민주당 대표,안철수·천정배 국민의당 공동대표 등과 20여명의 국회의원 등 정치권 주요 인사들도 참여할 것으로 알려졌다.  또 윤장현 광주광역시장, 이낙연 전남지사 등 호남권 광역단체장 및 기초단체장들도 참석, 행사를 빛낼 예정이다.  특히 이날 행사는 4.13총선을 앞두고 호남 출향 인사들의 모임인 전국호남향우회중앙회가 열려 주목된다.  박종일 기자 dream@asiae.co.kr"
"(담양=뉴스1) 김한식 기자 = 전남도립대(총장 김왕복)는 2일 오전 대학 강당에서 이낙연 전남도지사와 최형식 담양군수, 박철홍, 전정철, 권애영 도의원, 학부모, 신입생 등 900여 명이 참석한 가운데 2016학년도 입학식을 가졌다.  이날 입학식에서는 신입생 전체를 대표해 호텔관광과 수석을 차지한 김도원 학생의 신입생 선서에 이어 전체 수석을 차지한 소방안전관리과 서민영 학생을 비롯한 전체 차석과 18개 학과별 성적 우수자에게 장학증서가 수여됐다.  hskim@  ), 무단 전재 및 재배포 금지]"
"전남도는 이낙연(사진) 지사의 최근 방미 성과를 현실화하기 위한 후속조치에 착수했다고 2일 밝혔다. 방미 성과물을 분석하고 도움을 줄 인사들을 관리해 관련 산업 발전으로 연결시킨다는 복안이다.  이 지사는 앞서 지난 2월 22일부터 26일까지 미국 동부 4개 지역을 방문, 투자개발회사 플린 코퍼레이션의 케빈 플린 회장으로부터 해남 오시아노 관광단지에 5억5000만 달러를 투자하는 내용의 의향서를 전달받았다. 권중갑 에이치마트(H-마트) 회장과도 면담하고 김, 전복 등 농수산식품 1000만 달러어치를 1년 이내에 수출하는 협약을 맺었다. 또 테리 매콜리프 버지니아주지사와 농업·에너지·말산업 등 분야의 우호교류협정을 체결하는 한편, 래리 호건 메릴랜드 주지사와는 우호교류협정을 3년간 연장했다.  이 지사는 “케빈 플린 회장의 경우 1962년부터 한국에 다녀갈 만큼 한국에 관심이 많고 대학 후배인 호남 출신 한국계 여성 이사를 대단히 신뢰하고 있으며, 래리 호건 주지사의 처가는 나주에 있다”며 “그런 인연을 붙잡고 노력하면 성과를 키울 수 있을 것”이라고 강조했다.  무안 = 정우천 기자 sunshine@munhwa.com  [Copyrightⓒmunhwa.com '대한민국 오후를 여는 유일석간 문화일보' 무단 전재 및 재배포 금지()]"
"지역사회 산업 맞춤형 전문인력 양성 다짐  [아시아경제 노해섭 기자]전남도립대학교(총장 김왕복)는 2일 오전 대학 강당에서 이낙연 전라남도지사와 최형식 담양군수, 박철홍, 전정철, 권애영 도의원, 학부모, 신입생 등 900여 명이 참석한 가운데 2016학년도 입학식을 가졌다.  이날 입학식에서는 신입생 전체를 대표해 호텔관광과 수석을 차지한 김도원 학생의 신입생 선서에 이어 전체 수석을 차지한 소방안전관리과 서민영 학생을 비롯한 전체 차석과 18개 학과별 성적 우수자에게 장학증서가 수여됐다.  김왕복 총장은 환영사에서 “인성, 교양, 현장교육을 주축으로 한 맞춤형 취업교육의 전당으로 대학 평가 우수대학 5관왕을 달성한 전남도립대학교를 선택해 입학하게 된 것을 축하한다”며 “철저한 시간 계획과 수업 참여율 100%, 다양한 도전적 경험 등에 앞장서 줄 것”을 당부했다.  이낙연 도지사는 축사를 통해 “입학생 모두가 빠르게 변화하는 세계에 잘 대응해 국가와 지역사회 발전을 이끌 당당한 주역이 되도록 학업에 정진해주길 바란다”고 말했다.  한편 전남도립대는 특성화 전문대학 육성사업을 비롯한 산학협력 선도 전문대학(LINC) 지원사업, 고교-전문대 통합교육(Uni-Tech) 육성사업 등 정부로부터 선정된 각종 재정지원사업과 연계해 대학 경쟁력을 강화하고 있다.  또한 지역사회와 산업 맞춤형 전문인력을 갖춘 인재를 양성해 실질적 취업확대로 이어지도록 끊임없이 정진하고 있다.  노해섭  기자 nogary@"
"李, ""인간이 만든 정책모순, 인간의 지혜와 열정으로 해결해야""  [광주CBS 김삼헌 기자]전라남도는 14일 오전 도청 서재필실에서 이낙연 도지사 주재로 '서민 배려시책 보고회'를 갖고 영세 소상공인 일수대출 금리를 낮추고, 저소득층 금융복지상담센터를 운영하는 등 실효성과 지속성을 갖춘 서민 배려시책을 적극 시행하기로 했다.  또, 지역의 정주여건 개선을 위해 지하수 음용 가정 옥내 급수관 설치 지원과 주거환경 개선사업, 10인 미만 거주 섬에 생수와 소형 태양광 시설 지원 사업을 펴기로 했다.  이밖에 전라남도의 비정규직 근로자 생활임금제와 비정규직 고용 개선 등을 계속 추진하고 교통오지마을 100원 택시와 공공산후조리원, 취약계층 가스안전장치 보급사업도 계속 확대하기로 했다.  이낙연 전남지사는 이날 보고회에서 ""전남 바둑계 국수의 막내인 이세돌 9단이 지혜와 열정과 집념을 쏟아 인공지능 알파고에 3연패 뒤 1승을 거둬 인류에게 깊은 감동을 줬다""며 ""인간이 만든 정책을 시행하다 보면 그 정책이 인간 위에 군림하고 인간을 소외시키고, 부작용과 모순이나 사각지대를 만들어내므로 그것을 인간의 지혜와 열정과 집념으로 해결해야 한다""고 말했다.  이 지사는 이어 사회적 약자 배려를 위한 서민 배려시책의 검토·보완·추진 과정에서 고려해야 할 7가지 원칙으로 '종합'과 '실효', '형평', '지속', '재원', '부작용', '홍보'를 강조했다.  이 지사는 ""정책의 수요자를 빠뜨리지 않고 세밀하게 망라하면서 실질적 도움을 줘야 하고, 형평성과 정책의 지속가능성을 점검해야 하며, 온정의 정책으로 인해 부작용이 생기지 않도록 주의하면서 발굴한 시책은 도민에게 적극 알려야 한다""고 강조했다.  gondang@hanmail.net  저작권자 © CBS 노컷뉴스(www.nocutnews.co.kr) 무단전재 및 재배포 금지"
"【광주=뉴시스】배상현 기자 = 더불어민주당과 국민의당 간 '야당 텃밭' 쟁탈전이 치열한 가운데 20대 총선 후보자 선출을 위한 광주·전남지역 경선이 이번주 각각 실시됨에 따라 경선구도에 관심이 모아지고 있다.  이르면 이번 주말부터 더민주와 국민의당 등을 포함한 총선 본선 대진표가 확정될 것으로 보인다.  14일 광주·전남지역 정가에 따르면 더민주는 광주 북구을과 광산을, 순천 등 경선이 확정된 선거구를 시작으로 오는 17일부터 늦어도 20일까지 안심번호를 활용한 ARS 투표를 통해 최종 후보자를 확정한다.  광주 북구을과 광산갑, 영암·무안·신안, 순천, 고흥·보성·장흥·강진은 17~18일 양일간 경선이 실시된다.  광주 북구을은 이남재 전 전남도 정무특보와 이형석 전 광주시경제부시장이 막판 공천 경쟁을 벌이고 있다.  광산갑은 이용빈 광주외국인노동자건강센터 이사장과 임한필 `2015 김대중평화캠프조직위원회 사무처장, 허문수 전 광주시의원 등이 경합하고 있다.  전남 영암·무안·신안은 서삼석 전 무안군수와 이윤석 의원, 순천은 김광진 비례대표 의원과 노관규 전 순천 시장, 고흥·보성·장흥·강진은 신문식 비례대표 의원과 곽동진(동반성장연구소 연구위원) 예비후보가 각각 경쟁했다.  이날 경선지역으로 확정된 광주 서구갑은 박혜자 현 의원과 송갑석 전 전대협 의장이 한판 승부를 벌인다.  여수갑은 송대수 전 전남도의회 부의장과  강화수 전 청와대 정책조정행정관이 경선을 한다.  국민의당도 이번주 본격적인 경선을 실시한다.  광주는 숙의배심원투표 경선을 오는 18일 부터 20일까지 3일간 광주김대중컨벤션센터에서 실시한다.  광주 지역은 동구남구갑에 장병완 의원과 정진욱 전 한국경제TV 앵커, 서정성 전 안철수 의원 보좌관이,  서구갑은 이건태 전 서울 중앙지방검찰정 부장검사, 송기석 전 광주지방법원 부장판사, 정용화 전 2015 광주유니버시아드 조직위원회 부위원장이 각각 경선을 치른다.  북구갑은 김유정 전 김대중대통령 청와대 행정관, 김경진 정치평론가, 국성근 전남대학교 화학과 교수가,  북구을은 최경환 전 김대중 정부 청와대 공보비서관, 김하중 전 광주지방검찰청 목포지청장 등이 각각 경쟁한다.  광산구갑은 김동철 의원, 김경록 당 대변인, 윤봉근 전 광주시의회 의장이, 광산구을은 권은희 의원, 고원 전 서울과학기술대학교 기금조교수, 최선욱 광산미래경제포럼 상임고문 등이 막판 공천경쟁을 벌인다.  전남 지역은 고흥·보성·장흥·강진의 경우 김승남 의원, 황주홍 의원과 김철근 동국대 사회과학대 겸임교수가 경합한다.  여수갑은 김경호 사단법인 여수갯가길 이사장과 김영규 전 여수시의회 의장, 이용주 전 서울동부지방검찰청 부장검사가, 나주·화순은 홍기훈 전 국회의원과 손금주 전 서울행정법원 판사, 김대동 전 나주시장 등이 각각 경선을 벌인다.  광양·곡성·구례는 최유성 전 이낙연의원 보좌관과 남기호 전 광양시의회 의장, 정인화 전 광양부시장, 서동용 민주사회를 위한 변호사 모임 회원이, 해남·완도·진도는 김영균 주식회사 에스엠비투비 대표이사와 이영호 전 국회의원, 윤영일 전 감사원 교육원장 등이 경선한다.  순천은 구희승 전 광주지법 판사와 박상욱 시민운동가, 손훈모 변호사 등이 일찌감치 경선준비에 돌입했다.  두 당의 경선이 진행됨에 따라 오는 24일 후보등록을 앞두고 이르면 19일부터 본선 대진표가 속속 윤곽을 드러낼 것으로 보인다.  한편 새누리당은 이날까지 광주 6곳, 전남 10곳 등 16곳 선거구에 대해 공천을 확정했다.  정의당도 광주 4곳, 전남 3곳 등 총 7곳의 후보를 확정했다.  praxis@newsis.com"
"자오후이 실무단 방문해 농업기술·전통의학 등 세부 추진계획 합의  [아시아경제 노해섭 기자]전라남도가 중국 장시성과 관광·농업기술·전통의학 등 9개 분야 교류 확대를 위한 세부 추진계획에 합의했다.  전라남도는 14일 도청에서 장수철 국제협력관과 자오후이(趙慧) 장시성 외사교무판공실 주임이 ‘전남도-장시성 교류사업 실무회의’를 개최했다고 밝혔다.  이날 회의는 지난해 12월 이낙연 전라남도지사가 중국 순방 때 루신셔(鹿心社) 장시성장과의 회담에서 합의한 분야별 협력사업의 후속조치를 구체화하기 위한 것으로, 장시성 실무 대표단이 전라남도를 방문해 이뤄졌다.  양측은 이날 회의에서 ‘우호교류 및 산업분야’의 경우 ▲‘전남도-장시성 우호도시 협력주간’행사 상호 방문 개최 ▲항공분야 기술 및 인적교류 등을 추진키로 했다.  ‘기술 연수분야’에선 ▲농업분야 신기술·신품종 연구 협력 및 농업기술인력 상호 파견 연수 ▲한·중 전통의학분야 공동 연구, 학술 교류, 신약 개발 등 협력 ▲도자문화 연구 및 도예기술 협력, 도예 전문가 교류, 도자문화·산업 기관 간 협력키로 했다. 특히 2016년 전남에서 개최되는 ‘장흥국제통합의학박람회’와 장시성에서 개최되는 ‘징더전(景德鎭) 국제도자박람회’에 각각 상호 참가키로 했다.  ‘교육협력 및 청소년 교류분야’에선 ▲2016년 3~5개 대학 간 자매결연 체결 및 교수·학생 간 상호 교류 ▲대학생 교환방문 인원 25명에서 30명으로 확대 ▲두 지역 초·중·고교 학생 간 상호 방문을 추진키로 했다.  ‘관광분야’에선 두 지역 관광부서 간 협력체계 구축 및 관광코스 개발과 관광객 모집, 무안공항과 난창(南昌)공항 간 정기성 전세기 운항 등을 적극 추진키로 합의했다.  장수철 전라남도 국제협력관은 “장시성 대표단이 직접 전남을 방문해 협의한 것은 그만큼 교류에 적극성을 보여준 것”이라며 “협력사업 세부추진계획 합의를 계기로 두 지역이 서로 구체적 성과를 내도록 하겠다”고 말했다.  전라남도와 장시성은 2004년부터 교류를 시작해 2012년 자매결연을 맺고,  매년 대학생 상호 방문과 농업분야 교류를 추진해왔다.  노해섭  기자 nogary@"
"(무안=뉴스1) 김한식 기자 = 이낙연 전남도지사는 14일 사회적 약자에 대한 단순 보호·지원을 넘어 그들의 자립을 돕는 우수 사회적기업과 복지시설을 잇따라 방문해 현장을 살폈다.  이 지사는 이날 오후 나주 노안면에 위치한 ㈜나물사랑(대표 이정희)을 들러 성공사례를 살폈다.  ㈜나물사랑은 나물을 이용한 농산물 가공·유통 업체다. 전체 근로자 13명 가운데 저소득층과 고령자가 9명으로, 취약계층 일자리 창출에 앞장서고 있다. 위해요소중점관리기준(HACCP)과 친환경농산물 인증을 통한 사업 영역 확대 등으로 연 15억 원 이상의 매출을 올리는 등 사회적기업의 성공 모델로 손꼽힌다.  이낙연 도지사는 서광휘 ㈜나물사랑 사장으로부터 경영 현황에 대한 설명을 듣고 ""사업 아이템이 아주 좋은 것 같다""며 매출 신장과 앞으로의 사업 확장에 대해 많은 관심을 보였다.  사회적기업은 취약계층이나 사회적 약자에게 일자리나 사회적 서비스를 제공해 지역 주민의 삶의 질을 높이는 등 사회적 목적 추구는 물론, 영리활동을 수행하는 기업이다. 전남에는 현재 139곳이 운영되고 있다.  도는 그동안 나눔의 가치를 실현하는 '착한기업'인 사회적기업 활성화를 위해 2014년 '사회적경제기업 육성과 지원에 관한 조례'를 제정했다. 또 재정 상황이 취약한 사회적경제기업의 운영 및 시설자금 지원을 위해 지난해부터 연 30억 원 규모의 '사회적경제기업 전용 신용보증상품'을 출시해 지난해 56개 기업을 지원했다.  올해는 사회적기업 활성화를 위해 취약계층 고용 인건비, 사업 개발비, 시설장비 구입비 등에 100억 원을 지원하고 공공구매 공시제를 확대해 사회적기업 제품 판로 확대에 노력할 계획이다.  이 지사는 이어 나주 소재 전남도장애인종합복지관(관장 이일범)을 방문해 운영 현황을 듣고, 여성 장애인 대상 공예과정과 중증장애인 대상 신바람노래교실, 각종 인쇄업을 하는 장애인보호작업장 등을 꼼꼼하게 살폈다.  hskim@  ), 무단 전재 및 재배포 금지]"
"광주·전남 11개 지역서 경선  (광주=뉴스1) 전원 기자 = 국민의당이 14일 천정배 공동대표와 박주선 최고위원, 박지원 의원을 단수 후보로 결정했다.  국민의당이 이날 오전에 발표한 '제3차 공천 심사결과'에 따르면 광주지역 서구을에 천 공동대표, 동남을에 박 최고위원을 단수 후보로 각각 확정했다. 또 박 의원은 목포지역에 단수 후보로 결정했다.  광주지역 6개 선거구는 경선지역으로 발표했다. 동남갑과 광산갑, 광산을 등 3곳은 현역 의원이 포함된 경선지역으로 분류됐다.  동남갑에서는 재선의 장병완 의원과 정진욱 전 한국경제 TV앵커, 서정성 전 광주시 의원이 맞붙는다.  서구갑에서는 이건태 전 서울 중앙지검 부장검사와 송기석 전 광주지법 부장판사, 정용화 전 2015 광주유니버시아드 조직위 부위원장이 경선을 치른다.  북구갑에서는 김유정 전 국회의원과 김경진 변호사, 국성근 전 전남대 교수가, 북구을에서는 최경환 전 김대중 정부 청와대 공보비서관과 당초 서구을 지역에 예비후보로 등록했던 김하중 전 광주지검 목포지청장이 경선을 벌인다.  북구을 현역인 임내현 의원은 지난 9일 컷오프 대상으로 선정된 바 있다.  광산구갑에는 김경록 국민의당 창당준비위 공보단장과 윤봉근 전 광주시의회 의장·김동철 현 의원이, 광산구을에는 권은희 현 의원과 고원 전 서울과학기술대 기금조교수, 최선욱 광산미래경제포럼 상임고문의 경선이 확정됐다.  전남지역 5개 선거구도 경선지역으로 분류됐다.  여수갑에서는 김경호 현 사단법인 여수갯가길 이사장과 김영규 전 여수시의회 의장·이용주 서울동부지검 부장검사가, 나주시·화순군에서는 홍기훈 전 국회의원과 손금주 전 서울행정법원 판사·김대동 전 나주시장이 경선을 벌인다.  광양시·곡성군·구례군에는 최유성 전 국회의원 이낙연 보좌관과 남기호 전 광양시의회 의장·정인화 전 광양부시장·서동용 민주사회를 위한 변호사 모임 회원이, 해남·완도·진도군에는 김영균 ㈜에스엠비투비 대표이사·이영호 전 국회의원·윤영일 전 감사원 교육원장이 경선에서 맞붙는다.  고성·보성·장흥·강진군에서는 현역인 김승남·황주홍 의원과 김철근 동국대 사회과학대 겸임교수가 공천장 다툼을 벌인다.  앞서 국민의당은 지난 11일 주승용 원내대표(여수을)를 단수공천자로 확정하고, 순천시를 경선지역으로 발표했다. 이로써 순천은 구희승·손훈모 변호사와 박상욱 전남교육희망연대 집행위원장 등 3파전을 치르게 됐다.  junwon@  ), 무단 전재 및 재배포 금지]"
"신협 일수대출 금리 인하 등 전국적 모델사업 발굴 시행키로  [아시아경제 노해섭 기자]전라남도가 서민 금융지원을 위해 영세 소상공인 일수대출 금리를 낮추고, 저소득층 금융복지상담센터를 운영하는 등 실효성과 지속성을 갖춘 서민 배려시책을 적극 시행키로 했다.  전라남도는 14일 오전 도청 서재필실에서 이낙연 도지사 주재로 ‘서민 배려시책 보고회’를 개최했다.  이날 보고회에서는 이 지사가 지난 1월 시무식 때 사회적 약자를 배려하는 정책을 찾아 시행토록 당부함에 따라 그동안 각 실국별로 발굴한 신규 시책과 확대 운영할 기존 시책을 논의했다.  주요 시책사업은 영세 소상공인 일수대출 금리 인하와, 금융복지상담센터 운영, 어업인 신용보증 확대를 비롯해 취약계층 및 지역의 정주여건 개선을 위해 지하수 음용 가정 옥내 급수관 설치 지원, 주거환경 개선사업, 10인 미만 거주 섬에 생수·소형 태양광 시설 지원 등이다.  또한 비정규직 근로자 고용 환경 개선을 위해 전라남도의 비정규직 근로자 생활임금제 및 비정규직 고용 개선 등을 계속 추진키로 했다.  도민 만족도가 높고 전국적 모델사업으로 평가받고 있는 교통오지마을 100원 택시, 공공산후조리원, 취약계층 가스안전장치 보급사업도 계속 확대한다는 방침이다.  이 지사는 이날 보고회에서 “전남 바둑계 국수의 막내인 이세돌 9단이 지혜와 열정과 집념을 쏟아 인공지능 알파고에 3연패 뒤 1승을 거둬 인류에게 깊은 감동을 줬다”며 “인간이 만든 정책을 시행하다 보면 그 정책이 인간 위에 군림하고 인간을 소외시키고, 부작용과 모순이나 사각지대를 만들어내므로 그것을 인간의 지혜와 열정과 집념으로 해결해야 한다”고 말했다.  이어 사회적 약자 배려를 위한 서민 배려시책의 검토·보완·추진 과정에서 고려해야 할 7가지 원칙으로 ‘종합’과 ‘실효’, ‘형평’, ‘지속’, ‘재원’, ‘부작용’, ‘홍보’를 강조했다. 정책의 수요자를 빠뜨리지 않고 세밀하게 망라하면서 실질적 도움을 줘야 하고, 형평성과 정책의 지속가능성을 점검해야 하며, 온정의 정책으로 인해 부작용이 생기지 않도록 주의하면서 발굴한 시책은 도민에게 적극 알려야 한다는 게 이 지사의 설명이다.  이 지사는 “보고된 시책 가운데 즉각 시행 가능한 시책은 즉각 시행하고, 신규 예산 등 준비가 필요한 시책은 올 추경이나 2017년 예산을 통해 시행하라”고 지시했다.  또한 “신협 일수대출 금리 인하는 전국 최초로 시행하는 좋은 시책”이라며 “전국의 모델이 될 만한 획기적 시책도 계속 발굴해 줄 것”을 당부했다.  전라남도는 이번 보고회를 시작으로 행정 환경과 정책 기조 변화 등에 따라 발생하는 정책의 사각지대나 소외계층 최소화를 위한 시책을 지속적으로 발굴해 시행할 계획이다.  노해섭  기자 nogary@"
"올해는 사회적기업 활성화를 위해 취약계층 고용 인건비, 사업 개발비, 시설장비 구입비 등에 100억 원을 지원하고, 공공구매 공시제를 확대해 사회적기업 제품 판로 확대에 노력할 계획이다.  이 지사는 이어 나주 소재 전라남도장애인종합복지관(관장 이일범)을 방문해 운영 현황을 듣고, 여성 장애인 대상 공예과정과 중증장애인 대상 신바람노래교실, 각종 인쇄업을 하는 장애인보호작업장 등을 꼼꼼하게 살폈다.  이일범 관장은""1991년 개관 이래 도지사로는 처음으로 방문해준 것에 감사드린다”며 취약계층에 대한 지속적인 관심과 사랑을 당부했다.  노해섭  기자 nogary@"
"광주 5곳, 전남 6곳…남도장학회 사무처장 8월 만료  (광주·무안=연합뉴스) 송형일 전승현 기자 = 광주시와 전남도 출자·출연기관 등 상당수 산하 기관장의 임기가 올해 만료돼 후임 인사가 주목된다.  특히 광주시는 올 상반기에, 전남도는 3월부터 9월까지 골고루 분포됐다.  광주시는 우선 광주디자인센터 원장 공모 절차가 거의 마무리돼 17일 이사회에서 1명을 윤장현 시장에게 추천할 계획이다.  현 장상근 원장은 3년 임기를 채우고 1년 더 연장했다.  올해 신설할 광주연합기술지주회사 예비 CEO는 17일 4명 후보를 상대로 면접심사 한다.  이 회사는 지역대학과 시 출연기관 등이 보유한 우수 특허기술을 창업과 연계해 일자리 창출을 위해 설립한 전문회사다.  광주테크노파크에서 광주연합기술지주회사 법인 설립과 운영을 총괄한다.  광주경제고용진흥원장은 16일까지 후보자 접수 중이다.  광산업진흥회의 상근부회장은 임원추천위를 거치고 18일 이사회 선임 절차를 남긴 상태다.  5월 27일 임기 만료되는 박화강 광주환경공단 이사장 후임은 이달 중 공모절차가 시작될 예정이다.  하남산업단지관리공단 전무이사는 서동진 현 이사가 지난달 연임됐다.  하반기에는 8월이 임기 만료인 남도장학회 사무처장 후임도 관심이다.  시·도가 번갈아가며 맡는 것이 관례로 현재는 이점관 전 전남도자치행정국장이 맡고 있다.  전남도의 올해 임원 임기가 만료되는 출연기관은 순천의료원(3월), 청소년미래재단(6월), 신용보증재단(8월), 생물산업진흥원(9월) 등 4곳이다.  여기에 출연기관인 강진의료원장이 최근 의료진의 허위입원 의혹과 관련해 사퇴해 공석이다.  공기업인 전남개발공사 자회사인 전남관광 사장 임기도 오는 6월 만료된다.  앞서 광주전남연구원장, 녹색에너지연구원장, 환경산업진흥원장이 올해 1∼3월 임명돼 3년 임기를 시작했다.  이에 따라 올해 안에 전남도 인사 영향권에 있는 출연기관 등 임원 대상자는 6명이다.  전남관광 사장 등 벌써 후임 인사에서 특정인 등이 거론되고 있지만, 전남도는 공모절차를 통해 투명·원칙 인사를 하겠다는 입장이다.  특히 신용보증재단 이계연 이사장의 '3선 도전'이 관심을 끌고 있다.  일각에서는 이 이사장이 이낙연 지사의 친동생이란 점이 '핸드캡'으로 작용할 수 있다는 전망도 나오고 있지만 그의 조직 장악력 등 업무능력은 긍정적으로 평가받고 있다.  전남도 관계자는 15일 ""정해진 공모 절차에 따라 출연기관 등 임원을 뽑게 된다""며 ""정치적인 외부 요인은 고려대상이 아니다""고 말했다.  한편 지난해 광양만권경제자유구역청 청장에 이 지사 경제특보를 지낸 권오봉씨가, 전남개발공사 사장에 지사 중소기업특보를 지낸 양지문씨가 각각 선임됐다.  권오봉 청장은 기획예산처 과장·국장, 전남도 경제부지사 등을 역임했고, 양지문 사장은 국회의원 보좌관 등을 역임한 정치권 인사로 분류됐다.  shchon@yna.co.kr"
"[한겨레]  시민단체 8월14일 건립식 예정  전남지역 시민단체들이 전남도청과 시·군 지역에 평화의 소녀상을 세운다.  전남 평화의 소녀상 건립운동본부 준비위원회는 15일 성명을 통해 “전남은 역사의 굴곡 앞에 당당하게 맞서 싸웠던 정의와 절개의 고장”이라며 “이 전통을 계승해 평화의 소녀상을 지역 곳곳에 세우겠다”고 밝혔다.  이 단체는 “잊어서도 외면해서도 안 될 진짜 역사를 교육하는 공간으로 소녀상을 건립하려 한다. 주민들이 이 운동에 동참해 달라”고 호소했다. 이 단체는 오는 8월14일 ‘세계 위안부 기림일’에 맞춰 무안군 삼향읍 전남도청 앞에 소녀상을 세우기로 했다. 오용운 전남진보연대 집행위원장은 “이낙연 전남지사가 명예대표를 맡았다. 시민단체들이 건립을 제안한 만큼 꼭 성사시키려 한다”고 말했다.  시·군 지역에서도 소녀상 건립운동이 활발하다. 해남에선 지난해 12월12일 전남에서 처음으로 소녀상이 세워졌다. 목포는 4월8일 목포 독립만세 기념일에 건립한다는 일정을 잡았다. 곡성·담양·순천·강진 등지는 건립을 논의 중이고, 화순·영광·나주·여수 등지도 추진을 준비하고 있다.  안관옥 기자 okahn@hani.co.kr  공식 SNS  Copyrights ⓒ 한겨레신문사, 무단전재 및 재배포 금지"
"전남도, 용역착수…2018년 국제 동양화 비엔날레 개최  (광주=뉴스1) 김한식 기자 = 전남도는 15일 오전 도청 서재필실에서 이낙연 도지사를 비롯해 분야별 전문가 17명이 참석한 가운데 '남도문예 르네상스' 연구용역 착수보고회를 개최했다.  도는 7월까지 세부계획을 세워 선도사업인 동양화 비엔날레를 2018년 국제행사로 치른다는 목표다.  '남도문예 르네상스' 프로젝트는 융성했던 전남의 우수한 전통 문화예술 자원을 발굴·복원하고 중장기 발전전략을 수립해 추진하는 사업이다. 이를 통해 남도 문화예술의 대중화와 세계화로 제2의 부흥기를 이끈다는 방침이다.  이는 지금까지 산업화 중심의 지역발전 정책에서 나타난 한계를 전통 문화예술자원 복원으로 극복하는 계기를 마련, 궁극적으로 지역 발전의 성장동력으로 활용한다는 취지에서 비롯됐다. 지역 예술인과 도민들로부터 큰 관심과 기대를 받고 있다.  이낙연 도지사는 용역보고회에서 ""남도문예 르네상스를 통해 여러 경제·사회적 여건 변화로 위축된 예향으로서 명예와 위상을 회복하고, 미래 설계를 위한 전남 힘의 원천을 문화예술에서 찾아야 한다""고 말했다.  이어 ""문화예술은 한 번 기회를 놓치면 이를 회복하는데 많은 노력과 예산이 필요하기 때문에 하고 싶은 것과 할 수 있는 것의 조화를 통해 중요하고 시급한 사업을 우선 추진, 시너지 효과를 내야 한다""고 강조했다.  이날 보고회에서는 핵심 아이템으로 도출된 동양화 비엔날레, 전통 정원 조성, 도예, 다도, 국악 등 예향 남도의 비교우위 문화예술 유산을 새로운 시대적 조류에 맞춰 재조명하고 부활시키기 위한 다양한 방안들이 제시됐다.  도는 또 이날 '남도문예 르네상스'의 조기 가시화와 지역민 참여 붐 조성 차원에서 선도사업으로 선정된 '동양화 비엔날레' 기본계획 수립 용역보고회도 개최했다.  동양화 비엔날레는 올해 국제행사 승인 신청을 거쳐 2017년 한·중·일·대만 등을 중심으로 한 국제교류전을 갖고, 2018년 국제규모 비엔날레로 개최할 계획으로 준비하고 있다.  도는 이날 보고회에서 제안된 의견들을 면밀히 검토해 용역 내용에 반영하는 것은 물론 각계 각층의 다양한 채널을 통해 폭넓은 의견을 수렴해 7월 구체적인 계획을 수립할 예정이다.  hskim@  ), 무단 전재 및 재배포 금지]"
"[서울신문]  효과없는 직업교육 위주 정책 불신  “구직기간 동안 버틸 돈이 절실”  최악 구직난 속 안전망 논의 가속  서울과 경기 성남에서 시작된 ‘청년수당’(청년 구직자에게 현금을 지원하는 제도) 정책이 4·13총선을 앞두고 전국으로 확산될 조짐을 보이고 있다. 야당은 청년수당 도입을 주요 공약으로 내놓았고 “청년수당은 포퓰리즘”이라던 정부도 미묘한 입장 변화를 보인다. 대학 총학생회 등도 총선을 앞두고 ‘청년수당’을 도입하라고 정치권을 압박하고 나섰다.  14일 성남시에 따르면 시는 지난 1월 이후 청년배당 신청자를 모집해 지금까지 모두 1만 420명에게 13여억원 상당의 지역상품권을 지급하며 순항 중이다. 청년배당은 성남시에 주민등록을 두고 3년 이상 거주한 만 24세 청년에게 지역상품권을 연간 50만원씩 주는 정책이다.  서울시의 청년수당(저소득 청년 구직자 3000명에게 최장 6개월간 월 50만원씩 주는 제도) 정책은 보건복지부의 반대로 연내 시행이 불투명하다. 하지만 박원순 서울시장이 “반드시 시행하겠다”며 강한 의지를 수차례 드러냈다. 이낙연 전남도지사나 김만수 부천시장 등 야권 소속 단체장들도 청년수당제 도입에 긍정적인 입장이다. 경기 시흥시에서는 주민 1만여명이 청년지원을 위한 조례안을 주민 청구방식으로 시에 제출해 조례가 제정되는 등 주민 주도형 도입 움직임도 있다. 여당 소속인 남경필 경기도지사는 ‘선별 복지’ 차원에서 중위소득 80% 이하 저소득층 근로청년 500명을 지원하는 ‘일하는 청년통장’제를 도입했다.  총선을 앞둔 정치권도 청년층에 현금을 지급하는 ‘카드’를 만지작대고 있다. 더불어민주당은 미취업 청년에게 6개월간 월 60만원을 지급하는 ‘청년수당’ 도입을 공약으로 내놓았다. 국민의당도 고용보험 재정에서 청년 구직자에게 미리 구직급여를 주고 취업하면 후불로 고용보험료를 더 내게 하는 정책을 도입하기로 했다. 청년 단체들은 투표율 높이기 운동을 벌이며 청년수당 제도화를 새 국회의 1호 법안으로 내놓으라며 각 정당을 압박하고 있다.  지자체가 청년수당제를 밀어붙이는 데는 정부의 청년 고용 정책이 그동안 밑 빠진 독에 물 붓는 식으로 이뤄졌다는 불신이 깔려 있다. 정부는 올해 청년 고용 예산으로 2조 1000억원을 편성하는 등 매년 막대한 돈을 붓고 있지만, 전국 청년(15~29세) 고용률은 2012년 40.4%에서 2015년 41.5%로 1.1% 포인트 오르는 데 그쳤다.  전문가들은 현행 청년 고용 대책이 직업 교육 위주로 짜인 탓에 실효성이 낮다고 지적했다. 정병순 서울연구원 선임연구위원은 “구직자에게 절실한 건 직업 교육이 아닌 벌이 없는 구직 기간을 버틸 수 있는 돈”이라고 말했다. 실제 서울연구원이 작성 중인 ‘서울시 청년지원사업 추진방안연구’ 보고서에 따르면 정부의 대표적 청년 일자리 사업인 ‘취업성공패키지’는 별 효과를 내지 못하고 있다. 정부의 내부 자료를 토대로 2014년 직업교육을 받은 청년층 4만 4290명의 취업률을 분석했더니 교육 뒤 지금까지 월 150만원 이상 주는 일자리에 취업한 비율은 24.4%에 불과했다. 이병희 노동연구원 선임연구위원은 “최악의 청년 구직난을 생각할 때 청년을 위한 사회 안전망 구축 논의는 점점 활발해질 수밖에 없다”고 말했다.  유대근 기자 dynamic@seoul.co.kr  - 저작권자 ⓒ 서울신문사 -"
"농림축산식품부는 1999년부터 매년 창의적 아이디어로 농산물 생산·유통·가공·저장 등 농업 관련 분야에서 고부가가치를 창출하며 그 지식과 기술을 보유한 농업인을 신지식 농업인으로 선정하고 있다.  지금까지 380명을 선정했으며 이 가운데 전남 농업인이 77명(20%)으로 전국에서 가장 많다. 분야별로 과수 5명, 특작 7명, 채소 12명, 축산 12명, 가공 31명, 기타 10명이다.  신지식 농업인들은 과수, 원예, 축산, 가공, 유통 등 다양한 분야에서 농업인 영농교육, 후계농 및 귀농인 기술전수 등 선도농업인으로서 왕성한 활동을 하고 있다.  노해섭  기자 nogary@"
"다음 주자로 박원순 시장 지목  (제주=뉴스1) 현봉철 기자 = 원희룡 제주특별자치도지사가 15일 사랑의 쌀 기부행사인 ‘러브 라이스 챌린지’에 동참, 쌀 200㎏을 기부했다.  사단법인 국민성공시대(대표 장원석)가 기부문화 확산을 위해 진행하고 있는 러브 라이스 챌린지는 쌀을 기부한 뒤 다음 주자를 지목하면, 지목된 사람이 이벤트에 참여하는 방식으로 이뤄진다.  원 지사는 이낙연 전남지사, 김관용 경북지사, 이시종 충북지사, 남경필 경기지사, 안희정 충남지사에 이어 여섯 번째로 행사에 참여했다.  원 지사는 다음 주자로 박원순 서울시장을 지목했다.  원 지사가 기부한 쌀은 ‘사랑의 쌀 나눔운동본부(이사장 이선구)’에 기탁돼 소외된 이웃을 위해 쓰여진다.  이날 원 지사는 “어려운 이웃을 돕는 기부 나눔을 하게 돼 기쁘게 생각한다”며 “쌀값 하락과 쌀 소비 감소에 어려움을 겪는 농업인들에게 도움이 되길 바란다”고 말했다.  한편 원 지사는 이날 행사와 별도로 쌀 나눔 행사를 지속적으로 추진하고 있는 ‘김만덕기념사업회’에도 쌀 200㎏을 기부했다.  hbc@  ), 무단 전재 및 재배포 금지]"
"세계친환경디자인박람회조직위와 업무협약 …행사 안내·통역 등 지원  [아시아경제 노해섭 기자]전라남도는 3일 이낙연 도지사와 권혁신 육군 제31보병사단장이 참석한 가운데 2016 세계친환경디자인박람회 성공 개최를 위한 지원업무협약(MOU)을 체결했다.  협약에 따라 31사단은 박람회 개최 기간 동안 교통·주차·행사 안내와 영어·중국어·일어 외국어 통역 등을 위해 1일 150여 명의 인력을 지원해 자원봉사 활동을 펼친다.  또한 박람회 개막식 때 육군 의장단 및 군악대 연주로 행사 시작을 알리고 박람회장에 6?25 전사자 유해 발굴 홍보부스를 설치해 운영한다.  세계친환경디자인박람회조직위원회는 지원 장병에 대한 유니폼, 차량 및 급식 지원 등 행정적 지원을 하기로 했다.  그동안 31사단은 지역의 든든한 파수꾼으로 불철주야 향토방위에 힘쓰면서 2015광주하계유니버시아드대회, 2015세계대나무박람회 등 광주·전남의 각종 행사를 위해 적극적으로 지원, 지역민들의 신뢰를 받고 있다.  2016세계친환경디자인박람회는 ‘세상을 바꿀 새로운 삶의 모색’이라는 슬로건을 내세워 오는 5월 5일부터 29일까지 25일간 나주시 농업기술원 및 광주전남혁신도시 일원에서 개최된다.  노해섭  기자 nogary@"
"3일 업무협약 …탄소제로 에너지 자립섬?태양광 발전사업 등 협력키로  [아시아경제 노해섭 기자]전라남도는 3일 우리나라 발·송배전 설비를 관리·운영하는 한전KPS(주)와 ‘에너지산업 육성’을 위해 협력키로 하는 내용의 업무협약을 체결했다.  협약에 따라 한전KPS(주)는 송·변전설비 운영·관리 경험을 활용해 탄소제로 에너지 자립섬을 조성하고, 대규모 태양광 발전사업을 추진하며,  에너지기업 유치를 위해 전라남도와 적극 협력키로 했다.  이날 협약은 전라남도가 지난 1월 발표한 ‘에너지산업 육성 10개년 계획’과 연계해 새로운 에너지산업 생태계를 조성하고 일자리를 창출함으로써 에너지밸리의 성공적 조성을 촉진하는 계기가 될 전망이다.  최외근 한전KPS(주) 사장은 “거금태양광(25㎿)과 영월태양광(38.9㎿) 설칟운영 등 축적된 신재생에너지 사업 경험을 토대로 전라남도의 탄소제로 에너지 자립섬 조성, 대규모 태양광 발전시설 설치를 비롯한 에너지 신산업분야에 적극 참여하겠다”며 “이를 통해 두 기관의 협력관계가 긴밀하고 활발해지길 바란다”고 말했다.  이낙연 전라남도지사는 “그동안의 섬 가꾸기 사업은 경관을 좋게 하는 수준에 머물렀는데 앞으로는 섬에 오는 젊은이들의 불편 해소를 위해 50가구 미만의 섬에 대해 초고속인터넷망을 설치하고 무료 와이파이존 확대 등을 추진하겠다”며 “전남도가 유인섬 296개 가운데 50개 섬에 추진하는 탄소제로 에너지자립섬 조성사업에 한전KPS가 함께 참여해 성공모델을 만들어가길 기대한다”고 말했다.  노해섭  기자 nogary@"
"햇볕정책에 대한 이해부족이거나 정략  [광주CBS 김삼헌기자]이낙연 전남지사가 최근 불거진 햇볕정책 수정론에 대해 입을 열었다.  이낙연 지사는 3일 오전 전남도청에서 열린 2016 지역통합방위회의를 주재하는 자리에서 ""故 김대중 전 대통령의 햇볕정책은 튼튼한 국가안보를 전제로 한 것""이라며 ""햇볕정책을 지지하는 지방이나 정당이 안보에 약하다는 생각을 줘서도 안되고, 그런 생각을 가져서도 안된다""고 강조했다.  이 지사는 ""햇볕정책은 '▲북한의 무력 도발은 용납하지 않는다. ▲우리는 북한을 흡수통일하지 않는다. ▲그런 바탕 위에서 남북화해협력을 추진한다'는 세 가지 기둥으로 이뤄졌다""며 ""그런데도 북한이 무슨 짓을 하건 받아들이는 것이 햇볕정책인 것처럼 전제하고 공방을 벌이는 것은 햇볕정책에 대한 이해 부족이거나 정략”이라고 햇볕정책을 둘러싼 최근 정치권의 공방을 비판했다.  이 지사는 ""김대중 대통령 재임 중이던 1999년 6월 서해교전 때 북한의 도발을 강력히 응징하고 압승한 것도 햇볕정책의 일환이었다""고 덧붙였다.  이 지사의 이같은 발언은 지난달 25일 광주를 찾은 더불어 민주당 김종인 대표가 기자들과 만나 ""햇볕정책이 지향하는 바는 소위 북한과 평화적 통일을 위해 계속 대화를 나누고 자꾸 더 (대화를) 끌어내서 저쪽을 변화시키겠다는 것 아니냐""며 ""북한이 핵을 갖지 않았던 시점의 햇볕정책은 유효한 대북정책이었으나 북한 상황이 변했기 때문에 그와 같은 것(햇볕정책)을 현재 추진할 수 없다는 것이다""고 발언한 것을 겨냥한 것으로 보인다.  특히, 이낙연 지사가 이같이 김종인 대표의 발언을 겨냥한 것은 총선앞두고 더 민주내의 현역의원들이 사실상 햇볕정책의 변화내지는 포기까지로 유추될수 있는 김종인 대표의 발언에 대해 반박조차 못하고 있는 상황과 이에따른 햇볕정책의 폄훼에 대한 우려때문에 공천으로부터 상대적으로 자유로운 입장에서 자신이 나선 것으로 풀이되고 있다.  gondang@hanmail.net  저작권자 © CBS 노컷뉴스(www.nocutnews.co.kr) 무단전재 및 재배포 금지"
"(무안=뉴스1) 김한식 기자 = 이낙연 전남도지사는 3일 ""고 김대중 전 대통령의 햇볕정책은 튼튼한 국가안보를 전제로 한 것""이라며 ""햇볕정책을 지지하는 지방이나 정당이 안보에 약하다는 생각을 줘서도 안되고, 그런 생각을 가져서도 안된다""고 지적했다.  이 지사는 이날 오전 전남도청에서 2016 지역통합방위회의를 주재하며 이같이 말하고 ""전남 같은 지방에서도 북한의 후방테러 등 도발 가능성에 철저히 대비해야 한다""고 강조했다.  지역통합방위협의회 의장인 이 지사는 ""햇볕정책은 ‘북한의 무력 도발은 용납하지 않는다. 우리는 북한을 흡수통일하지 않는다. 그런 바탕 위에서 남북화해협력을 추진한다’는 세 가지 기둥으로 이뤄졌다""며 ""그런데도 북한이 무슨 짓을 하건 받아들이는 것이 햇볕정책인 것처럼 전제하고 공방을 벌이는 것은 햇볕정책에 대한 이해 부족이거나 정략""이라고 햇볕정책을 둘러싼 최근 정치권의 공방을 비판했다.  이 지사는 ""김대중 대통령 재임 중이던 1999년 6월 서해교전 때 북한의 도발을 강력히 응징하고 압승한 것도 햇볕정책의 일환이었다""고 덧붙였다.  또 ""유엔 안전보장이사회가 6?25 이후 최강의 대북 제재안을 채택하는데 중국이 동참한 것은 충동적이고 예측 불가능한 북한 리더십의 군사적 도발을 이대로 두는 것이 중국의 국가 이익에 부합하지 않는다고 판단했기 때문일 것""이라며 ""따라서 일부의 우려처럼 중국이 대북제재의 이행을 흐지부지하지는 않을 것으로 본다""고 말했다.  앞서 이 지사는 3·1절 기념사에서 ""북한정권은 핵 없는 개방체제로 연착륙할 것이냐, 그들이 두려워하는 경착륙에 봉착할 것이냐의 고비를 맞고 있다""며 북한 정권의 핵 포기를 촉구한 바 있다.  hskim@  ), 무단 전재 및 재배포 금지]"
"국내 표고버섯 생산량은 2015년 기준 2만 5천 톤이며, 중국산 톱밥배지 수입량은 약 3만 6천 톤이고, 중국산 톱밥배지에서 생산된 표고버섯은 약 1만 3천 톤으로 추정된다.  이런 가운데 이날 준공된 ‘산림조합 전남버섯배지센터’는 산림조합중앙회 광주전남지역본부에서 운영, 생산된 연간 3천 톤의 배지를 전남지역 표고버섯 재배농가를 비롯해 전북?경남 등 남부권에 제공할 예정이다.  이낙연 도지사는 준공식에서 “버섯 배지 시장이 중국산 톱밥배지에 많이 잠식되고 있다”며 “이런 시기에 전남에 버섯 배지센터가 들어서 수입대체 효과도 거두고 버섯 재배농가들의 생산비 절감과 소득 증대 효과를 가져올 수 있게 돼 반갑다”고 말했다.  이어 “버섯배지센터를 계기로 전남의 버섯산업이 활발해지고 힘을 얻었으면 좋겠다”며 “생산량은 적지 않은데 가공유통으로 갈수록 약해지는 것은 안타까운 일이다. 이번 배지센터 준공을 계기로 생산뿐만 아니라 가공과 유통에서도 전남의 위상을 키워나가도록 함께 노력해나가자”고 덧붙였다.  노해섭  기자 nogary@"
"[지자체장에게 듣는다] 이낙연 전남지사  “에너지신산업 육성과 ‘남도문예 르네상스’를 본격 추진해 전남 발전의 확고한 발판을 다지겠습니다.”  이낙연(64·사진) 전남도지사는 3일 세계일보와의 인터뷰에서 “에너지산업육성 10개년 계획을 바탕으로 에너지 관련기업 700개를 유치해 3만개 일자리를 만들겠다”며 이같이 밝혔다. 이 지사는 이를 위해 “전기자동차와 그 핵심부품 관련 산업을 육성하고, 2025년까지 도내 50개 섬을 탄소제로 에너지자립섬으로 만들겠다”고 말했다.  그는 이어 ‘남도 문예르네상스’는 “남종화와 판소리, 정원 등 전통 문화예술자원을 지역발전 동력으로 재창조하고 예향 남도의 위상과 자긍심을 되살리기 위한 것이다”고 소개했다. 그는 “동양화 비엔날레를 창설해 남종화의 맥을 계승 발전시키면서 한·중·일 3국과 북한·대만까지 동양화 발전에 협력하는 장으로 만들고, 담양 소쇄원을 중심으로 대한민국 최고의 ‘한국 전통정원’을 조성하겠다”고 밝혔다.  역점 추진 중인 브랜드 시책과 관련해서는 “‘가고 싶은 섬 가꾸기’는 첫해인 지난해와 올해 사업대상지 8개 섬에 마을 공동수익시설 조성 등 계획한 사업을 본격 추진 중이다”고 말했다. 그는 이어 “올해부터는 섬 정책을 고도화해 섬마을에 초고속 인터넷 및 무료 와이파이망 확대 등 주민 생활여건 개선과 여행객 편의 증진 사업을 병행하겠다”고 덧붙였다. 특히 “2020년 흑산공항 개항을 앞두고 흑산도와 여러 섬의 생활여건을 정비하고, 항공·관광 등 연관산업 발전전략을 수립하겠다”고 강조했다.  이 지사는 “‘숲속의 전남 만들기’는 지난해 목표했던 1000만그루보다 많은 1009만그루를 심었고, 올해는 지난해보다 160억원 늘어난 622억원을 들여 1100만그루를 심을 계획이다”고 말했다. 그는 또 “전남의 아름다운 해안경관을 가장 잘 볼 수 있는 국도 77호선을 전라도 정도(定道) 1000년(2018년) 기념 가로수길로 조성하고, 고령화 건강지향 시대를 맞아 수요가 늘고 있는 석류·호두·동백·황칠을 단지화하겠다”고 밝혔다.  도정 목표인 ‘청년이 돌아오는 전남’을 위해 가장 필요한 방안은 무엇인지에 대한 물음에 “짧은 시간에 단편적인 정책으로 달성할 수는 없다. 청년 눈높이에 맞는 일자리, 청년이 답답함을 느끼지 않을 만큼의 문화적 수준 등 종합적인 여건이 갖춰져야 한다”고 전했다.  이 지사는 이어 “빛가람 혁신도시 전입 인구가 1만4000명을 넘어섰고, 전남으로의 귀농·귀촌·귀어로 2014년 한 해 7890명으로 늘었다. 전남은 2007년부터 2014년까지 8년 연속 합계출산율 전국 1위를 차지했다”고 강조했다. 그는 또 “1970년대 이후 매년 줄던 전남 인구가 지난해 사실상 처음으로 늘어 지난해 말 전남 인구가 재작년 말보다 3200여명이 늘었다”고 말했다.  끝으로 최근 전남에 생긴 희망적인 변화들을 언급하며 “‘청년이 돌아오는 전남’은 이룰 수 있는 꿈, 실현가능한 목표라는 확신을 갖게 됐다”고 이 지사는 밝혔다.  무안=한승하 기자 hsh62@segye.com  ⓒ 세상을 보는 눈, 글로벌 미디어  세계일보"
"[헤럴드경제(무안)=박대성 기자] 중앙언론사 동경특파원을 지낸 이낙연 전남도지사가 일본 도쿄도지사와 양국간 주요 현안을 심도있게 논의해 화제다.  일본을 방문중인 이낙연 전남지사는 18일 도쿄도청에서 마스조에 요이치(舛添要一) 도쿄도지사와 회담을 갖고 한일관계와 북한정세를 포함한 공동 관심사를 폭넓게 논의했다.  마스조에 지사는 한일 정부의 군대 위안부 문제 타결 이후 양 국민 관계가 다시 개선되고 있다고 평가하며 “양국 관계의 지속적 발전을 위해 도쿄와 전남 등 지자체들이 협력해 나가자”고 제안했다.  이에 이 지사는 “정치외교적으로 양국 관계에 기복이 있더라도 민간의 풀뿌리 교류와 지방 사이의 협력은 흔들림 없이 계속돼야 한다”며 “한일관계의 더 큰 발전을 위해 함께 노력하자”고 말했다.  이 지사는 특히 양국 현안 가운데 하나인 제2 동경한국학교 설립에 마스조에 지사가 협력해준 것에 대해 감사를 표하며 “되도록 빨리 제2 동경한국학교가 문을 열고 더 많은 한국 학생들이 편하게 공부할 수 있도록 앞으로도 변함없이 도와달라”고 당부했다.  이에 마스조에 지사는 “도쿄에 와서 공부하는 한국 학생들은 미래 양국관계의 가교가 될 사람들”이라며 제2 동경한국학교의 조기 설립을 위한 협력을 다짐했다.  이 지사는 올해 10월 도쿄에 준공될 재일한국인 중심의 양로원 ‘고향의 집’과 그 뿌리인 목포 공생원의 윤학자(일본명 다우치 치즈코) 여사에 대해 소개하며 “‘고향의 집’과 재일한국인 노인들에 대해서도 도쿄도가 따뜻한 관심을 가져달라”고 말했다.  마스조에 지사는 2020년 도쿄 올림픽에 대해 설명하며 “도쿄올림픽에 한국에서도 많은 사람들이 오시도록 도와 달라”고 요청했다.  이 지사는 협력을 약속하면서 “올림픽은 평화와 화해의 축제인 만큼 도쿄에서 재일 한국인에 대한 헤이트스피치(혐오연설)가 없어지도록 도와달라”고 말했다.  이 지사와 마스조에 지사는 서로 상대국을 아는 지식인으로서 앞으로도 의제에 구애받지 않고 허심탄회한 대화를 이어가기로 합의했다.  이 지사는 동아일보 도쿄특파원과 한일의원연맹 간사장 등으로 일한 ‘일본통’이며, 마스조에 지사는 대학 교수와 참의원 의원으로 일한 지한파다. 이 지사는 19일 귀국한다.  parkds@heraldcorp.com  - Copyrights ⓒ 헤럴드경제 &amp; heraldbiz.com, 무단 전재 및 재배포 금지 -"
"(무안=뉴스1) 김한식 기자 = 전남도는 구례 산수유꽃축제와 광양 매화축제 등 봄의 시작을 알리는 남도의 봄꽃축제들이 잇따라 열려 상춘객을 모으고 있다고 19일 밝혔다.  이날 구례 산수유문화관 주무대에서 올해로 17회를 맞는 구례 산수유꽃 축제 개막식과 축하공연이 펼쳐졌다. 축제는 27일까지 9일간 계속된다.  이번 축제에선 풍년기원제와 풍물패, 잔수농악공연 등 지역 전통 문화공연이 구례 전역에서 펼쳐진다. 향토음식 등 먹거리도 풍성해 관광객들의 입을 즐겁게 하고 있다.  특히 꽃담길 걷기, 하트소원지 달기, 지리산온천 족욕체험 등 가족, 연인과 함께 할 수 있는 다채로운 체험행사가 마련돼 관람객들의 발길이 이어질 전망이다.  이낙연 전남도지사는 개막식 현장을 찾아 구례군민들과 함께 어울리며 축제장을 찾은 관람객들을 반갑게 맞이했다.  이 지사는 축사를 통해 ""구례는 국립공원 제1호 지리산, 전국에서 가장 깨끗한 섬진강, 이를 배경으로 자생하는 산수유꽃이 아름다운 고장""이라며 ""구례의 산수유꽃뿐만 아니라 아름다운 풍광과 사람들의 정을 마음껏 즐기고 가시길 바란다""고 말했다.  광양에서는 18일 제19회 광양 매화축제가 개막했다. 27일까지 청매실농원, 망덕포구 등 매화향기 그윽한 광양 곳곳에서 축제가 펼쳐진다.  개막식에서는 광양, 구례, 하동의 시장?군수와 주민 등이 참여한 가운데 화합의 줄다리기 행사가 열려 축제의 흥겨움을 더했다.  이외에도 4월에는 진도신비의바닷길축제, 영암왕인문화축제, 꽃피는 유달산 축제, 완도 청산도 슬로걷기축제, 신안튤립축제 등 전남 곳곳에서 다양한 봄축제가 관람객을 맞을 준비를 하고 있다.  hskim@  ), 무단 전재 및 재배포 금지]"
"농산어촌 산모 출산에 도움  이낙연 지사 대표 복지공약  【무안=뉴시스】맹대환 기자 = 전남도가 이낙연 전남지사의 대표적 복지공약인 공공산후조리원 2호점을 강진에 설치한다.  23일 전남도에 따르면 도는 해남에 이어 강진에 공공산후조리원 2호점을 설치키로 하고 최근 보건복지부에 사회보장 신설·변경사업 협의 요청서를 제출했다.  전남도는 4월까지 보건복지부의 실사작업을 마무리한 뒤 연내에 강진에 공공산후조리원 2호점을 설치할 계획이다.  이 지사는 농산어촌 임산부들이 산후조리를 할 곳이 없어 대도시 원정 출산에 나서는 현실을 감안해 지난해 9월 해남에 공공산후조리원 1호점을 설치했다.  해남의 공공산후조리원은 장애인 편의시설을 갖춘 1실을 비롯해 총 10실 규모의 산모조리실과 신생아실, 물리치료실, 편백찜질방, 피부관리실 등을 갖추고 있다.  또 산모와 신생아의 모자동실을 운영하고 출입구 에어샤워부스, 신생아실 공기 멸균기, 멸균소독 용품 등 최신 설비와 친환경 자재를 갖췄다.  공공산후조리원 이용 요금은 14일간 154만원으로 광주권 소재 민간조리원보다 30% 저렴한 수준이다. 저소득 취약계층 감면 대상자에게는 이용료의 70%(107만8000원)를 감면해준다.  지난해 9월부터 올해 2월까지 126명의 산모들이 이용했으며 현재 60명이 이용 예약을 마쳤다.  전남도는 공공산후조리원이 농산어촌 산모들의 출산에 도움이 되고 있어 2018년까지 희망 시·군에 4곳을 추가 확충할 방침이다.  mdhnews@newsis.com"
"(무안=뉴스1) 김한식 기자 = 제14대 순천의료원장에 정효성(65·외과전문의) 씨가 임명됐다.  이낙연 전남도지사는 31일 임기가 만료되는 순천의료원장에 임원추천위원회 심사 과정을 거쳐 추천된 정효성 씨를 임명, 23일 임명장을 수여했다.  신임 정효성 원장은 조선대 의대를 졸업하고 경희대 의대 박사과정을 수료했다. 한국산재의료원 동해병원장과 한국산재의료원 이사장, 광주 북구 보건소장, 국립나주병원 원장을 역임하는 등 그동안 공공의료기관장으로 많은 역할을 해왔다.  대한병원협회 법제이사, 보건복지부 중앙의료심사조정위원으로 활동하는 등 그동안 의료분쟁 조정을 위해서도 폭넓은 활동을 해왔다. 임기는 2019년 3월31일까지 3년간이다.  한편 강진의료원은 공석인 원장 선임을 위한 임원추천위원회를 구성, 평가기준 등을 확정하고 28일 공모에 들어갈 예정이다.  hskim@  ), 무단 전재 및 재배포 금지]"
"이지형 치과원장 관광특별보좌관 임명  【무안=뉴시스】맹대환 기자 = 이낙연 전남지사가 23일 탤런트 김성환씨와 서양화가 김근태 화백을 전남도 홍보대사로, 신안의 한 섬에 '비파랜드'를 조성 중인 치과의사 이지형 원장을 전남도 관광특별보좌관으로 위촉했다.  이들은 앞으로 2년간 도민과 국내외 관광객을 대상으로 자신의 전문분야와 이미지에 맞는 행사 등에 참여해 다양한 도정 홍보활동을 한다.  김성환씨는 현재 한 공중파 방송에서 방영하는 '그린실버 고향이 좋다' 프로그램에서 전남의 특산품과 관광지 등을 홍보하고 있다.  김근태 화백은 20년 이상 지적장애인의 모습을 화폭에 담아온 장애인 화가다. 지난해 유엔 창립 70주년 및 세계장애인의 날 기념 UN전시회를 개최했다.  앞으로 남도 미술작품 심의와 남도예술은행 등 전남의 문화 예술분야에서 홍보활동을 펼칠 계획이다.  관광특별보좌관에 위촉된 이지형 원장은 신안 지도읍 율도에 세계적 식물원과 300실 규모의 펜션단지, 6홀 규모의 퍼블릭 골프장, 희귀식물연구소 등을 갖춘 '비파랜드'를 조성하고 있다.  이 원장은 전남도 관광 콘텐츠 개발과 의료관광 활성화, 섬 관광분야 등 전남 관광 전반에 대한 자문에 나설 예정이다.  전남도는 지금까지 홍보대사를 단일 행사나 사업에 국한해 위촉해 왔으나 올해부터 위촉 기간 동안 홍보대사 이미지에 맞는 다양한 행사에 참여토록 할 방침이다.  mdhnews@newsis.com"
"한중문화우호협회와 친환경디자인산업 동반성장 모색  [아시아경제 노해섭 기자]호남대학교 공자학원(원장 장석주)는 22일  광주광역시 서구 공자학원 1층 대강당에서 (재)전라남도세계친환경디자인박람회조직위원회(위원장 이낙연), (사)한중문화우호협회(회장 취환)와 ‘친환경디자인산업 동반성장’을 위한 한중 문화·예술 우호교류 업무 협약을 체결했다.  이날 협약식에는 박상철 호남대 부총장, 장석주 공자학원장, 이기환 세계친환경디자인박람회조직위 부위원장, 취환 한중문화우호협회장과 각 기관 관계자 등 20여명이 참석했다.  협약에 따라 각 기관은 한중 양국간 문화·예술사업 교류 활성화와 친환경디자인산업 동반성장을 위해 상호 유기적 교류협력 체계를 구축하고 친환경디자인산업이 한중 미래 전략산업으로 정착될 수 있도록 기여한다.  또 세계박람회 등 국제행사 성공개최를 위한 인적·물적 자원 교류, 문화·예술 전략사업 정보교류 및 상호 홍보·지원, 친환경디자인산업화를 위한 공동 추진사업 발굴·협력, 국내외 네트워크망 상호공유를 통한 상생협력 확대, 한중 민간교류 프로그램 상호 협력 지원 등 기타 상호 협력·지원이 가능한 분야 업무를 수행하게 된다.  노해섭 기자 nogary@"
"【무안=뉴시스】맹대환 기자 = 전남도가 중국 산시성(山西省)과 자매결연 체결을 포함한 전세기 운항, 에너지박람회 상호 참가, 환경관리기관 협약 체결 등 7개 협력사업을 본격 추진키로 합의했다.  전남도는 23일 도청 서재필실에서 우기종 정무부지사와 산시성 왕이신(王一新) 부성장이 참석한 가운데 전남도-산시성 교류협력사업 실무회의를 개최했다.  이날 회의는 지난해 12월 이낙연 지사가 산시성을 방문해 리샤오펑(李小鹏) 성장과 합의한 협력사업의 후속조치를 협의하기 위한 것으로 전남도와 산시성 측에서 관광, 에너지산업, 환경보전분야 등 관계자 23명이 참석했다.  회의에서는 자매결연 체결, 농산물 홍보전시회 상호 방문, 에너지박람회 상호 참가 등 에너지산업분야 협력, 정기성 전세기 운항 및 직항 개설, 전통예술단 교환 공연, 환경관리기관 협약 체결 등 환경기술산업 협력, 청소년 등 민간교류 7개 분야의 협력사업을 추진키로 했다.  이날 실무협의에 이어 목포 샹그리아호텔에서 산시성 농산물 홍보상담회를 개최하고 오는 8월에는 산시성 타이위안(太原)에서 개최하는 산시 주류식품박람회에 전남 업체가 참가하기로 했다.  우기종 전남도 정무부지사는 ""산시성이 내륙에 위치하고 있어 전남의 친환경 농수산식품에 대한 관심이 높고 에너지, 환경산업과 관광분야에서도 협력 가능성이 매우 높다""며 ""이번 산시성 대표단 방문을 계기로 두 지역에 서로 이익이 되도록 협력해 나갈 계획이다""고 말했다.  mdhnews@newsis.com"
"(무안=연합뉴스) 전승현 기자 = 이낙연 전남지사는 23일 관광특별보좌관에 치과의사 이지형 원장을 위촉했다.  이 원장은 신안 지도읍 율도에 세계적 식물원과 300실 규모의 팬션단지, 6홀 규모 퍼블릭 골프장, 희귀식물연구소 등을 갖춘 '비파랜드'를 조성하고 있다.  앞으로  관광 콘텐츠 개발, 의료관광 활성화, 섬 관광분야 등 전남 관광 전반에 대해 자문한다.  이로써 이낙연 지사 특보는 정무 2명, 경제 2명, 문화관광 2명, 여성·노동·투자유치 각 1명 등 9명이다.  정무특보에게만 활동비 성격으로 '월급'이 지급되고 나머지 특보는 회의 참석 수당이 지급된다.  shchon@yna.co.kr"
"광양에서는 이에 앞서 지난 18일 제19회 광양 매화축제가 개막했다. 오는 27일까지 청매실농원, 망덕포구 등 매화향기 그윽한 광양 곳곳에서 축제가 펼쳐진다.  개막식에서는 광양, 구례, 하동의 시장·군수와 주민 등이 참여한 가운데 화합의 줄다리기 행사가 열려 축제의 흥겨움을 더했다.  이외에도 4월에는 진도신비의바닷길축제, 영암왕인문화축제, 꽃피는 유달산 축제, 완도 청산도 슬로걷기축제, 신안튤립축제 등 전남 곳곳에서 다양한 봄축제가 관람객을 맞을 준비를 하고 있다.  노해섭  기자 nogary@"
"신문명 충격, 대비 인문학적 준비 필요  【무안=뉴시스】맹대환 기자 = 이낙연 전남지사는 16일 ""전남에 국내 최초의 바둑박물관 건립을 추진하겠다""고 밝혔다.  이 지사는 이날 '이세돌과 알파고의 대국 이후에 전남이 할 일'이라는 제목의 발표문을 내고 ""전남은 김인(강진), 조훈현(영암), 이세돌(신안) 등 3명의 국수를 가진 전국 유일의 지방으로 대한민국 바둑의 메카다""며 ""(바둑박물관 부지는)목포권이 유력한 후보지가 될 수 있다""고 말했다.  이어 이 지사는 ""한국기원과 전남도가 올해 8월에 주최하는 '국수산맥 국제바둑대회'를 활성화했으면 한다""며 ""국내외 프로와 어린이 기사의 참가를 늘리고 대회 운영을 개선하기 바란다""고 요청했다.  또 이 지사는 ""이세돌의 고향 신안 비금도에 세워진 '이세돌 바둑기념관'과 순천의 바둑 특성화 고등학교를 더욱 내실화할 필요가 있다""며 ""두 시설 모두 이용자 증가 등 미래의 수요변화 가능성에 대비해야 한다""고 말했다.  이 지사는 ""4차 산업혁명을 준비하기 위해 광주과기원과 전남대 등 지역 대학의 노력을 기대한다""며 ""이세돌과 알파고의 대국이 인류에게 예고편으로 제공한 '신문명의 충격'을 흡수하기 위한 인문학적 준비도 필요할 것이다""고 전망했다.  mdhnews@newsis.com"
"바람직한 한일 관계 위한 지자체 역할 등 지역 주요 현안 논의  [아시아경제 노해섭 기자]이낙연 전라남도지사는 17일 저녁 일본을 방문, 마스조에 요이치(舛添要一) 도쿄도지사와 회담을 갖고 바람직한 한일관계 구축을 위한 지자체의 역할을 비롯해 2020도쿄올림픽 성공 개최 등 두 지역 주요 현안을 논의한다.  마스조에 지사는 아베 1차 내각 때인 2007년 후생노동상을 지냈으며 도쿄도지사 취임 후 2014년에는 아베 총리의 특사로 박근혜 대통령을 예방하는 등 한일 관계 개선에도 큰 역할을 한 인물이다.  회담 후 이 지사는 재일본대한민국민단 주요 인사들과 간담회를 한 후 19일 오전 귀국할 예정이다.  노해섭  기자 nogary@"
"[전남CBS 박형주 기자]이낙연 전라남도지사가 17일 일본 도쿄를 방문해 2020년 도쿄 올림픽 성공 개최 등 두 지역 현안을 논의한다고 밝혔다.  이 지사는 17일 저녁 마스조에 요이치 도쿄도지사와 회담을 열고 바람직한 한일관계 구축을 위한 지자체의 역할과 도쿄 올림픽 성공 개최를 위한 협력 방안을 협의한다.  마스조에 지사는 아베 1차 내각 때인 2007년 후생노동상을 지냈으며, 도쿄도지사 취임 후 2014년에는 아베 총리의 특사로 박근혜 대통령을 예방하는 등 한일 관계 개선에도  큰 역할을 한 인물이다.  저작권자 © CBS 노컷뉴스(www.nocutnews.co.kr) 무단전재 및 재배포 금지"
"전라남도는 올해 ‘숲 속의 전남’만들기를 위해 지난해보다 160억 원 늘어난 622억 원을 들여 1천 100만 그루의 나무를 심을 계획이다. 경관 조성과 소득을 높이는 나무 심기 3천 167ha, 학교숲?마을숲 등 102개소, 주민참여숲 85개소, 가로수 170km를 조성하고 도민과 함께 생활 주변에 꽃과 나무를 심는 ‘花木한 생활운동’도 추진하고 있다.  노해섭  기자 nogary@"
"전남도, 16일 한국화학융합시험연구원·(주)천보 등 기업과 업무협약  [아시아경제 노해섭 기자]광양 세풍산단이 고부가가치 기능성 화학소재 핵심권역으로 새롭게 떠오르고 있다.  전라남도는 16일 광양만권경제자유구역청에서 이낙연 도지사, 정현복 광양시장, 최형기 한국화학융합시험연구원장, ㈜천보·㈜파루·㈜우조하이텍·㈜알파켐 대표 등이 참석한 가운데 기능성 화학소재 클러스터 구축 업무협약을 체결했다.  현 정부의 대선공약인 광양만권 기능성 화학소재 클러스터 구축사업은 지난 2015년 7월 정부 예비타당성 조사를 통과해 추진하게 됐다. 이에 따라 광양만권이 기존 범용 화학소재 중심지에서 기능성 화학소재 중심지로 발전할 전망이다.  기능성 화학소재 클러스터에는 산업통상자원부와 전라남도, 광양시, 광양만권경제자유구역청과 한국화학융합시험연구원(KTR)이 사업비 602억 원을 들여 2020년까지 융복합소재실증화지원연구소를 건립한다. 또한 기업 유치를 목적으로 추진되는 사업화 연구개발(R&amp;D)에도 209억 원이 투입된다.  융복합소재실증화지원연구소는 연구개발 과정 또는 생산 공정에서 제기되는 기업의 애로기술 해결, 연구개발 기술 지원 및 실증화 지원이 가능한 인프라의 연계 및 활용을 통한 종합 지원서비스를 제공할 예정이다.  사업화 연구개발의 경우 ▲디스플레이, 반도체, 고분자 등 전자정보소재 ▲전지 분리막, 태양전지 전해질, 연료전지 멤브레인 등 에너지환경 소재 ▲도료, 인쇄잉크분야 염료 등 염료화학소재를 비롯한 4개 전략제품 기술 개발이 이뤄진다.  이날 협약식에서는 또 기능성 화학소재 산업을 집중 육성하고 광양만권 화학소재 산업을 고부가가치산업으로 탈바꿈하기 위해 ‘자문위원’을 구성했다. 위원에는 남두현 서강대 교수, 나재운 순천대 교수, 홍창국 전남대 교수, 임지선 화학연구원 박사 등 국내 굴지의 산·학·연 전문가들이 참여했다.  이낙연 도지사는 ""1960~70년대 산업을 일으키던 여러 산업군들이 새로운 단계에 진입해야 할 문제에 직면했다”며 “새로운 출구가 요구되는 석유화학 산업의 유일한 대안이 기능성 화학소재 클러스터 구축사업인 만큼 앞으로 전남 동부권의 새로운 산업을 형성하도록 최선을 다하겠다”고 말했다.  노해섭 기자 nogary@"
"4월29일까지 노사 합동 워크숍  인사 문제 개선, 암행감찰 강화  【무안=뉴시스】맹대환 기자 = 전남도가 청렴도 전국 최하위권에서 탈출하기 위해 노사합동 워크숍을 진행한다.  16일 전남도에 따르면 도는 이날부터 4월29일까지 여수 경도리조트에서 '청렴하고 건강한 조직 만들기'를 주제로 노사합동 워크숍을 갖는다.  이번 워크숍은 총 6번으로 나눠 2박3일 일정으로 진행하며 도 산하 공직자 420명이 참석한다.  워크숍에서는 청렴도 향상을 위한 노사 소통과 화합을 위한 프로그램을 운영한다.  특히 전남도는 청렴도 하락의 근본적인 문제로 지목받고 있는 내부청렴도를 끌어올리기 위해 인사와 조직에 대한 진단을 공유할 방침이다.  전남도는 올해 초 행정부지사를 본부장으로 하는 '밝은 도청 만들기 추진본부'를 구성했다.  또 청렴도 취약부서는 매월 점검회의를 통해 자율적 개선을 유도하고 우수부서는 성과상여금 지급 등 인센티브를 제공한다.  청렴도가 개선되지 않는 부서나 부정·비리가 포착된 부서는 공직 암행감찰을 강화해 불이익 조치를 단행한다.  이낙연 전남지사는 지난해 말 청렴도 최하위 불명예와 관련해 도민과 공직자들에게 사과를 표명하고 인사제도 개선 등 대응방안을 발표했다.  mdhnews@newsis.com"
"이세돌 등 국수 3명 배출한 전남을 바둑 메카로  (무안=연합뉴스) 전승현 기자 = 이낙연 전남지사는 16일 ""이세돌과 알파고의 바둑 대국으로 전국에서 유일하게 3명(김인·조훈현·이세돌)의 국수(國手)를 배출한 전남에 인류에 대한 책임이 주어졌다""며 ""국내 최초로 바둑박물관 건립을 추진하겠다""고 밝혔다.  이 지사는 '이세돌과 알파고의 대국 이후에 전남의 할 일'이란 주제의 발표문을 내고 ""인류 문명사에 획을 그을 세기적 사건인 인간 이세돌과 기계 알파고의 바둑 대국은 인류에게 충격과 공포, 안도와 감동을 한꺼번에 안겨줬다""며 ""전남은 바둑의 메카로 더욱 확고하게 역할을 해야 하는 의무를 안게 됐다""며 이같이 말했다.  이 지사는 ""한국기원과 함께 전남도가 오는 8월 3회째 주최하는 '국수산맥 국제바둑대회'를 더욱 체계화·활성화하고 이세돌의 고향 신안 비금도에 2008년 세워진 '이세돌 바둑기념관'과 순천 주암에 2013년 문을 연 '바둑 특성화 고등학교'를 더욱 내실화하겠다""며  ""바둑교사 양성 등을 위한 도내 대학의 노력도 당부한다""고 밝혔다.  이 지사는 ""많은 전남 사람은 AI가 조류인플루엔자만이 아니라 인공지능도 된다는 것을 처음으로 알았고, 인공지능을 중심으로 하는 4차 산업혁명의 파도로부터 전남이 멀리 있지 않다는 것을 처음 실감했다""며 ""4차 산업혁명을 준비하기 위한 광주과기원대학과 전남대학교 등 지역 대학의 노력을 기대한다""고 말했다.  이 지사는 ""이세돌과 알파고의 대국이 인류에게 예고편으로 제공한 신문명의 충격을 흡수하기 위한 인문학적 준비도 필요할 것""이라며 ""광주시와 전남도가 일정한 지원을 하도록 협의하고 싶다""고 덧붙였다.  shchon@yna.co.kr"
"'어머니의 나라’기념공연 호응 …이낙연 지사, “활기·매력·온정 넘치는 전남”강조  [아시아경제 노해섭 기자]전라남도는 1일 오전 도청 김대중강당에서 제97주년 3·1절 기념식을 개최했다.  이날 기념식에는 이낙연 전라남도지사와 기관·단체장, 애국지사 유족, 광복회원, 군경, 공무원, 학생, 도민 등 각계각층에서 900여 명이 참석했다.  기념식은 애국지사 유족 등 보훈단체 위문과 중창단 합창을 시작으로 국민의례, 3·1운동 경과보고, 독립선언서 낭독, 기념사, 기념공연, 3·1절 노래 제창, 만세삼창 순으로 진행됐다.  특히 그동안 가려져 있던 여성 독립투사들을 조명하고, 조선의 딸로 어머니로 살다 무명으로 사라진 여성의 활약상을 그린 ‘어머니의 나라’기념공연은 참석한 사람들로부터 큰 호응을 받았다.  이낙연 도지사는 기념사를 통해 “목숨과 재산을 내놓으시고 조국 독립에 헌신하신 선조들께 경의를 표하고, 독립유공자와 유가족 여러분께 감사드린다”며 “전남을 활기와 매력과 온정이 넘치는 고장으로 발전시키고, 97년 전 선조들이 꿈꾸셨던 통일 조국의 단단한 초석, 바람직한 모델로 가꿔나가겠다”고 말했다.  또한 북한의 도발과 국제사회의 대북 전략 변화 등 현 한반도 상황에 대해 “국가와 민족의 운명은 중앙정부만의 일이 아니다”며 “전남은 한반도 상황의 내외적 전개를 대국적으로 그러나 치밀하게 살피면서, 지방자치단체로서 지혜롭고 책임 있게 대처하겠다”고 했다.  노해섭  기자 nogary@"
"(광주=뉴스1) 김한식 기자 = 김재식 전 전남도지사가 1일 별세했다. 향년 93세.  김 전 지사는 그의 호(號) '노농(老農·늙은 농부)'이 말해주 듯 일평생을 농업에 바쳤다.  농림부 수산국장과 수산청장을 거쳐 제16대(1969∼1973년) 전남도지사를 지냈다. 10대 국회의원과 국영기업체 사장 등을 역임한 뒤 92년 4월, 고향인 전남 장성군 장성읍 영천리로 낙향해 조카와 함께 벼농사를 지으면서 생활했다.  직접 사비로 일본에서 벼 종자를 들여와 연구 개발한 그는 자신의 호를 딴 '노농(老農) 공부방'을 열어 농민들에게 선진 쌀 농사기법을 가르쳤다. 93년부터는 매달 3차례씩 농사칼럼과 농사정보 등을 담은 1장짜리 타블로이드판 회보를 만들어 보급하기도 했다.  김 전 지사가 2001년 집 옆에 직접 지은 '쌀의 집'은 거처이자 '쌀 농사 공부방'이다. 그동안 개발한 슈퍼쌀 '천명'·'희망'·'수복' 등 32종의 벼와 종자를 비롯해 일본과 국내쌀 농사 관련서적 200여권이 전시돼 있다. 각 종자의 계통도와 재배기법, 특성, 밥맛 등을 자세히 기록한 안내판도 설치돼 있다.  ""농촌이 살아남기 위해서는 무엇보다 다수확 고품종의 쌀을 재배해 단위면적 당 생산비를 절감해야 한다""고 강조해 온 김 전 지사는 2010년부터 몸이 많이 불편해 요양원에서 생활해왔다.  투병하는 와중인 2012년에는 한국농어촌공사 후원으로 친환경농업 발전을 위한 미생물 균액에 관한 책을 발간하기도 했다.  2013년에는 40년간 농협인생을 마감하고 퇴직한 김수공 전 농협경제 대표이사에게 '쌀의 집' 운영을 맡겼으며 지난해 5월에는 '도민과의 대화' 행사를 위해 장성을 방문한 이낙연 전남자사와 요양원에서 만나 친환경농업에 대한 의견을 나눴다.  슬레이트를 얹은 집 지붕이 오래돼 비가 샐 정도로 청렴하게 살아온 김 전 지사는 고향으로 낙향할 무렵 시신기증에 서약했다.  유족으로는 투병중인 아내 장시명 여사와 아들 유호, 성호, 기호, 철씨 등 4남이 있다.  셋째아들 기호씨(58)는 ""아버지께서 고향으로 내려오셨을 때부터 생명을 나누시겠다고 말씀하셨다""면서 ""아버지의 유지를 받들어 3일장은 치르지만 별도의 발인은 하지 않고 시신을 병원측에 맡길 예정""이라고 말했다.  빈소는 광주 전남대병원 장례식장 2호실(062-220-6983).  hskim@  ), 무단 전재 및 재배포 금지]"
"【장성=뉴시스】신대희 기자 = 공직생활 이후 귀농해 친환경농업 보급에 앞장서 온 노농(老農) 김재식 전 전남도지사(왼쪽)가 1일 별세했다. 향년 98세.  사진은 이낙연 전남도지사가 지난 2005년 어버이날을 맞아 장성군 진원면 (재)프란치스꼬의집에서 생활하는 김 전 16대 전남도지사를 찾아 환담하고 있는 모습.  2016.03.01. (사진=전남도 제공)  photo@newsis.com  [사진 영상 제보받습니다] 공감언론 뉴시스가 독자 여러분의 소중한 제보를 기다립니다. 뉴스 가치나 화제성이 있다고 판단되는 사진 또는 영상을 뉴시스 사진영상부(n-photo@newsis.com, 02-721-7470)로 보내주시면 적극 반영하겠습니다."
"전남 신안 출신 이세돌 9단과 인공지능 프로그램 ‘알파고’의 대결이 세계적인 관심을 끌어모은 가운데 이낙연 전남지사가 국내 최초의 바둑박물관 건립 계획을 밝혔다.  이 지사는 16일 오후 ‘이세돌-알파고 세기의 대국 이후 전남이 할 일’ 발표문을 통해 “국내 처음으로 전남에 바둑박물관을 건립하는 방안을 현재 추진 중인 ‘남도문예 르네상스’ 용역에 포함시키겠다”고 밝혔다. 이 지사는 “인간과 기계의 바둑 대국은 인류에게 충격과 공포, 안도와 감동을 한꺼번에 안겨줬다”며 “김인(강진)·조훈현(영암)·이세돌(신안) 등 3명의 국수를 배출한 전남이 ‘바둑의 메카’로서 더욱 확고한 역할을 할 의무를 안게 됐고, 이는 인류에 대한 책임”이라며 이같이 말했다.  이 지사는 바둑박물관의 건립 방향과 관련, “김인, 조훈현, 이세돌의 뿌리가 몰려 있는 목포권이 유력한 후보지가 될 수 있을 것”이라며 “국내외 바둑의 역사, 인물과 대국의 변천, 문화와 경향의 변화, 과학의 침투와 미래의 전망 등 모든 것을 세계 인류에게 보여드릴 수 있으면 좋겠다”고 설명했다.  무안 = 정우천 기자 sunshine@munhwa.com  [ )]"
"(무안=연합뉴스) 전승현 기자 = 인공지능 알파고와 세기의 대결로 폭발적인 관심을 모으는 이세돌 9단이 전남 신안군 비금도 출신으로 알려지면서 호남 바둑 명맥을 이은 역대 국수(國手)들이 주목받고 있다.  먼저 한국바둑의 개척자 조남철(2006년 작고) 9단은 전북 부안 출신이다.  조남철 9단은 우리나라 최초 기원인 한성기원 설립을 주도했고, 한국기원 명예이사장, 명지대 객원교수를 역임하는 등 1950년대, 60년대 한국바둑의 지평을 열었다.  조남철 9단의 뒤를 이은 김인 9단은 전남 강진 출신이다.  1960년대부터 70년대 중반까지 10여년간 1인자 자리를 지킨 바둑계의 거목이다.  김인 9단에 이어 한국바둑의 대중화를 이끈 조훈현 9단도 전남 영암 출신이다.  조훈현 9단은 1970년대 중반부터 80년대 중반까지 국수전 10연패의 기염을 토했다.  조 9단은 바둑계의 돌부처 이창호 9단을 발굴해 육성했다.  이창호 9단은 전북 전주 출신이다.  이창호 9단은 1990년대 국수전 8승을 하는 등 한국바둑의 활성화를 꾀했다. 중국 등 세계 바둑대회에서 우승을 차지하기도 했다.  이어 한국바둑계에 혜성처럼 등장한 이가 이세돌 9단이다.  바둑계에서는 이창호 9단과 이세돌 9단의 바둑스타일이 종종 비교되기도 한다.  이창호 9단은 상대방의 대마를 공략하거나 과감한 행마를 보이기보다 흔들림 없이 정확한 형세판단을 한다. 신산(神算) 이란 별명도 붙었다.  이세돌 9단은 전투적이고 창의적인 바둑스타일로 많은 팬을 확보하고 있다.  지난 2월까지 27개월 연속 한국 바둑 프로기사 랭킹 1위를 지킨 박정환 9단은 부친이 전남 영암 출신으로 호남에 뿌리를 두고 있다.  60년여년간 한국 바둑 최강자 조남철-김인-조훈현-이창호-이세돌-박정환 모두 호남 인맥인 것이다.  이낙연 전남지사는 17일 ""한국 바둑의 역사를 지닌 전남은 바둑 메카로 확고하게 역할을 해야 하는 의무를 안게 됐다""며 ""국내 최초로 바둑박물관 건립 등 바둑문화 활성화를 하겠다""고 말했다.  shchon@yna.co.kr"
"(무안=뉴스1) 김한식 기자 = 전남도의회 교육위원회(위원장 김탁)가 주최하는 '전남교육 발전을 위한 대토론회'가 17일 오후 전남도청 김대중강당에서 개최됐다.  1000여명의 교육관계자가 참석한 가운데 열린 이날 행사는 교육위원가 전남교육이 나아가야 할 방향을 찾기 위해 지난해 6월부터 12월까지 매월 한 차례씩 총 8회 개최한 토론회와 집담회, 좌담회 등을 종합한 것이다.  명현관의장의 축사, 이낙연 지사와 장만채 교육감의 기조발제를 시작으로 진행됐다. 1부는 '전남교육 발전을 위한 지자체와의 연계협력 방안', 2부는 '전남교육 발전을 위한 인사·조직 혁신 방안'을 주제로 발제와 토론이 이어졌다.  전국 시장·군수 협의회 회장인 조충훈 순천시장, 윤시석 전남도의회 부의장, 임용수 교육위원회 의원 등이 참석한 가운데 열띤 토론도 진행됐다.  전남교육의 방향 정립 및 교육정책에 대한 문제점 진단, 협력적 거버넌스 구축 등 다양한 의견이 논의됐다.  김탁 교육위원장은 ""그동안의 행사를 계기로 전남교육이 어느 지점에 와 있고 미래사회를 대비하기 위해 전남교육을 어떻게 전개해야할 지 초심으로 돌아가 신중히 생각해보는 계기가 됐으면 한다""며 ""전남의 아이들이 쾌적한 교육환경 속에서 꿈과 끼를 마음껏 펼칠 수 있도록 우리 모두 힘과 지혜를 모으자""고 말했다.  hskim@  ), 무단 전재 및 재배포 금지]"
"[아시아경제 노해섭 기자]이낙연 전라남도지사는 17일 오후 전남도청 김대중강당에서 열린 도지사와 교육감이 함께하는 ‘전남교육 발전을 위한 대 토론회’에 참석, ‘청년이 돌아오는 전남’실현을 위한 다양한 지원 정책을 소개했다.  이번 토론회는 전남 교육의 새로운 변화와 도약을 함께 생각하는 뜻 깊은 자리로 전라남도의회가 주최하고 교육위원회가 주관했다. 이 지사와 명현관 도의회 의장을 비롯한 도의원, 장만채 교육감, 초·중·고등학교장, 학부모, 도교육청 관계자 등 1천여 명이 참석했다.  이 지사는 토론회에서 ‘전남교육 발전을 위한 전라남도의 역할’이라는 주제로 기조발표를 통해 “호남은 문(文)의 고장이며, 인재의 산실이었지만 산업화가 진행되면서 호남은 모든 분야에서 위축돼 문(文)의 위기, 사람의 위기를 어떻게 극복할 것이냐의 과제를 안게 됐다”고 지적했다.  이어 “전남 인구는 1970년대 이후 계속 줄어들다 지난해 말 처음으로 늘어난데다 일자리와 관광객도 증가하는 등 긍정적 변화가 생겨나고 있다”며 “이는 청년이 덜 떠나거나 돌아오게 하는 유인이 되고 있다”고 평가했다.  또한 “전라남도는 ‘청년이 돌아오는 전남’실현을 위해 급식 등 교육복지의 획기적 개선, 장학금·기숙사 확대 등 경제적 지원, 외국어 등 교육격차 완화, 특성화고 등 농어촌 고등학교 지원, 청년 취업을 지원하는 다양한 프로그램 직간접 운영 등을 추진하고 있다”고 소개했다.  이 지사는 또 “발전의 힘은 명분과 저항에서 나오기도 하지만 실용과 긍정에서 나오는 경우도 많다”며 “호남의 미래를 위해 이제는 실용과 긍정의 힘에 마음의 문을 열어야 한다”고 강조했다.  노해섭  기자 nogary@"
"이낙연 전남지사 지난해 산시성 방문 성과…22일부터 정기성 전세기 8개월간 운항  [아시아경제 노해섭 기자]전라남도는 22일부터 무안국제공항과 중국 산시성 타이위안 우수국제공항을 잇는 정기성 전세기가 첫 운항에 들어간다고 21일 밝혔다.  두 지역을 잇는 정기성 전세기는 항공사별 최대 4개월로 운항이 한정돼 동방항공과 티웨이항공이 교차로 2개월씩 총 8개월을 운항하게 된다.  이번 타이위안 전세기는 지난해 12월 이낙연 전라남도지사가 산시성을 방문해 산시성 성장과의 만남에서 전세기 운항을 포함한 두 지역 간 관광교류 활성화를 합의한 후 이뤄진 첫 번째 성과다.  첫 취항을 기념해 22일 무안국제공항에서는 산시성 정부 대표단 및 중국관광객 150명에 대한 환영행사가 열린다. 이번에 입국한 중국 관광객들은 목포해양유물전시관, 해남 황조별묘 등을 답사하고, 전남농업박물관 남도음식 요리체험을 비롯해 목포 사후면세점 특화거리를 쇼핑하는 특화코스를 둘러본다.  이기환 전라남도 관광문화체육국장은 “내륙에 위치한 산시성 관광객에게 바다로 둘러싸인 전남의 관광자원은 매력적일 것”이라며 “이번 전세기 취항을 시작으로 두 지역 간 활발한 관광·문화 교류가 기대되고, 나아가 에너지, 환경 분야까지 확대되길 바란다”고 말했다.  전라남도는 지난 2007년 개항한 무안국제공항을 활성화하고, 매년 늘어나는 중국 관광객을 유치하기 위해 2013년부터 중국 정기성 전세기를 본격 유치해왔다.  2013년에는 중국 텐진과 선양에서 전세기가 취항해 140회에 2만 여 명이, 2014년에는 정저우, 항저우, 청두 등 신규 노선을 포함해 7개 노선, 176편이 운항해 2만 6천 명이, 지난해에는 난창, 충칭, 우한, 난징 등 14개 노선, 230편이 운항돼 3만 2천 명의 중국 관광객이 전남을 방문했다.  올해 무안국제공항으로 입국하는 중국 정기성 전세기는 현재 취항 중인 닝보, 린이와 타이위안을 비롯해 난창, 어얼두어스, 우한, 허페이, 충칭 등 11개 노선이 확정됐으며, 추가로 청두, 스좌장 등 9개 노선 운항을 협의 하고 있다.  노해섭  기자 nogary@"
"21일 정책자문위원회 …바둑박물관·삼포자동차튜닝밸리 등 논의  [아시아경제 노해섭 기자]전라남도는 도정 주요 현안에 대한 정책자문을 위해 21일 각계 전문가 200여 명이 참석한 가운데 전라남도 정책자문위원회(위원장 박종철 목포대 교수)를 개최해 ‘남도문예 르네상스’등 도정 주요 현안을 점검했다.  이날 회의는 도정 주요 현안 설명을 듣고 정책을 제안하는 전체회의와, 분야별 현안에 대해 전문가 그룹별로 집중 토론하고 자문하는 분과별 회의로 진행됐다.  이 지사는 “최근 빛가람 혁신도시 활성화와 다양한 교통 인프라 개선으로 2015년에는 1970년 이래 처음으로 실질적 인구가 증가하고 여수 등 동부권을 중심으로 관광객이 대폭 늘어나는 의미 있는 변화가 나타나고 있다”며 “전남이 낙후 이미지를 깰 절호의 기회를 맞고 있다”고 강조했다.  이어 “빛가람 혁신도시를 중심으로 조성되는 에너지밸리에 지난달까지 105개 기업이 유치되는 등 에너지밸리 조성이 속도를 내고 있는 것은 기업들이 전남에서 에너지산업 가능성과 경쟁력을 확인했기 때문”이라며 “올해 도 역점시책으로 추진하는 에너지밸리 조성과 남도문예 르네상스가 미래 성장 엔진으로 추진되도록 정책자문위원들의 적극적인 참여를 바란다”고 당부했다.  박종철 정책자문위원장은 “도정 주요 현안에 대해 지역 발전과 도민 복지 증진에 효율적 방안을 먼저 꼼꼼히 살피고 대안을 제시해달라”며 “지역의 맨파워를 키우기 위해 농어촌교육과 평생학습에 대해 많은 관심을 기울여야 한다”고 강조했다.  전체회의에서는 올해 전라남도의 2대 역점시책 가운데 하나인 ‘남도문예 르네상스’와 관련해 한국문화관광연구원의 류정아 실장이 연구계획을 발표하고 위원들의 의견을 수렴했다.  유 실장은 이날 발표에서 ‘남도문예 르네상스’의 핵심 아이템으로 동양화비엔날레, 전통정원 조성, 도예, 다도, 국악 등을 제시했다.  특히 최근 이낙연 도지사가 ‘이세돌과 알파고 대국 이후에 전남이 할 일’로 발표한 국내 최초 바둑박물관 건립을 비롯한 바둑 메카 조성 방안도 함께 제시해 눈길을 끌었다.  전체회의에서 제시된 위원들의 의견은 오는 7월 발표할 ‘남도문예 르네상스 추진계획’실행 프로그램에 반영할 계획이다.  이어 진행된 분과위원회별 회의에서는 삼포자동차튜닝밸리 활성화 방안 등 분과별 현안 토의 주제에 대해 집중적 자문과 제안이 제시됐다.  ‘전라남도 정책자문위원회’는 민선 6기 출범 이후 4차례의 전체회의와 54회의 분과위원회를 열어 90건의 정책을 제안하고 도정 주요 현안을 자문했다.  ‘전라남도 정책자문위원회’는 장·단기 도정 계획과 주요 현안에 대한 도정 자문을 위해 각계 전문가 249명이 참여해 11개 분과로 나눠 활동하고 있다.  노해섭 기자nogary@"
"본문 이미지 영역©이낙연 전남도지사 News1 사진자료이낙연 전라남도지사는 21일 ""공약 등 도정 추진에 도민의 눈 혹은 제3자의 눈으로 냉정하게 봐야 실수를 줄일 수 있다""며 ""또한 외부 손님을 맞을 때도 상대의 눈높이에 맞는 환영 문화로 감동을 줘야 한다""고 강조했다.  이 지사는 이날 오전 도청 서재필실에서 공약 추진상황 보고회를 갖고 ""공약을 이행하거나 평가할 때 우리 논리로 봐서는 도민들의 생각과 괴리가 있을 수 있으므로 도민의 눈높이로 도정을 봐야 한다""고 말했다.  그러면서 ""공약 평가 가운데 '정상 추진'이란 항목은 굉장히 광범위하고 모호한 것이어서 도민의 눈높이에서는 '이게 정상이라고 생각하는가' 싶은 것이 있을 수 있으므로 '도가 할 수 있는 것을 하고 있다', '공약한 내용을 하고 있다'는 표현 등으로 세분화할 필요가 있다""고 지적했다.  또한 ""공약은 도정이 가야 할 중요한 방향이지만 완전할 수 없기 때문에 현실에 맞지 않거나, 현실 자체가 변경돼 불가피하게 수정해야 하는 경우 그 취지는 살려야 하고, 또한 도민들께 설명을 해야 한다""고 강조했다.  이 지사는 또 ""행정을 할 때 나의 논리, 우리 내부의 논리로만 보면 강진의료원 비리나 소방본부 인사비리와 같은 불상사가 일어나게 된다""며 ""늘 자기를 객관화하고 제3자의 눈으로 냉정하게 나를 봐야 그런 실수가 줄어들 수 있다""고 덧붙였다.  남악=홍기철 기자 honam3333@mt.co.kr"
"수서발 KTX 포함 '난망'…목포-대전 고속버스도 없어  (무안=연합뉴스) 전승현 기자 = 지난해 4월 호남고속철도 KTX 개통 이후 단절됐던 광주·목포-대전(서대전역) 구간의 복원 가능성이 요원해지고 있다.  올해 개통 예정인 수서발 KTX 노선에도 해당 구간이 포함되지 않았고, 일부 노선 조정 요구가 받아들여질 가능성이 크지 않기 때문이다.  21일 전남도 등에 따르면 오는 8월 개통하는 수서발 KTX는 경부선과 호남선 양축으로 운행되는데 호남선은 수서에서 오송까지 운행하고 오송부터는 기존 호남고속철도 노선을 달린다.  수서발 KTX는 호남고속철도와 마찬가지로 서대전역을 경유하지 않는 것이다.  이에 따라 수서발 KTX 개통을 앞두고 대전 시민을 중심으로 'KTX 호남 연결'과 '서대전-논산간 호남선 직선화' 등을 요구하는 서명운동을 전개하고 있고, 광주·전남에서도 KTX 광주·목포-대전 연결을 희망하고 있지만 여의치 않은 상황인 것으로 알려졌다.  전남도 관계자는 ""수서발 KTX 운영사인 ㈜SR가 국토교통부로부터 고속철도 면허를 받을 때 노선이 확정됐기 때문에 서대전역을 경유하도록 노선을 변경하기는 쉽지 않다""고 말했다.  이 관계자는 이어 ""서대전역 경유 문제는 호남고속철도 KTX 운영사인 코레일과 협의할 수도 있지만, 코레일은 서대전역을 거치면    수익성이 떨어진다는 입장""이라며 ""현재 오송-서대전역-익산 구간을 운행하는 일부 편수를 광주·목포까지 연장하는 방안이 있을 수 있는데 그렇게 되면 호남고속철도 KTX 전체 편수를 줄여야 하는 문제점이 발생한다""고 말했다.  이와 관련, 이낙연 전남지사는 호남고속철도 개통에 앞서 지난해 2월 국토교통부가 KTX의 서대전역 미경유 입장을 발표하자 ""대전-광주 이용자들의 불편은 어떻게 해소할 것인지 등의 과제는 남아 있다""며 ""이런 문제들을 내년에 수서발 수도권고속철도가 개통되기 전에라도 보완되기 바란다""고 말했다.  이처럼 광주·목포-대전을 연결하는 KTX 노선 확보가 쉽지 않은 상황에서 목포에서 대전까지 운행하는 고속버스도 없어 전남 서남부권 이용객들의 불편은 가중되고 있다.  목포시민 윤경운(46)씨는 ""목포에서 대전을 가려면 승용차로 가든지 KTX보다 거북 운행하는 새마을호와 무궁화호를 이용할 수밖에 없다""며 ""KTX 노선이 있어야 한다""고 말했다.  이에 대해 목포 종합버스터미널 관계자는 ""간혹 목포-대전 운행 버스에 대한 문의가 오지만 이용자가 많지 않아 노선이 신설되지 않는 것 같다""고 말했다.  shchon@yna.co.kr"
"“외빈 맞이, 상대 눈높이 맞는 환영 문화로 감동 선물”강조  [아시아경제 노해섭 기자]이낙연 전라남도지사는 21일 “공약 등 도정 추진에 도민의 눈 혹은 제3자의 눈으로 냉정하게 봐야 실수를 줄일 수 있다”며 “또한 외부 손님을 맞을 때도 상대의 눈높이에 맞는 환영 문화로 감동을 줘야 한다”고 강조했다.  이 지사는 이날 오전 도청 서재필실에서 공약 추진상황 보고회를 갖고 “공약을 이행하거나 평가할 때 우리 논리로 봐서는 도민들의 생각과 괴리가 있을 수 있으므로 도민의 눈높이로 도정을 봐야 한다”며 “공약 평가 가운데 ‘정상 추진’이란 항목은 굉장히 광범위하고 모호한 것이어서 도민의 눈높이에서는 ‘이게 정상이라고 생각하는갗싶은 것이 있을 수 있으므로 ‘도가 할 수 있는 것을 하고 있다’, ‘공약한 내용을 하고 있다’는 표현 등으로 세분화할 필요가 있다”고 지적했다.  또한 “공약은 도정이 가야 할 중요한 방향이지만 완전할 수 없기 때문에 현실에 맞지 않거나, 현실 자체가 변경돼 불가피하게 수정해야 하는 경우 그 취지는 살려야 하고, 또한 도민들께 설명을 해야 한다”고 강조했다.  이 지사는 또 “행정을 할 때 나의 논리, 우리 내부의 논리로만 보면 강진의료원 비리나 소방본부 인사비리와 같은 불상사가 일어나게 된다”며 “늘 자기를 객관화하고 제3자의 눈으로 냉정하게 나를 봐야 그런 실수가 줄어들 수 있다”고 덧붙였다.  외빈 눈높이에 맞는 환영인사 연구도 강조했다. 이 지사는 “지난주 일본 도쿄를 방문했을 때 도쿄도청 곳곳에 한글로 된 세련된 환영문구가 있고, 심지어 도쿄도지사 집무실 명패에도 한글 이름이 있어 감동을 받았다”고 말했다.  이어 “중국 저장성이나 장시성을 방문했을 때도 큰 현수막을 내걸어 환영했었고, 미국 버지니아주에서는 주지사와 주 장관들이 한글 명함을 건네는가 하면 우리나라에서도 나주 혁신도시에 이전한 한전KDN을 찾았을 때 환영문구가 많았다”며 “하지만 우리는 그런 의식이 빈약한 것 같다. 가급적이면 더 밝고 상대가 기분 좋게 하는 방법이 무얼까를 외빈의 눈높이에 맞춰 연구해주길 바란다”고 밝혔다.  노해섭  기자 nogary@"
"지역민 교통 편익·서남해안 관광지 새 랜드마크 탄생  [아시아경제 노해섭 기자]이낙연 전라남도지사는 21일 영광 홍농~백수를 연결하는 국도 77호선 영광대교 건설 현장을 점검했다. 영광대교는 오는 25일 개통될 예정이다.  이 지사는 이날 건설 현장에서 임광수 익산지방국토관리청 도로시설국장으로부터 영광대교 사업 현황과 전남지역 국도 및 연륙·연도교 추진사항을 보고받았다.  이 자리에서 이 지사는 “국회의원 시절이었던 2001년 국도 77호선 승격과 함께 영광대교 개설을 위해 노력한 결실을 이제야 맺게 됐다”며 “지역민의 오랜 숙원사업이고 지역 발전을 위해 반드시 필요했던 영광대교가 앞으로 지역 주민들의 교통 편익 증대에 보탬이 되고 서·남해안을 잇는 이 지역의 새로운 랜드마크가 될 것을 기대한다”고 말했다.  3월 말 준공 예정인 영광대교는 국토부 산하 익산지방국토관리청에서 2008년부터 총사업비 729억 원을 들여 사장교인 해상교량 1개소와 육상교량 2개소 등 총연장 2.2㎞, 2차선으로 신설되는 도로다.  한편 현재 전남지역에서 추진되는 연륙·연도교 건설사업은 총 104개소 120㎞ 구간에서 이뤄지고 있으며, 사업 예산은 총 11조 6천억 원이다. 그동안 영광대교를 포함한 48개소가 준공됐고, 22개소는 추진 중이다.  노해섭  기자 nogary@"
"국가 지원사업·정책 동향 등 정보 제공해 사업 참여와 수출 등 지원  [아시아경제 노해섭 기자]전남 환경산업 발전을 이끌 민간 주도의 전라남도환경산업협회가 10일 순천만국제습지센터 컨퍼런스홀에서 환경 관련 기업인 등 200여 명이 참석한 가운데 창립총회를 열고 공식 출범했다.  전라남도환경산업협회는 전남 환경기업 간 정보 교류와 공동 협력 등을 위해 창립됐다.  앞으로 회원들에게 환경산업 관련 국가 지원사업이나 정책 동향 등 정보를 제공하고, 해당 사업 참여를 비롯해 제품 홍보, 해외 수출 등을 지원한다.  이날 창립총회에서 회장으로 선출된 정오용 동부그린환경 대표는 “국가 지원사업과 정책 동향을 조사해 신속하게 정보를 제공, 회원사들의 매출 증대에 보탬이 되도록 하겠다”며 “실현가능한 사업을 발굴해 국내는 물론 해외시장 개척 등을 적극 지원하는 초석을 다지겠다”고 강조했다.  이낙연 도지사는 “환경은 인류가 생존하기 위해 피해갈 수 없는 절체절명의 조건으로, 환경이 곧 돈이 되는 시대가 됐다. 물과 공기를 돈 주고 사먹고 탄소배출권이 거래되는 세상”이라며 “전라남도환경산업협회가 환경산업 발전과 강진 성전 환경산단 활성화에 기여하길 바란다”고 말했다.  노해섭  기자 nogary@"
"(무안=연합뉴스) 전승현 기자 = 장만채 전남교육감, 장휘국 광주시교육감, 이낙연 전남지사의 직무수행 지지도가 전국 광역단체장과 시·도교육감 중 상위권에 자리매김했다.  반면 윤장현 광주시장은 최하위를 기록했다.  여론조사전문기관 리얼미터는 지난달 26일부터 29일까지 전국 19세 이상 유권자 8천500명(시도별 500명씩)을 대상으로 유선 임의 전화 걸기와 자동응답 방식으로 해당 광역단체장 직무수행 지지도를 평가한 결과, 광역단체장 중 이낙연 지사는 62.9%로 4위를 기록했다고 10일 밝혔다.  윤장현 시장은 38.7%로 맨 꼴찌를 기록했다.  김관용 경북지사는 73.5%로 1위를 보였다.  시·도교육감 중에서는 장만채 전남교육감이 54.9%로 1위를, 장휘국 광주시교육감이 51.6%로 4위를 각각 기록했다.  이번 조사 표본오차는 95% 신뢰수준에 ±3.1%포인트다.  shchon@yna.co.kr"
"[아시아경제 박선강]  전라남도자원봉사센터는 지난 8일 전라남도자원봉사센터 2016년도 이사회 및 정기총회를 개최, 이날 ‘2015년도 사업 예산결산과 2016년도 사업계획 및 예산안 승인, 제3기 이사회 구성 및 이사장 선임’ 등의 안건을 의결했다고 10일 밝혔다.  이번 정기총회에서 제3대 이사장으로 선출된 김호남 목포상공회의소 회장은 “도민의 다양성이 존중되고, 도민의 행복증진에 기여할 수 있도록 자원봉사발전을 위해 맡은 바 소임을 다하겠다”고 포부를 밝혔다.  이번 3기 이사회는 행정과 의회, 대학교수, 종교인, 언론인, 기업인, 봉사단체대표 등 23명의 이사와 감사로 구성됐다.  2016년 주요사업으로 ▲나눔실은 이동세탁차 운영 ▲재능나눔봉사단 운영 ▲도민협력 ‘도사랑봉사단’ 운영 ▲은퇴재능 ‘남도친구들’ 운영 ▲가고싶은섬 청년볼런투어 ▲농번기마을공동급식 ▲다문화가정봉사활동 ▲재난·재해활동 지원 ▲자원봉사지도자 소양교육 ▲수요처 관리자교육 ▲기업 자원봉사활동 ▲자원봉사자대축제 등이다.  한편, 제2대 최상준 이사장은 3년의 임기를 마치고, 이낙연 도지사로부터 감사패를 수여받았다.  최 이사장은 순천만국제정원박람회, 담양세계대나무박람회, 나주국제농업박람회, 광주하계U대회 등 국제행사의 성공개최를 위한 자원봉사참여와 22시군을 연계하며 각종 재난재해에 자원봉사자들이 적극 활동하는 분위기 조성 등 도민의 자원봉사진흥에 많은 기여를 해왔다.  박선강 기자 skpark82@asiae.co.kr"
"【안동=뉴시스】전진환 기자 = 이시종 충청북도 도지사와 이낙연(오른쪽) 전라남도 도지사가 10일 오후 경북 안동시에서 열린 경상북도 신청사 개청식에서 행사 시작 전 이야기를 나누고 있다. 2016.03.10  .  photo@newsis.com  [사진 영상 제보받습니다] 공감언론 뉴시스가 독자 여러분의 소중한 제보를 기다립니다. 뉴스 가치나 화제성이 있다고 판단되는 사진 또는 영상을 뉴시스 사진영상부(n-photo@newsis.com, 02-721-7470)로 보내주시면 적극 반영하겠습니다."
"영화 시작하기 전 도 시책 홍보영상 상영  ""불필요한 오해 살 수 있다"" 지적에 중단  【무안=뉴시스】맹대환 기자 = 전남도가 이낙연 지사의 공약으로 건립한 작은영화관에서 도정 홍보영상을 상영하다 적절치 않다는 비판이 제기되자 중단했다.  10일 전남도에 따르면 도는 지난달 22일 개관한 '고흥 작은 영화관'에서 영화가 시작되기 전에 30초짜리  도정 홍보영상을 하루 5차례 상영하도록 했다.  고흥 작은영화관은 국비 5억원 등 사업비 11억5000만원을 들여 89석 규모로 만들었다.  전남도는 주요 시책과 전남도 동부지역본부의 기능·역할을 홍보하기 위해 도정 홍보영상을 상영케 했다.  홍보영상은 민선 6기 전남도의 슬로건인 '생명의 땅, 전남'을 시작으로 보석 같은 자연, 웅숭깊은 맛·멋·흥 등의 내용을 담고 있다.  또 전남도의 브랜드시책인 '가고 싶은 섬 가꾸기'와 '숲속의 전남 만들기' 관련 영상도 포함됐다.  전남도는 고흥 영화관에 이어 민간이 운영하는 여수와 순천의 메가박스 3곳에도 도정 홍보영상을 상영하도록 요청할 방침이었다.  하지만 영화관에서 도정 홍보영상을 상영하는 것이 시대에 뒤처지고 자칫 선거법 위반 논란이 제기될 수도 있다는 지적이 제기됐다.  논란이 제기되자 전남선관위가 해당 홍보영상을 분석했으며 도지사의 업적을 홍보한 것은 아닌 것으로 판단해 선거법 위반 논란은 벗었다.  이후 전남도는 불필요한 오해를 만들 필요가 없다고 판단해 영화관에서 도정 홍보영상을 상영하지 않기로 했다  전남도 관계자는 ""위법은 아니지만 이낙연 지사가 홍보영상을 상영하지 않도록 했다""며 ""전남도의 이미지를 개선하려는 좋은 취지였으나 일부 불필요한 오해가 생긴 것 같다""고 말했다.  전남도는 이 지사의 공약에 따라 주민들의 문화 접근권을 보장하기 위해 영화관이 없는 시·군 16곳에 2018년까지 160억원을 들여 '작은 영화관'을 건립하고 있다.  mdhnews@newsis.com"
"11일 서울·충청·제주 등 전국 전문가 40명 첫 회의 …국가계획 반영 토론  [아시아경제 노해섭 기자]전라남도는 서울~제주 간 KTX 건설을 위해 민?관 추진위원회를 구성, 11일 오후 2시 도청 서재필실에서 첫 회의를 갖고 주제 발표와 토의 등을 통해 사업 추진 방향과 전략을 마련한다.  이낙연 전라남도지사는 지난 1월 폭설과 강풍으로 제주공항 마비사태가 발생하자 서울∼제주 간 KTX 개통 필요성 성명서를 발표한데 이어 중앙 정부와 민간 기업의 건설 참여 유도를 위한 민·관 추진위원회를 구성하겠다고 밝혔다. 지난달 19일에는 청와대 전국 시·도지사 간담회에서 박근혜 대통령에게 서울~제주 간 KTX의 국가계획 반영을 건의했다.  전라남도는 그동안 추진위윈회 구성을 위해 서울, 제주 등을 포함한 전국 분야별 전문가들을 물색해 정책분과 20명, 기술분과 20명, 총 40명을 선정했다.  위원들은 서울, 충청, 제주 및 호남지역 대학 교수, 국책연구기관, 연구원, 언론인, 기술용역업체 대표, 도 공무원, 도의회 의원 등으로 구성됐다.  첫 번째 열리는 이번 회의는 한국교통연구원 이재훈 박사의 ‘서울∼제주 고속철도 건설추진에 대한 주요 쟁점 진단’과, 광주전남연구원 조상필 박사의 ‘해저고속철도가 지역경제에 미치는 영향’에 관한 연구 발표와 위원들의 토론 순으로 진행된다.  전라남도는 이날 회의에서 논의된 위원들의 의견을 정리해 사업의 필요성에 대한 객관적이고 설득력 있는 결과를 도출, 오는 6월 말 확정될 예정인 ‘제3차 국가철도망 구축계획(2016~2025년)’에 반영토록 할 계획이다. 또한 서울~제주 간 KTX 영향권인 호남권, 충청권과 긴밀한 협력체계를 구축해 사업 추진에 대한 전 국민적 공감대를 조성한다는 방침이다.  노해섭  기자 nogary@"
"전남도가 이낙연 전남지사의 공약으로 문을 연 작은 영화관에서 영화 상영 전 주요 정책 홍보 영상을 내보내 ‘전남판 대한늬우스’라는 지적(경향신문 3월1일자 12면 보도)을 받고 있다는 보도에 선거관리위원회가 6일 확인 조사에 나섰다.  전남도 선거관리위원회 관계자는 “영상을 토대로 선거법 위반 여부를 확인할 계획이다. 홍보 영상 상영이 특정 지역에 집중된 이유에 대해서도 살피려 한다”고 밝혔다.  전남도는 이 영상의 문제점을 지적하는 기사가 경향신문에 보도되자 “사실과 다르다”는 입장을 밝혔다. 전남도 관계자는 “이낙연 도지사의 치적을 홍보하려 한 것이 아니라 관광객 등에 전남도를 소개하기 위한 것”이라고 주장했다.  이 영상에는 이 지사가 제시한 ‘생명의 땅, 전남’ 구호를 시작으로 향후 펼쳐질 각종 정책 방향이 이어진다. 고흥의 ‘작은 영화관’에서는 지난달 24일부터 이 영상을 매일 5차례 상영했다. 전남도는 보도 이후 사실과 다른 내용의 반박 자료도 내놨다. 전남도는 반박 자료를 통해 영상 시간이 17초라고 밝혔다. 그러나 한 관람객이 극장에서 휴대전화로 직접 찍은 영상 분량 시간은 35초였다. ‘작은 영화관’은 이 지사가 영화관이 없는 시·군에 대도시 영화관에서 개봉하는 영화를 동시에 볼 수 있도록 하겠다는 것으로 2018년까지 16곳에 160억원을 들여 추진할 사업이다. 관람료도 영화관의 60%가량만 받는다. 전남도는 이 홍보 영상을 여수·순천 일부 일반 영화관에서도 상영할 계획을 세웠다가 논란이 되자 취소하기도 했다.  - ⓒ 경향신문(www.khan.co.kr), 무단전재 및 재배포 금지  〈경향신문은 한국온라인신문협회(www.kona.or.kr)의 디지털뉴스이용규칙에 따른 저작권을 행사합니다.〉"
"[아시아경제 노해섭 기자]이낙연 전라남도지사가 6일 아동 양육시설인 목포 공생원을 찾아 시설 후원차 방문한 오니시 마사루 일본항공(JAL) 회장단과 환담했다.  일본항공에서 공생원에 후원을 시작한 것은 지난 1971년 당시 마쓰오 시즈마 회장이 공생원에 고아들의 공부방 ‘JAL하우스’를 지어주면서부터다. 이는 1928년 윤치호 전도사가 공생원을 설립하고 그의 부인인 윤학자(일본명 다우치 치즈코) 여사가 3천 명의 고아를 돌본 공로를 인정받아 1963년 윤학자 여사가 일본인 최초로 ‘대한민국문화훈장국민장’을 수상하고, 윤 여사의 장례를 목포시 최초 시민장으로 치러진 것에 감동받아 이뤄진 것이다.  이후 매년 일본항공 한국지점과 부산사업소를 통해 방문과 후원이 이어졌으며 일본항공 회장이 직접 공생원을 방문한 것은 후원을 시작한 지 45년만에 처음이다.  오니시 마사루 회장은 이날 공생원에 기념수로 주목 1그루를 심고 ‘윤학자 여사 기념관’ 등을 둘러봤다.  이낙연 도지사는 이날 오니시 마사루 회장에게 “윤학자 여사의 국경을 초월한 인간에 대한 사랑은 크고 깊다. 일본과 한국이 때로는 관계가 불편할 때가 있지만, 윤학자 여사를 말할 때는 모두가 착한 사람으로 바뀐다”고 말했다. 이어 “아이들이 사랑의 마음을 가진 어른으로 성장해주길 바란다”고 덧붙였다.  오니시 마사루 회장은 “제가 오지 않았더라면 공생원과 JAL의 인연이 끊길지도 몰랐는데 제가 와서 그 인연이 이어지게 됐다고 느낀다”며 “공생원에 오길 잘했다”고 밝혔다.  이에 앞서 지난 1월 이낙연 도지사는 윤학자 여사의 고향인 일본 고치현을 방문, 전라남도와 고치현은 윤학자라는 어머니를 같이 모시고 있는 자매인 점을 강조하며 자매결연을 맺기로 합의해 윤학자 여사 기일인 오는 10월 31일 자매결연식을 갖기로 했다. 또한 자매결연에 맞춰 고치현 니시모리 시오조 전 의장이 고치현 벚나무를 공생원에 심기로 했다.  노해섭  기자 nogary@"
"신라아이파크면세점 오픈식 '최문순-이시종-송하진-이낙연' 즉석 홍보전  (서울=뉴스1) 류정민 기자 = ""이부진 사장이 강원도 춘천산 옥비누를 꼭 좀 사줬으면 좋겠다.""  ""전남산 농수산물을 먹으면 이세돌 국수(國手)처럼 될 수 있다.""  지난 25일 열린 서울 용산 신라아이파크면세점 그랜드 오픈 행사에서는 강원도, 충청북도, 전라북도, 전라남도 등 4개 광역지방자치단체장의 즉석 홍보전이 벌어졌다. 면세점에 입점한 4개 광역지자체장이 이날 차례차례 축사에 나서 특산품과 관광자원을 내세우면서 의도치 않게 지역의 특성이 비교됐기 때문이다.  가장 먼저 축사에 나선 최문순 강원지사는 ""강원도는 분단된 한반도에서도 유일하게 남한과 북한으로 나뉜 지역""이라며 ""비무장지대(DMZ)를 마셔 없애자는 의미로 디엠지 소주를 만들었다. 많이 애용해달라""고 홍보했다.  이어 ""춘천에는 세계적으로도 유명한 옥광산이 있고 옥비누를 생산하고 있다. 이부진 사장이 옥비누를 애용해주길 바란다""며 ""신라아이파크면세점이 있는 용산역에서 ITX청춘 열차를 타고 58분만에 춘천에 갈 수 있을 정도다. 상생하는 면세점이 될 수 있다고 믿는다""고 덧붙였다.  이시종 충북지사도 최 지사에 뒤지지 않았다. 이 지사는 ""충북은 바이오, 화장품, 유기농, 태양광을 신성장 동력으로 육성하고 있는데 수출의 길이 마땅치 않았다""며 ""외국인을 상대하는 신라아이파크면세점에 입점한 것은 수출의 길이 열린 것과 같다""고 운을 뗐다.  이어 ""신라아이파크면세점이 먼저 찾아와 지방과 동반성장을 제안해 깊은 감명을 받은 바 있다""며 ""청주 국제공항에 1년에 40만명이 찾아오는데 이분들한테 신라아이파크면세점을 꼭 찾으라고 하겠다""고 말했다.  송하진 전북지사는 ""면세점에 도착해서 물어보니 미안하지만 전북관이 가장 많이 팔린다고 하더라""고 말해 웃음을 자아냈다. 송 지사는 ""일주일에 두번 이상 용산역을 이용하고 있다""며 ""KTX가 승용차, 비행기 그 어느 것보다 빠르고 편리하다. 용산역의 역할이 커졌다""고 말했다. 이어 ""내년에 세계태권도대회가 무주에서 열린다""며 ""한식, 한지, 국악, 태권도 등 한국관광의 집산지를 전북에 꼭 갖추고 싶다""고 강조했다.  맨 마지막으로 축사에 나선 이낙연 전남지사는 ""앞서 축사를 한 도지사들이 고장 자랑을 많이해 고민을 많이했다""며 난색을 표했다. 하지만 곧 ""한국인 가운데 딱 한사람만 세계적인 위업을 달성한 분들이 있는데 노벨상을 탄 고 김대중 전 대통령, 한국인 최초의 우주인 이소연 박사, 그리고 알파고에 딱 1번 이긴 이세돌 국수가 그 예""라며 ""이들 모두 전남의 농수산물을 잡수시고 자란 분들로 여러분들도 전남산을 많이 애용해달라""는 재치있는 입담으로 축사를 마무리했다.  최문순 강원지사, 이시종 충북지사, 송하진 전북지사, 이낙연 전남지사 4명 모두 더불어민주당 소속이다. 이날 4개 도지사가 한자리에 모여 지역홍보에 나선 것은 신라아이파크면세점이 위치한 용산역에서 각 지역까지 철로가 놓여 있고 신라아이파크몰에 판매관이 입점해 있다는 공통점이 있기 때문이다.  서울 용산역에 위치해 있는 신라아이파크면세점은 호텔신라와 현대산업개발이 절반씩 출자해 만든 HDC신라면세점이 운영한다. HDC신라면세점은 지난해 서울 시내면세점 신규 특허를 따낼 때 지역관을 만들고 철도를 이용한 관광연계상품도 만들겠다고 밝힌 바 있다.  양창훈 HDC신라면세점 공동대표는 ""국내 면세점 최초로 지자체 특별관을 만들어 우수한 특산품을 선보임으로써 한국의 다양한 멋과 맛을 전세계에 알리고 있다""며 ""지자체와 다양한 협력을 통해 관광허브역할을 하겠다""고 말했다.  ryupd01@  ), 무단 전재 및 재배포 금지]"
"서울 신라면세점 강원도관 개장  주류·화장품 등 29개 업체 입점  도 입점업체 마진 보장 등 지원  도내 우수기업 제품이 입점한 서울 용산 신라아이파크 면세점이 지난해 12월 말 부분 영업(프리오픈)을 시작한지 3개월여 만에 완전 개장했다.  신라아이파크면세점은 25일 정몽규 현대산업개발 회장과 이부진 호텔신라 사장, 최문순 지사, 이시종 충북지사, 송하진 전북지사, 이낙연 전남지사 등이 참석한 가운데 `그랜드 오픈' 기념식을 열고 3~7층, 2만7,200㎡ 규모의 매장과 부대시설을 공개했다. 면세점 측에 따르면 완전 개장한 매장에는 600여 가지 브랜드가 자리 잡았다.  7층에 위치한 강원도관은 24㎡ 규모로 중국관광객과 바이어들의 선호제품인 주류, 식품류, 화장품, 공산·공예품 등 29개 업체 89개 품목의 우수한 지역특산품이 입점했다.  강원도 지역 특산품 판매 매장이 서울시내 면세점에 입점한 것은 신라아이파크면세점이 최초다.  도는 사업비 2억7,000만원을 투입, 입점업체 마진율 75%를 보장하며 최대한 많은 도내 브랜드를 발굴해 강원도관에 입점할 수 있는 기회를 제공한다는 방침이다. 최문순 지사는 축사를 통해 “이번 면세점 입점을 통해 지역의 중소기업 제품과 특산품을 널리 알리고 판매가 활성화돼 중국은 물론 세계시장으로 진출하는 계기가 되길 기대한다”며 “용산역·ITX 등 편리한 교통망을 통해 관광객들이 강원도를 찾을 수 있는 기회가 될 것”이라고 했다.  이날 강원도 매장을 둘러본 이부진 호텔신라 사장은 `관광객들에게 가장 좋은 반응을 얻고 있는 상품은 무엇인가', `판매하면서 어려운 점은 없는가' 등을 물으며 관심을 보였다.  남궁현기자 hyunng@kwnews.co.kr"
"웹툰공모전 수상자와 대학생 서포터즈, 박람회 성공개최 다짐  [아시아경제 노해섭 기자]2016세계친환경디자인박람회조직위원회(위원장 이낙연)는 25일 웹툰공모전 수상자에 대한 시상식과 박람회 성공개최를 다짐하는 ‘대학생 서포터즈 발대식’을 가졌다.  박람회조직위는 대국민 붐 조성을 위해 지난해 전국 대학생을 대상으로 서포터즈 모집공고를 한 결과 국내·외에서 226명이 지원했다.  지원자 중 SNS팔로워 친구가 300명이상, 포스팅 건수, 소프트웨어 활동력, 외국어 능력 등을 평가해 최종 25명을 선정했으며 이중에는 외국 거주자가(스위스,일본) 2명이 포함돼 국내홍보는 물론 국외홍보에도 중점을 뒀다.  지난 3월 1일부터 활동에 들어간 서포터즈는 2016세계친환경디자인박람회 정보를 ▲블러그 ▲페이스북 ▲카카오스토리 ▲인스타그램 ▲기타 국내외 SNS 상에서 포스팅, 팔로우, 좋아요, 공유 등 각종 온라인 홍보활동을 활발하게 펼치고 있다.  이기환 부위원장은 “우리 사회의 문화 트렌드를 이끌어갈 서포터즈는 친환경디자인이 새로운 트렌드가 될 수 있도록 친환경디자인박람회의 취지가 전세계에 홍보될 수 있도록 많은 활동을 부탁한다”고 말했다.  아울러 이번 서포터브 발대식에는 웹툰공모전 수상자들에 대한 시상도 같이 진행돼 ‘웹툰공모전’은 지난해 친환경디자인의 의미를 이해시키기 위한 일환으로 일반인을 대상으로 공모전을 개최한 것으로, 대상을 찾이한 홍세욱씨(경기 고양)의 ‘뜨거워지는 지구를 살리자! 친환경적으로 사는 법’을 비롯한 10명에게 산업통상자원부장관상, 전라남도지사상, 한국콘텐츠진흥원장상, KBC광주방송 사장상 등을 수여했다.  그동안 조직위에서는 박람회를 홍보하기 위해 광주·전남권을 돌며 당선작 순회전시를 하고 있으며 다음달부터는 수도권에서 순회전시를 할 계획이다.  노해섭  기자 nogary@"
"[서울신문]  3개월 만에 하루 판매액 9억~10억… 600여개 브랜드에 명품 30곳 추가 입점  이부진 호텔신라 사장과 정몽규 현대산업개발 회장이 힘을 합쳐 탄생시킨 ‘신라아이파크면세점’이 25일 전면 개장했다. 이날 서울 용산구 아이파크몰에서 열린 그랜드 오픈 기념식에는 이 사장, 정 회장 등 HDC신라면세점 합작사 관계자들은 물론 최문순 강원도지사, 이시종 충북도지사, 송하진 전북도지사, 이낙연 전남도지사 등 면세점과 업무 협약을 맺은 지방자치단체장들도 참석했다.  신라아이파크면세점은 2만 7200㎡ 면적에 600여개 브랜드가 입점해 있다. 면적으로 국내 최대 규모다. 지방시, 에르메네질도 제냐, 마크 제이콥스, 지미추, 멀버리, 필립 플레인, 마이클 코어스, 베르사체, 지미 추, 겐조 등 해외 명품 브랜드 30곳이 이날 새로 문을 열었다. 오는 4~5월에는 랄프로렌, 토리버치 등의 브랜드도 합류할 예정이다.  신라아이파크면세점은 이날 오픈을 기점으로 서울 시내 3위권 면세점 진입을 목표로 내세웠다. 관계자는 “지난해 12월 부분 개장 당시 2억원 수준이던 하루 매출이 설화수, 후 등 한류 화장품 판매 호조에 힘입어 3월 중순 이후 9억~10억원대로 증가했다”면서 “럭셔리 브랜드들이 추가 입점해 연간 5000억~6000억원의 매출을 올릴 수 있다”고 자신했다. 지난해 매출 기준 국내 면세점 ‘빅3’는 롯데면세점 소공점(1조 9000억원), 신라면세점 본점(1조 1000억원), 롯데면세점 월드타워점(4800억원)이다.  다만 신라아이파크면세점이 그동안 입점시키기 위해 공을 들인 에르메스·샤넬·루이비통 등 이른바 명품 ‘빅3’는 유치하지 못했다. 정부가 이달 말 ‘면세점 제도 개선안’ 발표 이후 서울시내 면세점 사업자를 추가 선정할 것으로 알려지면서 이들 브랜드가 입점 여부를 유보하고 있는 것으로 전해졌다. 이 사장은 이날 3대 명품 유치와 관련해 “잘 진행되고 있고 계속 논의 중에 있다”고 말했다. 정부의 면세점 사업자 추가 방침과 관련된 질문에는 “지금까지 하던 대로 최선을 다해 관광산업 발전에 기여하겠다”며 즉답을 피했다.  김진아 기자 jin@seoul.co.kr  - 저작권자 ⓒ 서울신문사 -"
"전남도·시군 현안사업과 유사  【무안=뉴시스】맹대환 기자 = 더불어민주당 전남도당이 20대 총선을 14일 앞두고 30일 '도민과의 10대 약속'과 전남 10개 선거구 22개 시·군별 정책공약을 발표했다.  10대 약속과 시·군별 정책공약 대부분은 같은 당 소속인 이낙연 전남지사가 중점 사업으로 추진중인 것이거나 자치단체 현안과 유사해 참신성이 떨어진다는 지적이다.  10대 약속 중 사회간접자본시설(SOC) 분야는 남해안 철도 전철화 사업, 서울~제주간 해저고속철도 건설을 제시했다.  문화관광 분야에는 남도문예 르네상스 프로젝트 추진, 여수 해양관광특구 지정, 국립 섬 발전 진흥원 설립 추진이 포함됐다.  산업 분야는 에너지 신산업 육성, 삼포 자동차 튜닝밸리 조성을 제시했고, 교육·복지 분야는 출산과 육아부담 해소, 도립 직업훈련원 설립 및 맞춤형 인력 양성을 약속했다.  농업 분야는 후계농업경영인 육성 융자기간 연장을 제시했다.  선거구별 정책공약은 다음과 같다.  ◇목포 = ▲서남권 광역경제도시화 개발 ▲원도심 국가지정 전통문화특구 5개 테마거리 조성 ▲중국 물류유통기지·농수산식품 수출가공단지 조성  ◇여수 = ▲국민발안제 입법화-여수국가산단 국세 일부 지방세 전환 ▲여수타워 건립 및 원도심 활성화 ▲대한민국 복합해양산업 메카로 조성 ▲생태문화관광 해양오토피아 조성  ◇순천 = ▲순천만-국가정원 간 습지복원, 세계자연문화유산 추진 ▲종합스포츠파크 건립, 스포츠 관광객 생태 연계 ▲제2잡월드 유치, 순천 청소년 글로벌 인재양성  ◇나주·화순 = ▲농산물 최저가격 보장제 도입, 법제화 추진 ▲노인 일자리 2배, 수당 단계적 인상, 기초연금 30만원 지급  ◇광양·곡성·구례 = ▲광양항 국내 최대 물류·산업항만 육성 ▲곡성군 국립 철도박물관 유치 ▲구례군 지리산국립공원 삭도시범사업 추진  ◇담양·함평·영광·장성 = ▲담양 광학렌즈직접단지 조성 ▲함평 골프산업 특구 지정 ▲영광 대마산단 활성화, 전기자동차 메카 조성 ▲장성 옐로우시티 조성 활성화 지원  ◇고흥·보성·장흥·강진 = ▲고흥 우즈항공 로드망 구축 ▲보성 대마산업, 바이오 특화단지 조성 ▲장흥 중심 고흥·보성·강진 관광 문화벨트 구축 ▲강진 의료수준 업그레이드-공공산후조리원 건립 지원  ◇해남·완도·진도 = ▲해남 친환경 농축수산물 수출 전진기지 육성 ▲2017년 완도국제해조류박람회 개최 지원 ▲진도군 전통문화 활성화 관광기반 조성  ◇영암·무안·신안 = ▲영암 F1경기장 활용 자동차산업 활성화, 조선산업 재도약 지원 ▲무안 동북아 물류·관광·수출 거점도시 육성, 무안국제공항 활성화 ▲신안 섬·갯벌·천일염 등 해양 국책연구기관 유치  mdhnews@newsis.com"
"서울 용산역 HDC신라면세점에 입점한 ‘전남 특산품관’이 본격 개장식을 갖고 중국 관광객 손님맞이에 나섰다.  27일 전남도에 따르면 지난 25일 HDC신라면세점 그랜드 오픈에 맞춰 전남 특산품관도 함께 문을 열고 유커 등 외국인 관광객에게 전남의 우수 농수산 가공품과 특산품을 판매하기 시작했다.  이날 열린 오픈행사에는 이낙연 전남지사를 비롯해 지역 상생관에 함께 참여한 4개 지방자치단체장과 정몽규 현대산업개발 회장, 이부진 호텔신라 사장, 양창훈 면세점 사장 등이 참여해 지자체 특산품과 관광홍보 등 상생발전 협력을 확대해 나가기로 했다.  전남 특산품관은 서울 용산역 현대아이파크몰 내 HDC신라면세점 7층에 총 192평 규모로 조성된 지역 상생관에 입점해 있다. 지역 상생관에는 용산역에서 열차가 출발하는 전남과 강원·충북·전북 등 4개 지자체와 한국식품명인협회·한국수산협회·중소기업센터·코레일이 함께 참여했다.  면세점 전남 특산품관에는 광양 매실 제품과 보성 녹차 식품, 장흥 무산김 등 도내 12개 업체 114개 상품이 전시·판매된다. 전남도는 앞으로 중국 등 해외 관광객의 취향에 맞는 지역 특산품을 지속적으로 발굴해 입점을 확대해 나갈 방침이다.  또 면세점 내에 전남관광 홍보물을 상시 비치하고 전남 특산품을 구매하는 해외 관광객에게 전남 관광상품을 경품으로 제공하는 등 관광홍보에도 적극 나설 계획이다.  무안=김선덕기자 sdkim@sed.co.kr  [ⓒ 서울경제, 무단 전재 및 재배포 금지]"
"홍삼·김 등 인기 특산품 184개 브랜드 한곳에  용산~노량진 관광벨트화 지역관광·상권부흥 기대  지난 25일 열린 서울 용산역의 신라아이파크면세점 그랜드오픈 기념행사에서 정몽규 현대산업개발 회장, 성장현 용산구청장, 송하진 전북도지사, 최문순 강원도지사, 이시종 충북도지사, 이낙연 전남도지사, 이부진 호텔신라 사장 (왼쪽 두번째부터)이 테이프 커팅을 하고 있다. 사진=박범준 기자  서울 용산의 신라아이파크면세점 7층에는 다른 시내면세점에서 볼 수 없는 상생형 매장이 있다. 지난 2월 말부터 지방자치단체들과 공동으로 운영되고 있는 이 상생형 매장은 면세점 공동사업자인 현대산업개발과 호텔신라가 지난해 면세사업 진출을 선포하면서 내세운 상생프로젝트의 일환이다. 수도권과 지방,더 나아가 공항으로 연결되는 철도역에 면세점이 자리잡은 특성을 감안해 지방특산물과 토산품 전문 매장인 상생관 운영을 통해 지역관광 확대와 지역경제 활성화에 기여하겠다는 취지다.  상생관에는 강원도,충청북도,전라남.북도 등 각 지자체들만의 개별 매장은 물론이고 한국식품명인협회, 수협중앙회, 중소기업센터, 코레일 등의 부스가 마련됐다. 각 지방의 특산물.전통식품·민예품 등 184개 브랜드가 입점해 있다.  ■'상생관' 운영으로 지역경제 활성화  상생형 면세매장에는 글로벌 브랜드들의 고가 제품보다 상대적으로 저렴한 가격의 제품들이 판매된다. 중국인관광객(유커)들에게 인기가 높은 홍삼, 화장품, 김 등도 한 자리를 차지하고 있다.  신라아이파크면세점 관계자는 ""지자체들은 홍삼과 김 등 식품과 뷰티 위주의 지역 특산품들을 주로 많이 내놓고 있고 코레일은 국내 중소업체들의 화장품 위주로 매장을 운영 중""라고 설명했다.  상생형 매장을 운영 중인 까닭에 지난 25일 그랜드오픈행사에는 최문순 강원도지사, 이시종 충북도지사,송하진 전북도지사, 이낙연 전남도지사 등이 지자체장들이 총 출동해 지역 특산물 홍보경쟁을 벌이는 진풍경이 벌어지기도 했다.  강원도와 충청북도는 홍삼과 한방화장품,전통주를, 전라남도는 한과와 화장품, 전북은 홍삼 등을 지역 토산품으로 매장을 꾸렸다.  최문순 강원도지사는 ""관광객들이 동해안 오죽헌 등 관광 후 돈 쓸때는 서울로 간다. 지역 내 큰 자본이 없다 보니 이런 문제 해결이 어려웠는데 HDC신라면세점에서 지역상품 팔아주는 상품관 만들어줘서 고무되고 지역 경제 살리고 관광산업 업그레이드 하는데 큰 역할을 하고 있다""고 평가했다.  성장현 용산구청장, 안호근 농림축산식품부 농촌정책국장, 서장우 해양수산부 수산정책관,김임권 수산업협동조합중앙회 회장, 유제복 코레일유통 대표, 윤성련 코레일 관광사업단장 등이 참석해, 국산 농수산물의 면세점 입점을 축하했다.  정몽규 현대산업개발 회장과 이부진 호텔신라 사장은 그랜드오픈 행사에서 7층 상생관에 대한 관심을 많이 보였다. 이들 면세점 합작사 오너들은 각 지자체 매장 부스를 살펴보면서 개선점도 꼼꼼히 챙기는 모습을 보였다. 정 회장은 전남 완도의 특산품 등을 이날 참석한 귀빈들과 함께 세심히 살펴봤다. 전남 완도의 특산품인 해삼과 전복의 경우 통조림과 건조식품으로 제조돼 상생형 매장에서 홍삼과 함께 가장 고가의 특산품으로 취급됐다.  ■명인 식품 매장 눈길  이 사장은 여성 오너 답게 상생형 매장의 애로사항까지 세심히 살폈다. 한 매장 직원이 ""3~6층까지만 안내가 되어있고 7층은 따로 됐다""면서 ""7층 상생형 매장에도 값이 싸면서도 질좋은 제품을 많이 갖추고 있다는 것을 알려줘야한다""며 개선의 필요성을 이야기하자 이 사장은 곧바로 ""가시적으로 (7층까지) 안내가 되도록 하겠다""고 약속했다고 회사 관계자가 전했다.  한국의 명인들이 만든 국내 특산품 판매부스도 눈길을 끈다. 농림수산식품부로 부터 전통식품명인으로 지정된 장인이 만든 전통차, 김치 등 다양한 유커 겨냥 상품들이 비치됐다. 수협중앙회는 K-푸드 열풍으로 유커들에게 최근 인기를 끌고 있는 김, 멸치, 미역, 천일염, 젓갈 등 수산물 가공식품을 면세점을 통해 판매한다.  수협중앙회는 신라아이파크면세점 내에 수산물전용관을 그랜드 오픈하고 용산과 노량진 관광벨트 구축을 통한 수산식품 세계화를 적극 추진키로 했다. 김임권 수협중앙회 회장은 ""관광명소로 부각되고 있는 노량진수산시장과 신라아이파크면세점을 관광벨트화해 한국 수산식품 세계화를 추진할 것""이라고 밝혔다.  rainman@fnnews.com 김경수 이병훈 기자  ※ 저작권자 ⓒ  . 무단 전재-재배포 금지"
"(무안=뉴스1) 김한식 기자 = 전남인재육성재단(이사장 이낙연)은 4월8일까지 시·군과 해당 학교를 통해 올 상반기 선발할 전남인재육성 장학생 신청을 받는다고 27일 밝혔다.  학생 또는 학부모가 시군청과 해당 학교에 신청하면 시장·군수와 학교장이 적격 여부를 확인해 추천하고, 전남인재육성재단에서 882명을 최종 선발하는 방식으로 이뤄진다. 총 7억 1000만 원의 장학금을 5월4일까지 지급한다.  선발 대상은 성적이 우수하면서도 경제적으로 어려움을 겪는 저소득층 자녀와 다문화·다자녀·예능특기자 등 16개 분야다. 이를 통해 다양한 인재들에게 혜택을 준다는 방침이다.  올해부터는 출산 장려 분위기 확산을 위해 다자녀 장학금 규모를 지난해 3000만 원에서 1억 원으로 대폭 확대하고, 지원 기준도 4자녀에서 3자녀 이상으로 완화했다.  또한 서민 배려를 위해 위기가정 긴급지원 장학금을 신설, 가장의 갑작스런 실직이나 시고 등으로 경제적 어려움을 겪는 위기가정 대학생을 대상으로 수시 장학금을 지원할 계획이다.  신청 자격은 본인 및 부모(친권자)가 공고일 현재 전남에 1년 이상 주소를 둔 학생으로, 초·중·고교생은 전남에 있는 학교에 다녀야 하며, 대학생은 타 지역 거주자도 신청할 수 있다. 국가 등으로부터 전액 학비를 지원받거나 매 학기 등록금 총액이 50만 원 이하인 대학생은 신청에서 제외된다.  1인당 장학금 지원액은 초등학생 20만 원, 중학생 30만 원, 고등학생 50만 원, 대학생 150만 원이다. 대학생의 경우 등록금 범위에서 국가장학금 등 타 장학금으로 지급받은 금액을 제외한 차액만 지급해 이중 수혜를 방지한다.  자세한 사항은 전남인재육성재단 누리집(), 무단 전재 및 재배포 금지]"
"[헤럴드경제(무안)=박대성 기자] 서울 용산역에 개관한 HDC신라면세점에 ‘전남 특산품관’이 개장돼 중국 관광객 맞이에 나섰다.  27일 전남도에 따르면 전남특산품관은 용산역 현대아이파크몰에 입점한 HDC신라면세점 7층 지역 상생관 내 총 635m²(192평) 규모로 운영된다.  전남 특산품관에는 광양 다압매율(매실 농축액 등 11종), 보성 녹차식품개발원(우전녹차 등 11종), 보성 보광 어성초 영농조합법인(어성초 발효엑기스 등 10종) 등의 상품이 전시된다.  이날 개장식에서 이낙연 전남지사는 “한국인 가운데 세계적인 위업을 달성한 네분(반기문 UN사무총장, 노벨상 김대중 전대통령, 우주비행 김소연 박사, 이세돌 국수) 가운데 세분(김대중 전대통령, 김소연 박사, 이세돌 국수)이 전라남도 농수산물을 드시고 성장한 공통점이 있다”면서 “자녀들이 한 분야에서 세계적으로 큰 위업을 달성하기를 원한다면 전라남도 농산물을 많이 드시기를 권한다”고 말해 박수를 받았다.  한편 HDC신라면세점은 정몽규 현대산업개발그룹 회장과 이부진 호텔신라 사장이 합작해 출범시킨 법인이다.  parkds@heraldcorp.com  - Copyrights ⓒ 헤럴드경제 &amp; heraldbiz.com, 무단 전재 및 재배포 금지 -"
"〔전경우 기자〕 신라아이파크면세점이 25일 문을 열고 매출 1조 면세점을 위한 첫 발자국을 내딛였다. 이날 호텔 신라 이부진 사장은 “현대산업개발과의 합작관계는 계속될 것으로 생각되고 있다”고 말해 양사의 전략적 제휴는 당분간 계속될 전망이다. 또한, 이사장은 “처음 저희가 계획하고 말씀드렸던 600여개 브랜드에서 현재까지 580여개의 브랜드 유치를 성공했다”며 “3대 명품 브랜드 유치 역시 계속 진행되고 있다”고 밝혔다.  신라아이파크면세점은 지난해 12월 24일, 3·4층과 6층을 연 프리오픈 이후 브랜드를 지속적으로 보강해 왔다. 지난 2월 28일, 지자체와 명인 상품이 들어선 국내 최대 상생협력관을 연 데 이어, 3월에는 ‘예거 르쿨트르’, ‘IWC’, ‘쇼파드’, ‘파네라이’, ‘브라이틀링’, ‘태그호이어’, ‘제니스’ 등 럭셔리 시계와 ‘몽블랑’, ‘톰포드’, ‘조말론’ 등 잡화·화장품 브랜드를 새로 보강한바 있다. 면세점은 이번 그랜드오픈 이후에도 지속적인 MD강화를 진행한다. 4~5월 ‘랄프로렌’과 ‘토리버치’ 등 등 패션·잡화 매장이 추가로 문을 열는 등 정상급 브랜드가 계속 입점될 계획이다.  신라아이파크면세점은 2만7천2백㎡ 면적 3~7층이 풀가동에 들어간 그랜드 오픈을 기점으로 서울 시내 3위권 면세점으로 진입 할 것이라고 밝혔다. 회사 관계자는 “면세점 운영이 오픈 초기에 비해 빠른 속도로 안정화를 찾고 있다”며 “화장품을 비롯해 특성화된 한류 상품과 용산역 KTX 등 편리한 교통망, 버스전용 주차장, 중국인 관광식당, 복합쇼핑몰 시설 등 제반 인프라가 관광객들에게 어필하고 있다”고 설명했다. 그리고, “오픈 초 2억원대에 불과하던 매출이 ‘설화수’와 ‘후’ 등 한류 화장품의 판매호조에 힘입어 3월 중순을 넘어서는 9~10억원에 육박하고 있다”며 “이런 추세라면, 일부 명품 유치가 지연되는 상황 속에서도 5층 명품관이 새로 문을 열며 연간 5000~6000억원의 매출이 예상된다”고 말했다.  HDC신라면세점 양창훈, 이길한 공동대표는 ""서울이 세계적인 쇼핑도시로 자리매김할 수 있도록 세계 최고 수준의 면세점을 만들 것""이라며 ""관광산업의 외연 확대를 통해 전국 2000만 외국인 관광객 시대를 여는데 앞장서 나가겠다""고 말했다."
"한전은 오는 2020년까지 기업 500개 유치, 고용창출 3만명을 목표로 삼고 있다.  한전은 이날 코트라(KOTRA)와도 업무협력 MOU를 맺고 외국인 투자 유치, 설명회 개최 등을 추진해 나가기로 했다.  조환익 한전 사장은 ""빛가람 에너지밸리는 지역의 미래 먹거리를 지속해서 확보할 수 있는 새로운 지역경제 모델이 될 것""이라며 ""올해는 외국기업 유치를 통해 글로벌 에너지 산업생태계 조성을 적극적으로 추진해 나가겠다""고 밝혔다.  cool@yna.co.kr"
"(무안=뉴스1) 김한식 기자 = 전남도는 7일 이낙연 도지사 주재로 '전남도 상징물(CI) 개선 및 전용서체 개발' 용역 추진상황보고회를 개최했다.  보고회에서는 '바뀌는 듯 바꾸지 않음'이란 콘셉트로 정적인 현재의 상징물을 보다 힘차게 개선키로 했다.  이 용역은 지난 2000년 개발된 상징물을 행정환경 변화에 맞춰 새롭게 개선하기 위한 것이다. 기존 전남도 상징물은 '풍요와 전통이 살아있는 영원한 생명력을 상징'하는 노랑 바탕에 붉은 원과 녹색 잎, 파랑 파도로 구성됐다.  그동안 채도가 낮아 다양한 어플리케이션과 조화되지 못하고 구성 요소가 상대적으로 작으며 축소했을 경우 녹색과 청색이 구분되지 않는 등 여러 가지 지적이 있었다.  또 상징물에 사용되는 '전라남도' 로고타입은 그림 문자로 자유롭게 사용하지 못하는 제약이 있었다.  이런 가운데 최근 광역 지자체 및 일부 시군에서도 자체 서체를 개발해 홍보하는 추세다. 전남에선 순천시와 장성군이 자체 서체를 보유하고 있다. 서체 개발이 완료되면 PC상에서 전남도만의 서체를 자유롭게 사용할 수 있다.  이번 상징물 개선작업은 기존 전남도 상징물의 특성을 최대한 살린 것으로 색체와 디자인요소를 현대적 감각에 맞도록 하는데 초점을 뒀다.  용역 자문위원인 손영환 목포대 교수는 1999년도 현 상징물 개발 자문에 참여했다.  손 교수는 이날 보고회에서 ""개발 당시 시대적 상황과 지금은 많은 것이 변하고 바뀌었다""며 ""새로운 경향의 디자인적 요소를 반영한 리뉴얼(Renewal)이 성공적으로 이뤄지도록 적극 노력하겠다""고 말했다.  전남도 상징물 개선 및 전용서체 개발 용역은 서울 소재 김현선 디자인연구소 외 1개사(㈜그룹와이)이 지난해 7월 착수해 이달 말까지 완료할 예정이다.  hskim@  ), 무단 전재 및 재배포 금지]"
"(무안=뉴스1) 김한식 기자 = 이낙연 전남도지사는 7일 ""정책을 수립할 때는 중앙정부 시책의 기반 위에 전남만의 특수성을 반영하고, 이해 당사자들의 신뢰와 동의를 얻을 수 있도록 지혜를 모아 종합적이고 지속가능하게 만들어야 한다""고 강조했다.  이 지사는 이날 오전 도청 서재필실에서 실국장 토론회를 갖고 ""소상공인 보호·육성정책은 대규모 점포와 소상공인 간 상충하는 부분이 있어 양자를 모두 만족시켜야 하는 지난한 과정이 필요하다""며 ""정책적 상상력을 발휘해 지역경제에 새 활력을 불어넣으면서도 동시에 소상공인들에게 용기를 줄 수 있는 정책이 나왔으면 좋겠다""고 말했다.  자유무역협정(FTA) 대책 수립과 관련해선 ""중앙정부 시책을 미리 파악해 그 기반 위에서 전남이 가진 특수성을 반영한 시책이 나와야 한다""며 ""특히 요즘은 계획경제시대가 아니어서 국가적으로 필요한 경제정책을 정부가 수립해 끌고가기에는 한계가 있다""고 말했다.  이어 ""따라서 중앙정부와 민간 부분 사이에서 네트워크를 잘 구축하고 지혜를 모아 정책 수요자가 만족할 수 있는 종합적인 대책을 만들어주길 바란다""고 밝혔다.  환경산업협회 창립 움직임에 대해선 ""전남이 강진에 환경산단을 조성한 취지가 무엇이었고, 앞으로 환경산업 활성화를 위해 협회가 어떤 역할을 해야 하는지를 미리 기획해 협회가 효율적으로 운영되도록 하라""고 지시했다.  또 ""헬스케어 시범단지 유치를 위해서는 먼저 중앙정부가 어떤 기준으로 후보지를 확정할 것인지를 파악하고, 또한 정부가 어떤 고민을 하고 있는지를 유추해봐야 한다""며 ""이를 통해 도와 시군이 그 기준에 합당하고 매력적인 후보지를 가려내 후보지를 추천해야 한다""고 말했다.  이 지사는 ""내년 국비 확보를 위해서는 중앙부처의 올해 업무 추진 흐름을 미리 알아야 한다""며 ""중앙부처에 열심히 찾아다니면서 향우 등을 비롯해 믿고 소통할 수 있는 네트워크를 갖춰야 한다""고 역설했다.  hskim@  ), 무단 전재 및 재배포 금지]"
"(무안=연합뉴스) 손상원 기자 = 서울-제주 KTX 건설을 추진하는 민·관 협의체가 첫 회의를 하고 공식활동을 시작했다.  '서울-제주 KTX 건설 민·관 추진위원회'는 11일 전남도청에서 열린 이날 회의에서 기술·정책적 방안을 논의했다.  추진위는 자연재난 시 제주공항의 한계를 보완하고 제주 관광, 국가 균형발전을 위한 KTX 건설에 공감대를 넓히기로 했다.  애초 이낙연 전남지사가 공동위원장을 맡을 계획이었지만 전남도뿐 아닌 국가계획 차원의 추진 필요성을 고려, 홍익대 부총장인 황기연 교수가 단독 위원장으로 선출됐다.  정책분과위원장은 홍익대 김창봉 교수, 기술분과위원장에 정찬묵 우송대 교수가 각각 맡았다.  이 지사는 ""골든타임을 놓치지 않으려면 6월 말 국토교통부 '제3차 국가철도망 구축 계획에 사업이 반영돼야 하고 여의치 않으면 2차 목표로 내년 대선 공약에 포함되도록 해야 한다""고 강조했다.  한국교통연구원 이재훈 박사는 '서울-제주 고속철도 건설 추진에 대한 주요 쟁점 진단', 광주전남연구원 조상필 박사는 '해저고속철도가 지역경제에 미치는 영향'을 주제로 발표했다.  이 박사는 ""2011년 국토교통부 타당성 조사 결과 비용대비 편익(B/C)이 0.71∼0.78로 나왔지만 당시보다 제주도 관광객이 훨씬 증가한 만큼 조사가 다시 이뤄져야 한다""며 ""유로터널 사고를 참고해 방재계획을 세우고 동력 분산식 열차를 투입하면 안전성 우려도 해결할 수 있을 것으로 보고 있다""고 말했다.  sangwon700@yna.co.kr"
"조상필 박사는 “지역경제 도약의 새로운 전기 마련과 국토균형발전을 위해 새로운 성장축이 필요하므로 정부의 강력한 정책 의지와 지원이 절실하다”고 강조했다.  토론회에서는 서울∼제주 간 KTX가 건설이 추진되면 위기에 처한 한국 경제의 돌파구가 될 것이고, 대한민국은 세계 최장의 해저터널 건설국이라는 네임밸류를 획득, 건설과 경제의 신용이 크게 향상될 것이라는 전망도 나왔다.  황기연 위원장은 “서울∼제주 KTX 건설에 대한 부정적 이미지 탈피를 위해서는 사업의 필요성에 대한 적극적인 언론 홍보활동을 펼쳐야 한다”며 “또한 치밀한 전략 수립으로 국가정책 반영에 힘을 모아야 한다”고 말했다.  이날 회의는 서울～제주 간 KTX 건설의 필요성을 확인하고, 이를 국민과 기업 및 중앙정부에 확산시키는 의미 있는 자리가 됐다는 평가를 받았다.  문승용 기자 msynews@"
"지역 문화예술 각별한 관심 지원에 감사 표시  [아시아경제 노해섭 기자]이낙연 전라남도지사는 11일 지역에서 활발한 작품 활동을 펼치는 김근태 화백으로부터 지역 문화예술에 대한 각별한 관심과 지원정책에 대한 감사의 표시로 직접 작업한 초상화를 증정 받았다.  시각장애를 겪고 있는 김근태 화백은 지적장애 아동들을 탐구해 그 순수함을 그림으로 표현하는 지역 대표 화가다.  이를 통해 장애인과 비장애인 간 소통 및 화합을 이끌어 지적 장애인에게는 희망과 위로를, 비장애인에게는 공감과 치유라는 선물을 주고 있다.  특히 지난 2015년 한국 화가로는 최초로 뉴욕에서 개최된 유엔(UN) 창립 70주년 및 세계장애인의 날 기념식에 ‘들꽃처럼 별들처럼’ 주제로 특별 전시회를 열었다. 올해는 독일, 스웨덴 등 유럽 5개 국 순회전시회를 계획하고 있다.  이날 김근태 화백의 초상화 증정은 다양한 지역 문화예술 진흥시책과 지역 예술인 창작활동 지원 시책 등을 펼쳐온 이낙연 도지사에게 지역 예술인으로서 고마움을 전하기 위한 것이다. 김근태 화백은 그동안 반기문 유엔사무총장, 박삼구 아시아나 회장에게도 초상화를 증정했다.  노해섭  기자 nogary@"
"[아시아경제 문승용·박선강]  광주 북을·전남 순천·서울 양천을 경선 초접전  한솥밥 식구에서 경쟁자로 …지역 판세 안개속  야당 강세지역구, 후보 간 ‘본선 경쟁력’ 치열  4·13 제20대 총선과 관련 더불어민주당의 공천 경선이 코앞으로 다가온 가운데 호남을 비롯해 수도권에서 우열을 가리기 힘든 초 접전 지역의 경선 결과가 최대 관심사로 부상하고 있다.  이들 초접전 지역 중 2명의 후보가 맞붙는 지역의 경우 경선 구도가 확실한 우열을 가리기 힘든 안개 속 판세를 형성하고 있어 최종 생존자가 누가 될 것인지 지역구민들의 이목을 모으고 있다.  특히 비례대표 현역의원과 원외 지역위원장이 맞붙는 전남의 고흥·보성·장흥·강진을 비롯해 순천시, 서울의 강동갑과 전·현직 지역위원장이 대결하는 서울 양천을 등은 본선보다 더한 피 말리는 전쟁을 치르고 있는 것으로 알려졌다.  이들 지역은 언론사가 시행한 각종 여론조사에서 후보에 대한 지지를 아직 결정하지 못한 부동층이 40∼60%에 이르는 것으로 나타나 이들 부동층이 경선 향배를 가를 것으로 예상되고 있다.  광주는 이낙연 전남도지사의 특별보좌관을 지낸 이남재 예비후보와 광주광역시 경제부시장을 역임한 이형석 예비후보가 맞붙고 있는 광주 북구을의 경우 판세를 점치기가 쉽지 않다는 게 중론이다.  광산갑의 경우에는 의사 출신의 이용빈·임한필(김대중평화캠프 조직위원회 사무처장)·허문수(전 광주시의원) 예비후보가 한치 앞을 내다볼 수 없는 치열한 대결을 펼치고 있는 형국이다.  전남 고흥·보성·장흥·강진은 신문식 의원(비례대표)과 공직자 출신의 곽동진 예비후보가 맞서고 있으며 순천시는 김광진 의원(비례대표)과 노관규(전순천시장) 예비후보가 일척건곤의 한 판 승부를 겨루고 있다.  무안·신안·영암은 재선의 이윤석 의원과 3번의 무안군수를 지낸 서삼석 예비후보가 양보할 수 없는 대결국면을 보이고 있다.  이번 총선의 승부처인 서울의 경우 김낙순 예비후보(전국회의원)와 이용선(지역위원장) 예비후보가 맞붙고 있는 양천을에서는 초 접전 양상이 전개되고 있다. 양천을은 전통적인 서울 내 야당 강세지역으로 평가되고 있는 가운데 두 후보의 현재 경선 판세가 한치 앞을 내다볼 수 없는 짙은 안개 속 상황인 것으로 전해지고 있다.  또한 진선미 의원(비례대표)과 송기정(전 강동갑지역위원장) 예비후보가 맞붙은 서울 강동갑은 두 후보가 각각 전북(순창)과 전남(목포) 출신으로 경선의 향배에 지역구민들의 관심이 집중되고 있다.  이와 함께 서울 송파병에서는 남인순 의원(비례대표)과 조재희(지역위원장) 예비후보가 첨예한 대결양상을 보이고 있다.  한편 더민주는 오는 13일부터 18일까지 순차적으로 대부분 지역의 경선을 마무리할 예정이다.  문승용·박선강 기자"