등신 문재인은 그래도 공무원을 늘린다 지 정권 유지 할려고 덕분에 공무원은 양반이라 철밥통에 팅자 팅자 알반 국민과 자영업다는 상놈이라 귀족 공무원 노후연금 실탄받이 하느라 버는 족족 문재인에게 수탈 당하는 더러운 나라,0.0,78.35,21.65,부정
문재인 뽑은 ㅅㄲ들이 세금 더 내라,0.0,99.77,0.23,부정
문재인 작품인데 문빠들은  불만 없지요~,0.0,99.34,0.66,부정
"문재인, 다음정권으로 나라빛 떠넘기려고 하는가? 제발 군인연금부터 꼭 좀개혁해라. 아님 국민연금으로 통합시켜라",0.0,99.79,0.21,부정
문재인은 나라의 미래엔 관심없습니다 오로지 김정은에 충성하고 민주당 2중대들과 손잡고 장기집권해서 자신의 퇴임후의 일신의 부귀영화만 생각합니다,0.0,99.76,0.24,부정
사람좀 제대로 보세요!! 윤석열이에게 당하면서 김진표까지~ 김진표가 총리되는 순간 문재인정부와 민주당은 내년 선거 폭망이다!!,0.01,58.16,41.83,부정
김진표 장로는 개도교 먹사님들 소득신고 무마시켜준 장본인이죠? 썩은 한국당으로 내보내야될 쓰레기를 총리후보라니....... 이 자는 뇌물망국당이 딱 어룰리는데 왜 더불어민주당에 있을까?,1.61,88.83,9.56,부정
한심하다!!! 저런 사람이 총리후보라니??? 내가 하겠다. 차라리 얼치기로 아는 것보다 전혀 모르는 사람이 총리하는 것이 낫다. 다시 노무현의 실패를 되풀이하는가???,0.32,61.54,38.15,부정
"문재인 정권에서, 김진표는 아니다.",0.0,99.57,0.43,부정
김진표는 자한당 x맨.,20.48,67.32,12.2,부정
민주당이 망쪼로 가는거지 김현미는 집값도 못잡는 무능한 장관인데 거기다가 당만 다를뿐 친한국당 성향의 김진표까지 나서면 민주당 말년이 초라해질뿐이고 서민들만 힘들어 진다,0.06,99.31,0.63,부정
"경제통총리,김진표‥현명한 선택입니다‥지지합니다!!!",0.57,68.57,30.87,부정
총리 교체 안하는게 제일 좋고 불가피하게 햐야한다면 정세균 원혜영 김부겸도 있는데 김진표가 웬말이냐,0.05,99.27,0.69,부정
오마이 뭘 그리 오도방정인가 문재인이 김진표를 총리로 임명한다면 문재인이 표방했던 소득주도성장이나 친노동자정책을 잘못했으니 법인세도 인하하고 정상화시키겠다는거 아닌가.그리도 주제파악이 안되면서 무슨 기자라고 명함을 내미는가.기레기야.,0.01,54.39,45.61,부정
이게 사실이라면 문재인 정부 지지를 완전 철회합니다. 김진표 같은 전형적인 개독 의원을 추천한 민주당 지지도 철회합니다.힘없는 민주당이나 사악한 자한당이나 변하지 않는 세상 똑같네요. 차라리 맘놓고 욕할 수 있는 미친 자한당이 맘 편합니다.,0.02,73.81,26.17,부정
문재인 왕국의 비참한 종말이 보인다.,0.0,52.9,47.1,부정
백원우 묻고 문재인 묻고 떠블로가,1.38,64.36,34.26,부정
종북좌파 문재인 청외대엔 간신배들이 국정을 좌지 우지 한다. 문재인이 시킨게 아니면 눈깜아 줬나. 어떤일이 벌어진건지 확실히 조사해라.윤석열 화이팅.!.,0.04,89.54,10.42,부정
문재인 탄핵감이다.    어이가 없네,0.0,88.31,11.69,부정
문재인 천주교 잖아 측근들도 대부분 그거고,0.0,99.44,0.56,부정
최순실 무서워 암것도못하는 박근혜나  일부극진보 무서워 암것도 못하는  문재인이나,4.62,66.37,29.01,부정
문재인은 헌법에 보장된 종교의 자유를 탄압하려는가? 김진표 씨가  기독교인으로써 소신발언하는 양심을 정치적으로 이용하고 있다.,0.0,99.78,0.22,부정
그나마 민주당에 정신 제대로 밖힌 쓸만한 인재를 발견했는데 이걸또 자기들보다 똑똑하다는 이유로 거르네. 참 답없는 민주당 머저리들.,0.07,99.74,0.19,부정
교회 다니면  총리도 못하는 나라 ....  공산 사회주의 국가 아닌가  ??,34.8,37.98,27.22,부정
청와대 문재인이가 장관들 임명할 때 왜 그다지. 자격도 없는 인간들을 막무가내로 임명을 했는지 이제는 국민들은 다 알겠지요.지금 문재인이가 하는 짓거리를 보면 사회주의 뿐 아니라 장관자리에 있는 쓰레기같은 주사파 들이 하나같이 사회주의 장관이란 걸,5.9,70.19,23.91,부정
문재인정권은 기독교인들의 압도적인 득표율로 대통령에 당선된걸 잊었나보네..빠이빠이다 민주당아.. 민노총 전교조에 휘둘리는 민주당  지지철회한다.,0.0,99.21,0.79,부정
가장 자한당 스런 김진표.  이 인간이 왜  민주당에 있는지 설명 해 주실 분,0.06,73.68,26.26,부정
무속인 정도가 먼 총리???,0.31,77.84,21.85,부정
더불어민주당은 보수입니다. 대한민국에서 진보정당이라면 정의당 정도겠죠. 자한당은 보수라기 보단 기득권을 가진 사람들이 권력과 신분을 유지하려는 왕당파나 조선총독부 같은 미국이나 일본의 이익을 대변하는 대리정당 성격이 강한것 같습니다.,0.0,98.99,1.01,부정
이 시점에서 문재인이 할일은 아무것도 없다. 도리어 김정은에게 시간과 핑계나 주고 쫄따구 소리만 듣는다.물론 대한민국은 문재인 때문에 여지 없이 자존심과 체면만 깎인다.,18.07,44.51,37.41,부정
"문재인은 북한 대변이, 보호자 노릇해왓다. 돈 필요하면 북에 돈 보내고.",0.0,99.78,0.22,부정
"문재인이 무슨 중간에 사다리 역할이라고 다들 착각하는데, 트럼프하고 김정은이 이미 공개적으로 문재인 대놓고 문재인은 빼놓고 얘기하자고 꼽줬죠?? 슬슬 총선때가 다가와서 민노총 산하 어용언론이 평화쇼에 시동을 걸고있는데 이제 국민들은 너무 지칩니다. 나라 안에서부터 개판이나도 수습은 커녕 모르쇠로 일관하는 무능한자가 국외의 일을 해결한다고요? 뭐 트럼프나 문재인이나 서로 선거철이 다가오니 협상하겠죠. 평화쇼 한번 크게 해서 민심을 얻어보자 이런식으로. 그리고 총선 끝나고 다시 본래대로 복귀. 이제는 뻔하네요",0.0,99.84,0.16,부정
"문재인은 대한민국의 대통령이 아니다.북한과 미국의 따까리. 줏대도 자존심도 없는 사람.간에 붙고 쓸개에 붙는 인간.뭐하나 제대로 하지못하고,뭐하나 이루어 놓은것도 없고,몸으로가 아닌 입으로만  일하는 인간.",0.0,93.84,6.16,부정
문재인   뭐  저런사람이  대통령 이냐  우리동네  통장도  저 보다는낫다    진짜 대통령 잘  뽑아야하는데  최악이다    아마도 이런 최악의  대통령은  나오지 않을것같다,0.0,98.53,1.47,부정
이낙연 우리민족끼리 팔로우한 그사람?,0.01,96.06,3.93,부정
이낙연은  존재감 조차  없어보이는데,0.0,96.72,3.28,부정
황교안님 화이팅,0.04,81.11,18.84,부정
어떻든 황교안이는 그릇이 아니다.,1.28,89.84,8.87,부정
이낙연 ㅋㅋㅋㅋㅋㅋ리얼미터 왜 그러냐 ㅋㅋㅋㅋ,0.01,99.48,0.52,부정
이낙연이가 대통 돼서 나라 더 말아 먹어라. 그래야 국민들이 정신 바짝 차릴 것 같다.,0.0,99.37,0.63,부정
이낙연이  차기대똥령되면 지금빨겡이섹기드리  해처놓은거 5년간 안전하게 도망칠기회주고 숨겨진다..,0.0,99.31,0.69,부정
더불어공산당 안된다,0.11,96.37,3.51,부정
이낙연총리동생건은 왜 슬쩍 넘어가나요?누군되고 누군 안되는게 이 정권의 현주소입니까?,0.0,99.33,0.67,부정
유승민신당챙기면다시.지지율오른다.힘내라.응원한다.정치바람은.일순이다.열성같고하면.다시지지율.팍팍오른다.정치인중에제일똑똑하고.소신.품격이있는.아까운정치인.유승민응원한다.변혁신당화이팅.,0.07,97.58,2.34,부정
문재인.더불어민주당들어와서갈등지수200올라가고있습니다.갈등지수올라가면나라엉망이됩니다~~,0.0,63.26,36.74,부정
진정성의 아이콘 황교안대표님 응원합니다.,9.51,86.82,3.67,부정
이낙연이를 띄워주려고 구라치고 있구먼,0.0,96.29,3.71,부정
푸하하 황교안 ㅋㅋㅋㅋㅋ,1.15,63.5,35.35,부정
중요한건 더불어나 자한당 꼴통들인데. 인물을 봤을때 이낙연이 황교안보다 훨 나아보인다는거야. 퍼포먼스하기 바쁜 문재인 황교안과 틀리게 이낙연은 겸허하면서 할 소릴 해서 괜찮던데,0.0,67.35,32.64,부정
이낙연은 반드시 이겨라  지지율이 높으면 이길수 있다.,0.0,87.2,12.8,부정
이낙연은 보스기질 제로인 예스맨이라 리더로는 안되고 이재명이 진리임 진정한 서민대통령 감임 가난한 집안 공장근로자였고 검정고시 출신 자수성가한 개천에서 용난 인물임 강력히 지 지합니다 이재명님 !!!,0.0,99.21,0.79,부정
민주당 후보들 합치면 59%넘네요 ㅋ 선거 해보나 마나 ㅎ 미필아 ㅋㅋㅋ,0.06,97.86,2.08,부정
문재인 2년만에 30평아파트가 20억이다!  청년들아 지옥이다 결혼하지마라,0.01,99.59,0.41,부정
뭘눈치봐 김진표 낙점하고 이낙연 내보내서 선거완승하고 민주당 이번에 제대로안하면 선거진다 빨리개각처리하고 다이긴게임지잖아 그럼 끝이다,0.0,78.54,21.45,부정
총리후보자 새로운 사람하나 없이 내놓지 못하는 정부! 정말 나라위한 정치를 하자는 것인지 같은 패거리들만,0.0,99.73,0.27,부정
총리는 역시 황교안 아니나?ㅋㅋ,0.0,96.54,3.46,부정
"총리는 대통령이 정치적인것이든 뭐든 말하지 못하는 것을 스스럼없이 어필할수 있는 총리가 사실은 필요한것 같다, 점잔만 빼고, 눈치보고, 야당에 맞서 말한마디도 못하고, 대통령속끌이를 속 시원히 속풀어줄 사람이 사실은 필요하다, 요즘, 대통령에 대한갖은 억지거리들을 정치도 경제도 중요하다, 대통령이 직접 언급하지 못하는것들이 있을때마다, 대신 어필해주는 총리, 강력한 총리가 선출되어야 한다. 그역할을 맡을사람은 아무래도 박지원의원 밖에 없는것 같다",0.0,73.03,26.97,부정
문재인 절친  울산시장  선거 부정사건  뉴스는  안보이냐  ?  채널 A  아니면  유트브에서박에 볼수가없네... 국민의 알권리를  통제하는  주사파운동권   ㅅ끼들....  저들이  독재타도 외치던자들이 맞나  ??,0.0,99.92,0.07,부정
기생충 문빠들 명예도 없는것들 대표가 장관 의장이 총리 후보로 인물이없어 빠들,1.89,59.66,38.46,부정
이낙연?웃김 거짓뉴스같네~,0.0,99.21,0.79,부정
이낙연과 안철수는 비교불가 대상입니다. 안철수는 대다수 데모쟁이나 법조인 정치인들과는 다르게 혼자서 시장에 뛰어들어 남의 돈 벌어본 사람입니다. 나라경제를 일으킬수 있는 유일한 가능성이 있는 인물입니다.,0.0,99.5,0.5,부정
"민주당이 애타게 부릅니다, 총선전에 정계복귀 하시라고, 간철수여! 돌아오라.",0.01,99.07,0.92,부정
"그래도 아마 대선엔 나오겠지... 개인적으로 황교안이 안철수보다 비호감이라고 생각하지만, 만일 둘중의 하나를 대통령으로 뽑으라고 한다면 황교안을 뽑을 것이다... 황교안은 적어도 당권 장악력이라도 보여 줬기 때문이다...",40.71,59.05,0.24,부정
"선인장을 껴안는다는건 아마 북한을 포용하려는 문재인 대통령님을 돌려깐거 같은데. 안정감이나 조심스러운게 아니라 음흉한 그 자체... 그 대표적 사례가 조국장관님을 끌어내린 사건이다. 검찰개혁을 위해 이순신의 결의를 다지던 조국장관님, 그런데 뒤에서 요리조리 결국 끌어내렸지... 그리도 경쟁자를 제거하고 싶었나... 게다가 이시국에 일본이나 다니고 일왕따위에 천황이란 극존칭을 붙이고. 검찰개혁을 밀어붙일 시기에 무슨 대선분위기나 내고있어. 참내... 토착왜구보다 더 싫다. 국민은 이낙연이 아니다. 조국대통령님이다.",4.78,49.03,46.19,부정
문재인나 너나 네들 좌파이념이 양심이나 법치보다도 우위에 있는 인간들이잖아.. 지들이 엄청 이성적이고 합리적인줄 아네.,0.0,99.88,0.12,부정
품격있는 정치인 이낙연 앞으로 우리나라 정치인들은 품격이 있는 사람들을 뽑아야 합니다. 개때 같이 싸우는 국회의원 뽑으면 절대 안됩니다.,0.65,89.63,9.72,부정
"이낙연 총리님, 훌륭한 대통령이 될 것을 굳게 믿습니다.꼭 당선 되십시요.",0.0,93.53,6.47,부정
현재. 이 총리 만큼 균형감각과 안정감있는 인사가 없다. 소인배들이 날 뛰는 현 정치권에 가장 신뢰가 가고. 능력이. 뛰어나니 그 말고는 차기 대한민국의 난제를 헤쳐갈 인사가 부재하다. 차기 대통령에 이총리가 되어서 국운을 이르키길 강력히 희망한다,4.58,56.73,38.68,부정
이낙연 띄우기에 책 한권을 썼네.,0.0,98.56,1.44,부정
이낙연이 1위라고  조작 여론 안믿습니다. 길거리 여론조사 결과로서 이것이 정말 진실입니다. 인천 서구 문재인 지지 14 .89% 지지하지 않음 85.11% 입니다. 인천시 남동구 모래내 시장문재인 잘한다 17.76 % 문재인 못한다 82.24% 유튜브 자유의창 김재홍을ㅈ검색해서  보시면 매우 많은 지역별 결과가 있습니다 이 정보를 많은 분들에게 전달 부탁드립니다~~~,0.0,59.23,40.77,부정
문재인 일당은 이제 안 뽑는다 문재인 뽑은 내 손모가지 자르고 싶다,0.0,76.57,23.43,부정
"검찰이나 자한당, 수꼴보수언론들이  이낙연으로 야당의 대권후보를 몰아간다는  생각 나 뿐인가?? 이낙연이 대권후보가 되어야 보수들은 정권을 되찾아 올수 있다 생각하고 있고,,,,그이유는 전라도 출신이라는 지역적한계,,,,이명박과 정영동의 표차이를 기억해본다면,,,보수언론,검찰들이 싹을 자르려는 김경수, 이재명, 유시민, 조국, 박원순 모두 경상도 출신,,, 애들중 누가나와도 대통령 됨,,,하지만 이낙연은 힘들수 있다",0.0,52.36,47.64,부정
이낙연이 차기 대통령 선호도 1위라고? 그만큼 좌파에는 인물이 없다는 거지..그동안 좌파들의 민낯이 모조리 다 들어 났으니까...이 정권이 온갖 비리를 저지르는동안 꿀먹은 벙어리처럼 처신한 이낙연을 우리는 끝까지 기억할 것이다. 광야에 나와 봐라...그 지지도가 얼마나 허무한것인지 깨닫게 될것이다.,0.0,93.36,6.64,부정
무소신과 무능의 대명사 이낙연.,0.92,83.73,15.34,부정
문재인 개노릇한 홍어. 동생은 ?,0.01,99.59,0.4,부정
문재인이 말아먹었다고? 자기가 찍은사람 아니면 뭘해도싫어할 사람들은 그리생각하겠지ㅎ,0.0,99.82,0.18,부정
제 2의 문재인,0.01,95.57,4.42,부정
"민주당이 2년간 집권한 결과 현재의 사회상을 살펴볼때, 결론은 '적근적 반대'.",0.12,98.66,1.23,부정
이낙연은 친동생 대기업 불법취업에 대해서 책임져라,0.0,98.81,1.18,부정
문재인과 더불어 무능한 인간...,0.0,98.17,1.83,부정
이낙연새  끼 야 시골이장해라 재수없다,0.0,99.72,0.28,부정
진심 자한당도 당입니까? 오로지 자신들의 이익을 위해 여념 없는 조선을 멸망하게한 후기 당파꾼들과 무엇이 다르죠???,0.85,98.89,0.26,부정
민주당 찍으면 진짜 나라 골로 간다,0.01,99.42,0.57,부정
광화문에 게신분들 너무 지겨워 못보겠음 이낙연 총리를 응원합니다~다음 대선주자로 굿~,0.04,56.74,43.22,부정
문재인도 그렇고 우리나라 정치가 개판이다보니 가만히 있으면 선호도 1위다. 알수 없는 놈을 선호하지만 막상시켜보면 그놈이 그놈. 끼리끼리 수십년 해왔는데 뭐가 다르겠나.,0.0,99.57,0.43,부정
"돼나 안돼나 반대만 하는 놈들 천지네 내가.총리님을 잘 안다. 개인적으로는 우리 바로 옆. 동네에서 살았고 그 동생은 나와 동치 ㅡ ㅇ이다. 지금도 그 외삼촌은 함께 살고 있으며 그 분의 부모님도 우리 부모들과 가까이 지내신 분이다. 여기 기사처럼 정말로 그렇게 사신 분이 틀림이 없다. 그리고 그 형제나 여동생, 그리고 부모님들도 법 없이도 사실 분들이었고 그 기나긴 정치인의 기간 동안에도 그 고향과 친척, 친구들에게도 단 한 번이라도 사적으로 도움을 주지 않은공사가 분명한 분이다. 따라서 내가 본 총리 님은 대통령의 그릇으로 부족",0.07,90.57,9.36,부정
이낙연씨 국민을 악당으로 생각하십니까?   정말 이상한 말씀 하시네~  대한민국에 그런 국민은 하나도 없습니다.,0.0,99.77,0.23,부정
"진심 지금이라도 할수 있다면 겅중거리는대통령을 차분한 이낙연으로 바꿨으면 좋겠다,, 더이상 손해 볼것도 없다...",0.37,71.39,28.25,부정
사회주의자 조국이하차했고 이낙연도 문재인도 하차해야 이나라가 조용하다 토요일마다 광화문광장에 수백만명의 국민들이 문재인 정부 물러가라고  규탄대회를 열고있다 고작 백만인파에 박근혜가 탄핵되었는데 수백만명이  주말마다 농성하면 퇴진해야 되는것이다 국민이 내려오기를 바라면 내려오시요  그동안 해왔던 정책들 원상대로 복구하세요 대한민국을 살려놓으세요 대통령되고 한것이라곤 깡패김정은이 세계무대에 기 살려준것밖에 없는 대통령,0.09,65.36,34.55,부정
쭉 정독해보니 이낙연이 굉장히 똑똑한 사람이라는걸 단번에 알겠다. 대통령은 똑똑한 사람이 해야돼. 박근혜를 봐라. 무식하고 비젼이 없으면 허울좋은 인기는 아무짝에도 쓸모가 없다.,2.3,86.96,10.74,부정
이낙연도 말로 재미보고 눈치로 정치하는 감성팔이 정치인이라는 것은 모두가 공감하는 분위기인것 같다 영혼도 줏대도 없는 이런 정치인은 국가의 존망을 위해서도 스스로가 결정해야할 시점이다,0.0,99.72,0.28,부정
이낙연이 북한선전매체인 우리민족끼리 트위터를 팔로우하던데 다음 인터뷰 땐 그 이유를 좀 물어봐 주시길. 심지어 이낙연과 우리민족끼리가 트위터를 시작한 날이 2010년 7월로 같던데 그것도 같이.,0.0,99.56,0.44,부정
"떨어질 낙,  이낙연 필패론",0.06,54.94,45.0,부정
민주당 안 찍어도 이낙연 총리 나오면 찍을거임. 안정적인 사람이 좀 나왔으면 좋겠음. 맨날 밖에서 투쟁투쟁하는 사람 말고,0.0,77.64,22.36,부정
이낙연이 대통령 될수있을까? 영패주의 문빠들이 가만  두고보겠냐구..정동영도 한방에보내버린 징글징글한 노.문빠들이 호남사람 대통령하는꼴 절대 못봅니다..,0.0,99.31,0.69,부정
이낙연   자기가  안정감 있다고 생각하나?  황교인이 웃통벗고 선인장 껴안는 샤람  ?  진짜개소리다 이낙연 그냥넌 존재자체가없다 꺼져,0.0,99.76,0.24,부정
이낙연 총리는 나라 팔아 먹은 이완용과 같은 자입니다. 문재인대통령이 나라경제를 망치고 북한에 안보위협만 당하도록 만들어도 대통령의 잘못을 지적할 줄 모르며 대통령 뒤에 숨어서 아무런 일도 하지않은 자이기 때문입니다,0.0,50.73,49.27,부정
민주당만 아니였어도..,0.67,97.75,1.58,부정
알맹이 없어 보이는 정치인.   문재인의 독재에 가담한고로 처벌받아야한다.  이미지메이킹으로 부상하려고 하는가본데  알면알수록 내용없는 부적합한 정치인으로 차후 판명될 것이다.,3.11,71.92,24.97,부정
분명 이낙연은 부드러운 카리스마를 가지고 있는 보기드문 좋은 정치인이다. 하지만 대선에 나오면 어렵다. 그 이유는 지역감정의 망령이 살아있는 동안은 어렵다.,0.11,97.98,1.91,부정
일베 친일 자한당 개가 짖어도 기차는 달린다~~~ 차기 대통령 이낙연 총리~~~ 응원합니다~~~,0.0,71.81,28.19,부정
이낙연  그니깐 문재앙 탄핵시키라고 !!,0.0,99.52,0.48,부정
이낙연총리지지합니다.다음대선은이낙연이다.,0.0,80.69,19.31,부정
이낙연은 괜찮을것같다해도 민주당이 별로. 특히 요 근래 6 개월간의 행태를 보면서 꼴보기 싫어짐,0.0,99.63,0.37,부정
문재인 디스하는건가?,0.0,99.19,0.81,부정
이낙연 같이 말만 잘 해서는 안 되.  문재인 같이 조작 선동에 능 해야 되. 선동 하고 우기면 한국 사람들 잘 넘어가.......,0.0,99.63,0.36,부정
이낙연 목소리좀 어떻게 해라..모기소리도 아니도 중얼중얼..,0.01,97.61,2.38,부정
다수는 황당교활한 자한당보다 안정감 있는 지도자 이낙연을 원할 것,6.68,75.6,17.72,부정
문재인과 이낙연 너는 국민이 선인장을 안게 했잖아,0.0,93.78,6.22,부정
이낙연 띠우는 선전성 기사.. 목소리부터 그 비아냥 거리는 대답 태도.. 모든게 간사한 간신배로 보이는 인물임. 앞뒤 다른 전형적인 인간. 두우 해운에 왜 동생이 들어가서 앉았는지 말해보시기 바람. 현정부에서 가장 재수 없는 인간임. 얌전한 고양이,0.0,99.63,0.37,부정
이낙연은 국민을 위해 한 일이 없습니다,0.0,99.13,0.87,부정
웃통 벗고 선인장 껴안는 지도자 = 문재인,0.01,92.97,7.02,부정
당신은 아니다. 여자 둘만 있는 집에 검찰이 들이닥친다고 가짜뉴스 퍼뜨린 총리 이미 끝났다,0.31,64.41,35.28,부정
이낙연이 대선 사전 선거 운동 벌써 시작 됬네. 합법을 가장한 불법.,0.0,98.68,1.32,부정
웃기고 있네 문재인정부 여당이 그러치 않나 그밑에 국무총리한 이낙연 떨거지도 마찬가지 정권교체가 답이다,0.0,77.97,22.03,부정
이낙연이 문재앙 싫다고 대놓고 얘기한거아님?ㅋㅋ 안정감이랑 재앙이랑 거리가 많이 멀잖아. 일본한테 굴욕외교 쳐 당하질 않나 북한한테 삶은 소대가리소리 듣지않나 미국한테 북미대화 패싱당하지않나 ㅋㅋㅋㅋㅋㅋㅋㅋㅋㅋㅋㅋㅋㅋㅋㅋㅋ,0.0,99.28,0.71,부정
민주당놈들한테서 절대로  나오면 않 됌   ‥ 특히  전라도,0.07,99.32,0.62,부정
이낙연 좋네 부러워? 교활 빠들 ㅋ,0.0,91.45,8.55,부정
그래서 이낙연 지지하라고? 지지하던말던 그건 국민들이 알아서 할거니까 넘 애쓰지 마셔...,1.78,97.34,0.88,부정
문재인이 싸놓은 똥을 똥범벅으로 만들어놓은 이낙연.,0.0,69.94,30.06,부정
더불어  조낙연~^'::!,0.02,89.81,10.18,부정
문재인이 나라를 찢어발기는걸 보고도 이낙연을 지지하고 더불어성범죄단을 지지할 수 있다면 당신은 세상 어떤 불의와도 공생할 수 있는 존재다. 스스로를 갱생불가능한 구제불능의 괴물로 만들건가.,0.0,66.93,33.07,부정
이낙연님. 당신은 믿어도 되는 리더인가요? 지금의 나라꼴을 살려낼 수 있는지 묻고 싶습니다.,0.0,99.54,0.46,부정
이 총리의 위상은 독특하다. ‘민주화 이후 최장수 총리’이자 ‘차기 대선주자 선호도 1위’다. ㅡㅡㅡㅡㅡㅡㅡㅡ소위 여론자사라는 것 결과가 어제 나왔는데 발빠르게 기사로 이용해먹는걸 보니 역시 기획된 조사였군.,1.51,89.44,9.05,부정
문재인은 둘다 아니자나.,0.0,99.68,0.32,부정
이낙연이가 조금이라도 국가와 민족을 위한 생각이 있으면 문어벙이가 폭주할때 제대로 들이박아야지. 가만히 사람 좋은 행세만 하다가 대통령을 하겠다고? 택도 없다,0.0,99.46,0.53,부정
"이낙연에게 주식투기세력이 붙었고, 꼴통페미 세력이 백지수표 싸인받을 시동 걸고있다. 인간쓰레기들.",0.0,99.44,0.56,부정
고도성장말고 또 분배 평등 ㅋㅋㅋ 이낙연이 말하는거 완전 문재인 시즌2다 이 둘중 하나는 아오지에서 일하게 될듯,0.06,63.64,36.29,부정
함박도가 남한땅인것도 모르고 주권이라는것도 잘모르는 인간이 대선주자 1위라고??ㅋㅋ이낙연 총리여 국토법 자세히 한번 들여다봐여 애매하게 북한편드는 뉘앙스 풍기지말고,0.24,80.58,19.18,부정
최장수 총리? 문재인이  나라말아처먹는데도 옆에서 잘하십니다..아부만한거지. 싫은소리하면 자살당할까봐..ㅉㅉ  결국은 문재인충견노릇은 확실히 했다는증거일뿐..,0.0,75.17,24.83,부정
문재인 !! 이낙연 !!!못믿어요 안믿어요 믿지않아요!! 국무총리될때 민주당이 정한 적폐5적인지 7적인지 ??,0.0,99.66,0.34,부정
이낙연이 너는 대똥령 깜이아니다 니 최고자리는  국무총리다 문죄인이가 너를 대권후보로 인정할것같냐  낙연아 니가  전라도라서 너를 이용한거야  인간아 정신차려라,0.01,99.59,0.4,부정
그게 문재인이다,0.07,60.96,38.97,부정
제 20대 대통령 이낙연 ! 내가 임명한다 ! 국민의 이름으로 ㅎ,0.34,67.17,32.49,부정
문재인 악덕좌파독식정부의 앞잡이,0.0,99.69,0.31,부정
형덕분에 다죽어가던 건설사 대표에 올라 수주 팍팍 받아 단기간에 실적 자랑하는 동생을 둔 안정적인 지도자 이낙연 화이팅. 깜빵에 꼭 가주세요. 국민이 응원합니데이.,0.04,82.59,17.36,부정
이낙연총리님께.묻겠습니다.. 현재..문재인정책이..정상이라 봅니까...어쩜.무능해도 무능해도.역대 느껴보지못한..비겁하고 감성적이고.무능한문재인.... 이걸..다...뒤집어놓아야....국민은 총리님을..품을수있습니다,0.0,56.63,43.37,부정
방향 옳고 리더십 안정감 있으면 최고죠. 자한당뿐만 아니라 구좌파들도 입에 거품 물고 달려들겠죠. 이낙연 총리님 뚝심있게 뚫고 나가세요.,0.01,62.74,37.26,부정
총리와 대통령은 틀리다 황교안도 그렇고 이낙연도 그렇도 둘다 아니라고 생각함,8.95,52.43,38.62,부정
말만 뻔지르한 빨강이. 문재인이 탈탈 털어도 청렴결백한 김기현이나 유승민같은 자가 국정을 일끌어야 한다.,12.99,76.92,10.1,부정
"이낙연이란 사람 자체는 진중해보이고, 현재 워낙 인물이 없다보니 대통령으로 나쁠것 같진 않아요. 하지만! 현 정권이나 여당의 행태를 보면 반드시 정권교체후 합당한 비판을 받고 잘못한 댓가를 치뤄야 한다고 보는데, 이낙연총리가 대통령이 되면 그 사람들이 여전히 권력을 유지하며 나라가 더욱 기울어질것 같아서. 그래서 안되겠습니다. 임기 2~3년만에 이렇게 힘들어졌는데 10년이나 집권하게 두었다가는 내자식의 앞날이 걱정될것 같아요",0.0,68.51,31.49,부정
다읽었는데 이낙연 쩐다. 멋진사람인듯.,0.07,93.93,6.01,부정
얼굴마담 바지 허수아비 꼭두각시 총리,0.0,98.2,1.8,부정
전라도사람들조차 왜 저사람이 대선후보 1등인지 모르는 대선후보 1등 이낙연 ㅋㅋㅋ 민주당사람들조차도 자신들의 민주당내어서 대통령으로 밀고싶은사람도 있고 다른 대통령후보들도 많은데 도대체 왜 이낙연이 대통령후보 일순위인지 의아해하는 대통령호보조작1순위 이낙연 ㅉㅉㅉ,0.0,77.01,22.99,부정
총리님 말씀에 동의합니다. 정작 개혁이라는 것도 안정감있는 국정능력이 실행할 수 있는 거라는 점 문재인대통령님을 통해서 많이 느꼈습니다. 비슷한 분들에 의해서 이 기조가 지속되길 바랍니다.,0.0,51.04,48.96,부정
이낙연 아들 고대 조경학과 부산대 의전원 의사......조국딸 고대 부산대 의전원 장학금......빅원숭 딸 서울대 미대로 입학 법대로 졸업....이낙연동생. 문재인 동생 sm그룹 입사......개전라식 안정이냐???,0.0,99.58,0.42,부정
선인장이 문재인 민주당 조국이죠  이낙현 느끼함 목소리 깡통 입에 대고말하는거같다,0.01,70.99,29.0,부정
문재인덕택에 겉만 그럴듯한 좌파가 집권하면 안된다는걸 알았습니다,0.0,99.78,0.22,부정
문재인보다 잘 남?,0.03,94.49,5.48,부정
이낙연은 결정적인 실수를 여러번 했다. 최저임금급상승은 실질소득상승이 아님에도 정권과 함께 국민을 속였다. 돈뿌리고 6개월 6개월 거리던 경제정책을 실패후 장기적 체질개선이였다 말바꾸고 손털때 같이 동조했다 야당이 정권을 향해 분노하는 목소리를 낼때 막말이라 받아치고 집권세력이 국민에게 싸가지없다 못배웠다 매국노다라고 적폐몰이 할때 총리로서 방관만 했다. 조국문제로 나라가 두조각 나기전에 결정을 내렸어야 했다. 한일외교가 대통령실책으로 시작해 경제전쟁으로 확대되고 한미안보문제로 확대되는걸 구경만 했다. 검찰을 보호하지 못하고 있다.,0.0,99.48,0.52,부정
대체 왜 이낙연이지? 그저 튀지 않고 자리 보전만 할 사람이 왜 대통령감이라는건지. 지금은 선인장 아니라 폭탄이라도 껴안을 사람이 필요하다. 무능한 민주당 고민만 하는 문대통령 보는 것 좀 그만하고 싶다. 어차피 세계 경제는 한계에 부딪쳤고 대한민국이 성장하려면 통일밖에 없다. 이낙연처럼 실행력 없고 할말 못하는 사람이 통일 근처라도 갈까. 지금은 성장이 아니라 변화가 필요한 시대고 과감하게 위험 부감을 안고서라도 추진력 있게 행동할 지도자가 필요하다. 아무리 생각해도 이낙연과는 맞지 않은듯. 국민은 늘 어리석다.,0.0,74.45,25.55,부정
지금 문재인 까는거임? ㅋㅋㅋ,11.93,76.52,11.55,부정
이낙연  총리 가  우리 대구 경북 여론 조사 에서도  차기 대선  1위 한거 보고   사람 보는 눈은 어데 서든  다 비스 무리 하다는걸  느낏소 ..우리  대구  경북 서도 1위 했다쿠면 더 말 해보이  뭐하요  우쨋뜬  축하 하요  이씨 아재요 ~,0.0,96.82,3.18,부정
그래도 이총리는 전라도 사람치고 괜찮다 허나 민주당 사람이라 절대 찍지 않을것이다 왜? 대통령이 되도 지금 좌빨 양아치들이 또 기생할테니 절대 NO,0.43,99.21,0.36,부정
이낙연이 문제가 아니라 민주당과 정의당이 문제고 그뒤에 빨대꼽고 있는 좌파 이익집단들이 문제다.... 정책이 협치와 소통을 할 수 없는게 뒤에서 빨대꼽고 있는 좌파이익집단들이 원하는 방향으로 만들어야 되니 근거란게 없고 검증이란것도 없이 말장난같은 명분만 내세우고 명분과 실리가 다름을 모를리 없는 야당과 협치란게 될 수 없다.... 그러니 뭔 정책마다 꼼수와 편법과 불법이 다 사용된다......,0.0,99.04,0.95,부정
ㅋㅋㅋㅋㅋㅋ 이낙연이 정작 머하는 사람인데 갑자기 튀어나와서 총리한다고 전라도나 민주당사람들중에도 생소해하는 사람도 많은데도 불구하고 대선후보 1위로 여론조작 하는것도 웃기고 ....저렇게 다리꼬고 않아서 노련하게 국민들하고 아는척하는것도 정말 웃기지 않냐?????  ㅋㅋㅋㅋㅋㅋㅋㅋㅋㅋㅋㅋㅋㅋ 지가 국민들에게 얼마나 알려졌고 노련하다고.....ㅋㅋㅋㅋㅋㅋㅋㅋㅋㅋㅋㅋㅋㅋㅋㅋㅋㅋㅋ 도대체 이낙연이라는 인간이 언제부터 국민들을 알았다고.....ㅋㅋㅋㅋㅋㅋㅋㅋㅋㅋㅋㅋㅋㅋ,4.53,83.19,12.27,부정
이낙연이 곧 사직서 제출하고 총선 출마 한다더니 이낙연이 띄우기 시작 됐구나. 빨갱이들 스스로 다 자폭하고나니 생각지도 않은 이낙연이 하나 남아서 할수 없이 밀어야 하는 실정. ㅋㅋ 세종시로 출마 할 것으로 보더만.,0.0,98.52,1.47,부정
ㅋㅋㅋㅋㅋㅋ 이낙연이 누군지 제대로 모르는 전라도사람들도 많던데....ㅋㅋㅋㅋㅋ 어느날 보니깐 은근슬적 총리하고 있다라던데?????? ㅋㅋㅋㅋㅋㅋㅋㅋㅋㅋㅋㅋ,0.07,56.81,43.12,부정
이낙연 총리 존경하지만..대통령의 깊은 신뢰라는 부분에서..마이너스..,0.0,99.14,0.86,부정
이낙연 90프로 지지율 장담한다....황당하고 교활한 미필자는 퇴출되고.....,0.0,99.65,0.35,부정
이낙연 총리님 니가 안정적인 리더라고? ㅋㅋㅋ 반미 친북 친중해서 안정을 찾을 수 있냐 이 새끼야,0.0,98.58,1.42,부정
"민주당 좋아하는 편은 아니지만 교안씨보다야 나은것같아 어쩔수가 없지. 한국당이 정권잡으면 다시 한번 시끄러워질것같고, 노동권 맨날 데모하고, 북한하고 다시 싸우고, 부동산은 상한제 없앨테고, 더 올라갈테고 불안해서 살수가 있나.",0.06,99.35,0.59,부정
"이낙연, 말은 번드러지게 잘해 가히 최고라고 할수 있다.  대통령이 말 잘하는것 중요하지.  그렇지만 문재인에서 겪었듯 말 잘하는것보다 이명박처럼 생긴거와 말은 정말 족재비 같아도 일 잘하는 대통령이 낫다는것을 뼈저리게 느꼈다.",0.01,93.28,6.71,부정
"아닌 척하며 더 드러운 놈들 민주당OUT 이낙연동생봐봐 http://news.chosun.com/site/data/html_dir/2019/11/22/2019112200393.html?utm_source=naver&amp;utm_medium=original&amp;utm_campaign=news 이낙연 총리 동생 SM그룹 취업후, 4570억대 관급공사 따냈다",0.01,57.23,42.77,부정
"그말은맞는데 이낙연총리님, 당신 상관인 재앙씨가 바로 그 웃통벗고 선인장뽑은인간임",0.01,59.86,40.13,부정
"이낙연은 욕할부분이 없어 ,..현재까지느느",0.0,99.48,0.52,부정
그래서 문재인은 안된다고 용광로을 안고있는 격이야 업질러지면 끝이야,6.7,92.74,0.56,부정
이낙연되는순간대한민국없어지고OOO되겠지,0.0,95.54,4.46,부정
이낙연? 더구나 심상정 좋아하는 사람 있다는게 놀랍네 호남에서 조사했네 ㅋㅋ,0.01,72.85,27.14,부정
주위에 문재인잘한다는사람 하나없는데 엉터리 리얼미터 여는조사 왜자꾸내보내는거야 ? 광화문네거리에서 스티커 붙이기해봐라 그게진짜아닐까 ?,6.52,82.14,11.34,부정
민주당 지지하는 인간들은 도대체 어느나라 족속들인지 그들의 정신세계가 궁금하다,0.03,99.44,0.54,부정
문재인 만세다! 말하면 주위에서 돌날아 와요! 구라미터! 돌맞아 줄을 려고!,0.0,85.96,14.04,부정
이낙연 대통령으로 재집권!,0.0,54.53,45.47,부정
문재인과 부역자들 엿이나 드세여 잘하는게 잇어야 지지하지.. sns 댓글만봐도 반문이 대세다,0.0,99.74,0.26,부정
"쪽발이들 하는 도게자네 ㅋ 이낙연 : “내일 일본이 ‘헤이세이’ 시대를 마치고, ‘레이와’ 시대를 엽니다. 한일관계를 중시하셨던 아키히토 천황님께 감사드립니다. 즉위하실 나루히토 천황님께서는 작년 3월 브라질리아 물포럼에서 뵙고 꽤 깊은 말씀을 나누게 해주셔서 감사드립니다. ‘레이와’ 시대, 한일 양국이 미래를 함께 준비하는 새로운 우호협력관계를 구축하기 바랍니다. 일본국민께 인사드립니다",18.37,70.99,10.64,부정
총리공관으로 기업인들을 불러모았고 지각한 기업인은 큰절로 사죄?..... 바쁜 기업인들 집합시켜서 묵시적 청탁도 아니고 대놓고 청탁했니. 겁박이라도 한거냐. 똑같은 잣대로 박근혜가 20년이면 문죄인은 최소 200년이고 세월호 침몰당시 절라도수괘 낙년이는 최소 300년은 받아야지. 기업인이 지각했다고 큰절로 사죄할 정도면 얼마나 위세가 세단 말이냐. 문죄인이나 조국이나 이넘이나 대국민 사기에는  천재적 자질. 절라도해안에서 약탈을 일삼던 왜구수장처럼 생긴 넘이 언론플레이나 하고 있으니 나라가 이모양 이꼴이지.,0.01,99.58,0.41,부정
"쪽발이들 하는 도게자네 ㅋ 이낙연  :  “내일 일본이 ‘헤이세이’ 시대를 마치고, ‘레이와’ 시대를 엽니다. 한일관계를 중시하셨던 아키히토 천황님께 감사드립니다. 즉위하실 나루히토 천황님께서는 작년 3월 브라질리아 물포럼에서 뵙고 꽤 깊은 말씀을 나누게 해주셔서 감사드립니다. ‘레이와’ 시대, 한일 양국이 미래를 함께 준비하는 새로운 우호협력관계를 구축하기 바랍니다. 일본국민께 인사드립니다",8.63,82.79,8.58,부정
어디다가  황교안 같은  인간 말종을   이낙연 총리한테 갖다붙이노. 전광훈. 박찬주 같은 인간들 하고 손잡은거 보면 답이 안나오나.,0.0,74.58,25.42,부정
"이낙연이 차기 대통령깜이다 기업인들 존중해주고,, 누구는 돈 뜬어먹고 깜빵쳐가있지만",0.0,75.36,24.64,부정
"이낙연총리가 저렇게 겸손하니 대선후보군 8명중 호감도 50%로 1위로 나오는거다.황교활이는 18%로 7위,간철수는 17%로 맨꼴찌.비호감도는 간철수 69%로 1위,황교활이는 67%로 2위...독보적 비호감도 1~2위.무능하고 사회물정도 모르는데다 초딩수준의 판단능력을 가진 의전병환자 황교활이는 언제 제정신을 차릴려나?",0.0,98.45,1.55,부정
대단하시네요 우리 총리님. 정말 대통령의 품격을 느낄수 있습니다. 멋지십니다.,0.03,56.54,43.44,부정
"늦었다고 총리에게 절을한다? 아하, 이런 권위적인 문화 없애는데 도움이 되겠군. 나도 절을 하자. 해서 생긴 이슈임",0.07,99.33,0.6,부정
이낙연이도 역시!!  보다 적극적으로 북한과ㅜㅜ!!???  동족을 학살한놈들과 팔로우ㅠㅠ!!??? 이거 실화냐???  대한민국총리가 적대국의ㅜㅜ.,0.0,97.86,2.14,부정
"이낙연뿐만 아니라 청와대 내부에 간첩들이 득실거릴 가능성이 매우높다. 자유민주주의남베트남도 북공산좌파 북베트남에 침공당해서 망할때도 자유우파성향에 반대하던 제1당당대표대선후보가 간첩임이 북베트남이 남베트남을 멸망시킨후 스스로 인정했다. 우리도 아무리 북괴가 우리를 위협하고 공격해도 협박해도 유독 유화적이고 국민세금을 마구잡이로 협박자에게 퍼주는 정신병자같은 행동을 보이는 것으로 볼때 대통령이하 청와대 여당더불어강간당포함 1,2.3중대 친북좌파장당 극좌뇌물위선부정의당 민평당 바른미래 전라도 토호손학규계내에 간첩들이 많을가능성높다",0.01,99.55,0.44,부정
"허허 할말이 없네. 이낙연이 옷장 뒤져봐라. 김일성이나 모택동, 스탈린 초상화 나올거라 조심히 예상해본다 ㅉㅉㅉ",6.61,51.09,42.3,부정
이낙연총리 무서운사람이네요,0.0,68.34,31.66,부정
빨굉,23.76,42.18,34.05,부정
문재인이 이낙연과 공산주의에대해 이미 의기투합하고 초장부뒤 국무총리를 시켰군. 빨갱이 놈들!,0.0,90.5,9.5,부정
총리라는 인간이 허가난 간첩질이군,0.0,99.64,0.35,부정
문재인 탄핵되면 이나라를 이끌어야 할 사람이 ᆢ,0.01,81.46,18.53,부정
문재인정권의 실세가 들어낫다 총리까지 구독해서 본다 빨갱이 집단이네 21대 선거에서 반드시 민주당 박살내야한다 국민여러분 분노가 북받처 되지겐네,0.0,98.92,1.08,부정
하여간  OOO은   도대체가  사상이  어떻게  되여 먹은겨  참  밑을수 업는  좌경 사상에  빠저든  문재인 조국  이낙연   이재명   박원순  이들을  세심히  관찰해야될  사회주의  신봉자들   대단히  위험한  뺄갱이  훈순들이다,13.04,64.41,22.55,부정
총리가   이지경이니   다른   장관들은  오죽할까    나라가 온통   빨갱    이   세끼들 천지구만    오늘날   한국이 어쩌다 이렇게까지됐냐    과거   월남의  부통령도  스파이였지   남의 나라일이아니구만,0.0,99.82,0.17,부정
이낙연 빨갱이도 문제지만 강용석이도 최종 판결 날때까지 나대지 좀 마라. 이미지 개선하려고 여기저기 다 쑤시는구만,0.01,98.43,1.55,부정
이낙연 대통령님..... 좌파를 30년간 지켜주세요.,0.0,98.51,1.49,부정
이낙연 구속하라,0.02,99.43,0.54,부정
이낙연   나쁜인간  이군요  ?,0.05,99.22,0.72,부정
불법을 일삼는 총리는 자유대한민국에 필요없다! 공인이 법을 더 준수해야 마땅하다. 총리직에서 내려와라 빨갱이 주사파야~!!!😱😱😱,0.01,74.12,25.87,부정
"간첩 문재인,이낙연,정경두  전쟁나면 니네부터 사살이다",0.07,86.55,13.38,부정
문재인 정권은 종북 좌빨들  정권인거 국민들이 다  알고 있단다,0.0,99.63,0.37,부정
이낙연 간첩 선언일세,0.0,98.01,1.99,부정
이낙연   기억에도 없다니   이게  어찌된 일? 그렇다면 김정은 훌륭한 지도자라고 치켜세우던 그 말도 기억이 안나냐? 그것도 실수였냐? 이 날갱도 같은 인간아!,0.0,99.75,0.25,부정
이낙연총리 간첩이다 검찰수사하라 뭐히는거냐 대한민국 주요인사가 간첩이라니 언능 수사해서 잡아서 주체사상을 좋아하는 놈들 잡아들여라 북한이 사이비종교라 우리나라에서 종교의자유가 있다고해서 받아주면안된다 북한주체사상망하리,0.0,99.6,0.4,부정
"이낙연 : 김정은은 백성을 위한 지도자, 극찬 올려",0.0,98.11,1.89,부정
대한민국 총리가? 청와대는 공산당인가?,5.62,84.43,9.95,부정
간첩이 총리를,1.14,54.97,43.89,부정
이낙연 탄핵,0.0,78.8,21.2,부정
정권 안바뀌었으면 국가 보안법 위반으로 감옥에 갔을 간첩이 국무총리! 기가 막힌 나라다.다음번 총선때 민주당 간첩들 발본색원해서 이땅에 더이상 거하지 못하게 해야한다! 종북주의자  간첩들이 대통령과 총리라니!,0.35,79.32,20.33,부정
진짜 소름돋는건 이낙연이 트위터 가입한 시기가 2010년 7월인데 우리민족끼리 트위터 개설시기도 2010년7월 입니다. 참고하세요.,9.87,52.65,37.49,부정
문재앙: 훠훠훠 줴가 총리 임명을 잘 했슙니돠 쩝쩝,29.86,42.07,28.07,부정
총리까지 종복 집단일세ㅡ 말세로다   말세로다  문재인 이낙연  종복 들  터진당국개의원 다데리고  북으로가라  본심이 슬슬 나오네 ㅡ,0.0,80.99,19.01,부정
이낙연 좌파의 무리에 속하여 나라망하는 짓에 앞장서며 좌파이념에 가득찬 이유를 밝힌 것이다,0.0,99.66,0.34,부정
총리란 새끼가 입만열면 거짓말,0.0,99.63,0.37,부정
이낙연 정체성은 뭐냐? 간에  붙었다. 쓸게에 붙었다. 이번엔 어디 붙은겨!!!!  아님 원래 그동네 출신인겨~~~!,0.0,99.6,0.4,부정
"이 총리가 작년 8월 케냐 동포와의 간담회에서 북한 김정은에 대해 ""북한에 백성의 생활을 다른 것보다 더 중요하게 생각하는 지도자가 마침내 출현했다""고 발언한 사실도 이날 다시 화제가 됐다.⚫⚫⚫ㅁ ㅇㅊ 넘임",6.66,83.58,9.76,부정
실수라도 총리직 사퇴하고 사상 검정 받아야지 으니찬양 정도면 이정권 불보듯 훤한것 아닌가 총리실이 아니라 교도소 있으야할 위인이네,1.22,67.49,31.29,부정
"이낙연 국무총리 후보자가 인사청문회에서 고고도미사일방어체계 사드와 북한 문제 등 안보현안에 대한 입장을 밝혔습니다. --------------&gt;이낙연 ""북한, 군사적 주적…천안함 폭침 배후",0.01,98.05,1.94,부정
참 어이가 없네. 대한민국의 총리가 저런 사이트나 팔로우하고도 실수라고 말하네.... 설사 실수라해도 신중하지 못한 행동은 인정하셔야죠. 무조건 쌩까는건 아니죠.,33.85,65.59,0.56,부정
"이낙연 뿐 아니라 그 비서진들까지 다 조사해 봐야 한다.....  여태 이낙연은 유연한 이미지와 문재인데 비해 종북성이 덜한 것으로 알려져 왔는데, 오히려 더 위장되어 왔던게 아닌가 싶다.... 총리로서 종북으로 활동하려면 비서진도 모를 수가 없으니 그들도 다 조사해 봐야 한다",0.0,99.76,0.24,부정
이낙연 동무  이제  북한으로 귀국하시오.,0.0,99.4,0.6,부정
총리 꼬라지 하곤,0.02,99.0,0.98,부정
"그나마 황교안보다는 낫겠지라고 생각하고 호감도 있었는데, 호감도 제로로 바뀌었다.",2.33,72.91,24.76,부정
더불어 알고보면 다 종북임...진보는 가면일뿐.,0.01,96.53,3.47,부정
적낙연 빨낙연,20.3,69.94,9.76,부정
이낙연 완전 빨갱이이구만~설마 했더니 완전 실망이다. 그 나물에 그 밥이란 사실이 맘을 아프게 한다. 혹시나 차기 정권이 바뀔 수 없다면 혹시나 이 양반은 좀 덜 하려나 했더니만~ 완전 실망이다.,0.0,99.13,0.87,부정
머야    총리도  빨갱이    믿을사람   없네   ㅆ ㅍ,8.94,64.89,26.18,부정
이낙연 총리 퇴임하고 총선에서 민주당 총사령탑에 오르려 하니 똥줄탄 좃선이 황교안과 한국당 살리기에 총대를 멧구나. 아무리 똥줄이 타도 하는 짓거리는 박정희 때나 지금이나 변한게 없구나. 니들 꼴통들은 아무리 날뛰어도 10%를 못넘겨.,0.0,89.56,10.44,부정
총리가 빨갱이라니 대한민국도 곧 남베트남 꼴 나겠군!,0.0,99.59,0.41,부정
총리가 빨갱이였어..,0.0,99.54,0.46,부정
"당원이란 소문  사실 아니져?     이낙연 문재인  지지하지도, 좋아하지도 않지만   국 내외  여기저기서  그들이  사실은  조선노동당  당원이란 말 들리는데  아니었으면 합니다   아직 안 믿는 중입니다  유언비어죠?     대통령과  국무총리가  그렇다면 너무 슬플거  같아요",0.27,51.61,48.13,부정
본색이 드러났네 북한가서 총리해라,0.08,58.15,41.77,부정
더불어공산당의 평소 행동...... 놀랄일이 없슴,0.06,82.34,17.61,부정
빨갱이 개. 사이비 총리,0.0,99.78,0.22,부정
이낙연:죄송합니다 수령님 우파 승냥이 때문에 잠시 구독 끊겠습니다. 추후 도모하여 수령님의 세상으로 만들겠습니다,0.01,98.94,1.05,부정
이낙연 나는 간첩이다 라고  국민앞에서 공식적으로 발표했다   종북좌파 빨갱이 라고 말로만 들었지 이번 만큼 확실히 간첩이리는 것을 알았다,0.0,99.7,0.3,부정
"문재인과 민주당은 한국의 미래와 국민에게 관심없다. 국가안보와 경제도 통일도 관심이 없다. 오로지 언론선동과 검찰과 공무원을 압박하고 국민의 개돼지로 만들어 판단을 흐리게 하여 영구집권,장기집권만을 노리고 있다. 정의당,호남우대?  ㅋㅋㅋㅋㅋㅋㅋ  이번 조국사태와 선거구제 개편으로 민주당의 본색이 여실이 드러났다. 민주당원과 지지자들 김정은 빨갱이2중대와 선전선동된 광신도들임을 인증했다.",0.0,99.79,0.21,부정
"문재인이 연말 특사로 국가보안법 위반한 간,첩들 빨.갱이들 다 풀어준답니다. 뉴스에 나온 얘기에요. 국가보안법 폐지한 이유가 다 있었네요",0.0,99.22,0.78,부정
더불어친북당 새뀌,0.05,90.15,9.8,부정
김정은 7ㅐ새기라 부를수있는 인간으로 총리시켜라,33.39,46.0,20.62,부정
여론조사로 모든걸 결정짓는 문재인 정권!   그냥 조작하고 멋대로 하는것도 몆개월 안남았네~,1.5,52.82,45.68,부정
문재인이가 발표한번하고 김정은이한테 항복하고 나라 넘긴다고 한다고 여론조사 한번해보지??? 또 찬성50프로 넘을걸 ㅋㅋㅋㅋㅋㅋㅋㅋㅋㅋㅋㅋㅋㅋㅋㅋㅋㅋㅋㅋㅋㅋㅋㅋㅋㅋㅋㅋㅋㅋㅋㅋㅋㅋㅋㅋㅋㅋㅋㅋㅋㅋㅋㅋㅋㅋㅋㅋㅋㅋㅋㅋㅋㅋㅋㅋㅋㅋㅋㅋㅋㅋㅋㅋㅋㅋㅋㅋㅋㅋㅋㅋㅋㅋㅋㅋㅋㅋㅋㅋㅋㅋㅋㅋㅋㅋㅋㅋㅋㅋㅋㅋㅋ,0.0,99.77,0.22,부정
문재인은 드루킹으로 여론조작하더니 이낙연은 리얼미터로 하려나...,0.0,99.33,0.67,부정
"이낙연 동생부터 수사해라 ,,,",0.0,99.55,0.44,부정
이광재가 대권후보라는데 이낙연 어찌되나요,31.14,55.88,12.98,부정
이낙연이 전라도가 고향이지 민주빨갱당 대선후보로 나와라 그래야 영남도 단결하지,0.0,98.69,1.31,부정
이낙연이 대통령되면 지금 문재인정권  하고 뭐가 들리냐? 2년 남은겅도 주려운데 혹 이낙연되면 7년 연장? 에라이 개 좨지들,0.0,84.53,15.47,부정
"이번 민주당 정권이 국민들한테 보여준게 있는데요. 과연? ///  1. 이낙연?- 가능성이 있을 수도, 2. 민주당 이낙연? - ㅋㅋ",0.0,73.2,26.8,부정
ㅋㅋㅋㅋ 이낙연이 누구냐구 전라도 애들한테 물어봐도 기껏해야 한다는 소리가 국무총리 좀 했다고 한것은 모르겠다고 하거나 잘모른다고 어디서 튀어나왔는지 ... 그런말하는 사람들이 많은데.......ㅋㅋㅋㅋㅋㅋㅋㅋㅋㅋㅋㅋㅋ 도대체 왜자꾸 대통령후보에 넣는지 모르겠다고 하던데..... 전라도에서도 조차 그러는데.....ㅉㅉㅉㅉㅉ,9.5,77.7,12.8,부정
ㅋㅋㅋㅋㅋㅋㅋㅋ 이낙연은 전라도사람들한테도 물어보면 잘 모르는사람도 많은데 왜 자꾸 대통령후보에다가 넣는지..... ㅋㅋㅋㅋㅋㅋㅋㅋㅋㅋㅋㅋㅋㅋ,22.31,64.2,13.49,부정
문재인정부 시즌2 개돼지들,0.0,99.82,0.18,부정
이낙연? 웃기고 있네.,0.0,98.74,1.25,부정
차기대통 이낙연 끝,0.77,83.74,15.49,부정
이낙연 찍어서 현재 이나라  서민들 더  죽어나갈것이다 잘생각하고 찍자,0.0,99.4,0.6,부정
이낙연 조작이라는 애들아 그럼 이낙연 말고 다음에 누구한테 나라를 맡겨야 나라가 좀 차분하게 운영될까? 또 5년을 쌈질하게?,0.0,99.81,0.18,부정
토착 절라 빨갱이 이낙연,0.02,98.49,1.5,부정
이낙연 총리 국민들이 신뢰하고 믿음이 가는 정치가다  실용진보주의자다  명석하고정의감이있는 명기자로  여기저기 기웃거리지않는 소신이뚜렸하고 사람에도충성하고조직에도충성하고국민들에게도충성하는 몇안되는 대한민국의 빛나는 정치가다,0.0,99.45,0.55,부정
우파에 누구 인물좀...제발 나왔으면 좋겠다 ㅠㅠ,4.95,95.02,0.02,부정
민주당은 이제 빨갱이로 해석해서 봐야함 이래도 민주당뽑으면 맘껏살아라 공산국에 기분좋으지? 개돼지들,0.01,99.67,0.32,부정
저 분이  국무총리로 제대로 한것이 무엇인지 알려주실분~~~,5.67,83.9,10.43,부정
차기대통령  이낙연  당선  유력,4.46,61.11,34.42,부정
이낙연 누구???,0.0,62.82,37.18,부정
리얼미터는 민주당이나청와대에나 보고해라! 리얼미터는 두루킹후신이다! 좌빨조정받느 언론조작 진작 조작됐다는거는 온국민이 다알고있다!!,29.63,56.32,14.05,부정
어대 교활이 따위가     이낙연  대통령님 가는길에  걸리적  거리노,0.33,67.1,32.57,부정
전라도 출신 이낙연을 누가 찍어 준대???  조작 좀 작작해!!!  이제 앞으로 더불민주당에서 대통령  안 나와!!!,0.0,65.12,34.87,부정
이낙연만큼 쉬운 정치한 사람이 있나? 총선에서 종로에 나와 떨어지면 거품빠질 사람,0.01,96.71,3.27,부정
이낙연이야말로 이미지 메이킹 끝판왕이던데,0.01,99.15,0.85,부정
민주당은 안뽑는다!,0.35,75.16,24.48,부정
이낙연이 누구여?,0.0,98.42,1.57,부정
총리님 차근차근 쌓아 놓으십시요..    어차피 이기는 싸움이지만 그래도 황사이비 큰 득표차로 이겨서 자유망국당과 함께 역사에서 지워주세요,0.0,99.25,0.75,부정
조작이 확실하네 이낙연이 1위는 당연한대 개대가리 무능 무뇌 교활이가 2위? 교활이보다 생각은하는 홍준표가 억만배는낫겠다,19.85,49.28,30.87,부정
더불어 민주당은 조작만 하네... 무섭다 이젠,0.0,99.87,0.13,부정
본인이 보수라고 생각하는분은 정신 바짝 차리세요. 이낙연은 양의탈을 쓴 늑대입니다. 문재인이 그랬듯이~~,0.01,60.93,39.07,부정
이낙연이 총리하면서 특별히 뭐 잘한게있나요? 이낙연이 1위.황교안이 2위라는거보니. 참  우리나라에 앞날이 어둡다.,0.0,62.87,37.13,부정
ㅋㅋ 이낙연  더불당이라~~~싫어함~^^,0.01,52.4,47.59,부정
이낙연보다 차라리 이재명해라. 아주 나라 거덜날려고 난리구나,0.01,63.42,36.57,부정
옘병,34.78,57.29,7.93,부정
이낙연 내주위엔 아무존재감도 없는데 ㅋㅋ 차라리 홍준표가낫ㄷㄴ,0.0,99.45,0.55,부정
이낙연? 미친,0.0,98.63,1.37,부정
전라도 이낙연,0.01,72.22,27.77,부정
민주당 정권들어서면 내 집 값 오르면 올랐지 떨어지진 않더라 노무현 이후로 민주당만 찍는다 특히 서울에 집있으면 제발 민주당 찍어라 어줍잖게 여기저기 기웃거리지말고,0.05,99.38,0.57,부정
통일을 이루자 이낙연 지지합니다⭕,39.43,44.55,16.02,부정
이낙연이가 대통령감이라구? 웃긴다 말로만 다하는 말재주꾼일뿐 우리국민은 실제로 모든 국민을 화합하는 리더가 필요하다 국민을 여러갈래로 찢어놓는 문재인같은 인간은 절대 아니다,0.0,98.58,1.42,부정
이낙연ㅋㅋㅋㅋㅋㅋㅋㅋㅋㅋㅋㅋㅋㅋㅋㅋㅋㅋ,0.01,55.71,44.28,부정
민주당이 하면 경제는 어려워진다. 세금 올리고..경제 아마추어 집단..,0.03,50.78,49.19,부정
이낙연은 무슨 ㅋ 개똥 같은 소리하네 ㅋ,0.0,99.65,0.35,부정
이낙연  띄우기 뻥!,0.0,52.33,47.67,부정
자한당 부들부들하네 ㅎㅎ,0.05,58.99,40.96,부정
"문재인 정권의  맛을  보고도,  우리민족끼리  팬인  이낙연을  선호 한다고? 아이구.  머리야.....",0.0,99.86,0.14,부정
이낙연 29%  웃기고 있다 민주당 문정부 인간들 절대 안찍는다  어데 헛소리고,0.0,99.79,0.21,부정
이낙연?    골때린다. 저게 대선주자? 대한민국에 인재가 저렇게도 없냐,0.0,99.23,0.76,부정
이낙연 ..좋아보여...,0.0,51.48,48.52,부정
이낙연 대통령당선되면 성을간다...,0.0,96.58,3.42,부정
"황교안=이순신장군, 나경원=유성룡, 문재인=세종대왕, 정세균=이황(이퇴계선생), 이낙연총리=이이(이율곡선생) 이게바로 현대판 인물~👩",0.0,52.17,47.83,부정
만약 이낙연이가 된다면 지금 정치 상황상 국민 분열이 더심화된다고 본다,1.23,73.46,25.31,부정
이낙연 안돼 정말 살기 더 힘들어져 그것보다 더 한다구,0.0,99.35,0.65,부정
이낙연 총리님 동생에게 4570억대 관급공사를  주신 부분에 대해서 국민들께 한 말씀 해 주십시요,0.0,96.76,3.24,부정
민주당 대통보고 아직 정신못차렸냐 조만간 동남아 거지들이랑 비비겠다,0.0,99.19,0.81,부정
이낙연 당내 세력도 없는데 이정도면 대단하네. 하지만 총선 대선 지켜봐라 민주당에서 다른놈 내세울수있다.,0.0,99.23,0.77,부정
안철수 문재인때를 생각해라 선동 오졌지,11.44,44.36,44.19,부정
과연 문재인이 이낙연을 후보로세울까 완전 허구잖아그냥쇼,0.0,67.26,32.73,부정
이낙연전총리보다 황교알이가 이십프로인 게  놀라울 따름. 앞으로 더 떨어져 나가겠지만.ㅋㅋㅋ,0.0,99.35,0.65,부정
이낙연 ‥ㅋ 이 사기꾼 집단들이 또 설문조사 조작하고 자빠졌네 누가믿냐고 니들의 거짓발표를,0.0,99.7,0.3,부정
이낙연 가만가만  일도 잘하고 경거망동도 안하고 깨끗하고 신뢰가 간다,0.0,74.43,25.56,부정
이낙연이 북한 통전부 지시 받아가며 통치할 텐데 그런 자는 문재앙 하나로 충분하다. 국민이 가만이 있으리라 생각하는가? 여론조작에 속아 멍청한 판단만하고 있구나!,0.01,99.23,0.77,부정
우리민족끼리 이낙연은 대통령감이 아니지,10.28,57.45,32.28,부정
이낙연이 사람은 좋아보이는데 문재인 2탄 일수 밖에 없어. 대통령만 일하냐? 그 주위에 이번정권 재앙으로 만든 쉐끼들이 이낙연 주변에 득실거리는데...,0.0,65.8,34.2,부정
문재인대통령 다음 대통령은  안철수 대통령이  된다,0.0,53.18,46.82,부정
대한민국 국민들 황교안 보다 이낙연이 낫다고 이낙연 대통령 만들어놓고 민주당 때문에 나라 기우는 꼬라지 봐야 아.. 대통령뿐만 아니라 여당도 중요하구나 깨닫는 멍청한 짓 하지 말길... 자한당도 극혐이지만 그래도 짧은 한국 정치사에서 더 말아먹은 쪽은 민주당 쪽이었음. 보수찍으면 나라 좋아지니까 찍으라는게 아니라 그나마 욕하더라도 덜 말아먹으니까 울면서 찍자는거임.. 이낙연 찍을거면 진짜 문재인 나라 말아먹은거 다시 한번 생각하고 머리 열번 박고 생각 안 바뀌면 찍기를...,0.01,71.97,28.02,부정
"최장수총리 ㅋㅋㅋ 그 긴기간동안 한개있나요, ?",0.07,83.25,16.68,부정
어우 황교안 개극혐,0.37,64.98,34.65,부정
이낙연이 1등이라니.. 소주맥주OOO 한것도없는게 뭐라고,0.01,92.8,7.19,부정
이낙연 문재인같은 x이다 절대 안된다,0.0,95.76,4.24,부정
"굳이 나온다면 문재인같은 적폐를 청산한다는 전제하에, 조국이고 재인이고 싸그리 깜빵으로 쳐넣는단 전제하에 나도 이낙연 좋음.",0.02,71.72,28.26,부정
근데 이낙연 전 총리는 뭘한거지? 그리고 황교안  옹호하는 퍼선트는 머냐? 차라리 이재명이 낫지,0.02,72.69,27.29,부정
나이스 ~~~~~~!!!!!!역시 차기대통령 이낙연 최고다 ~~!!!!!! 👍👍👍👍👍👍👍👍👍👍👍👍👍👍👍👍👍👍👍👍👍👍👍👍👍👍👍👍👍👍👍👍👍👍👍👍👍👍👍👍👍👍👍👍👍👍👍👍👍👍👍👍👍👍👍👍👍👍👍,1.3,88.51,10.19,부정
이낙연이 대선까지 가겠나. 친노친문 운동권 586들 자기 계파아니면 통수치는게 전문이다. 청와대586들이 정적을 어떻게 제거하는지 그거 한두번 봤나. 윤석열 임기끝나면 사냥개 검찰총장 세워놓을거고 공수처까지 휘어잡으면 문재앙 절대독재 시작이다. 황교안은 진정 국가를 생각한다면 당장이라도 대표 때려쳐야되고.,0.0,99.34,0.66,부정
문재인 정부의 불가역적인 정책은 국가부채의 확대정책이다.   아무도 되돌릴 수 없는 이 정부의 정책이 국가를 부도사태로 끌고 가고 있다.   국가의 미래를 걱정하는 국민들이 뭉쳐서 더 망가지기전에 문재인을 끌어내려야 한다.,0.0,99.24,0.76,부정
그래서 문재인의 ㄴ 무능 뮤기력이 또 나타난것이다..할일도 모르고 보건복지부 낙하산은 놀고 세금 받고..문재인 북한에 구걸하며 퍼 줄 생각만 하구...빨리 군인 공무원 연금을 지급액을 조정해 자립할 수 있도록하라..,0.49,98.98,0.52,부정
현재 민주당은 완전 극진보되었다. 과거에는 그정도는 아니었는데,5.3,91.81,2.89,부정
문재인 = 기생충,0.0,87.75,12.25,부정
지금껏 문재인 스스로한것들무엇들있는가 저 청와대참모들 그 면면들자세히들보라 저 문재인 움직이는작자들누구인가을 그리고 나라돌아가는정세자체도잘모르고살고있지않는가 그저써준논문만읽는작자가 무엇을제데로할것인가 청와대일자체는 아에 간섭조차않는것같다 그저 필요한장소에나와 모습만보여주는 마네킹인가 대통령존재감조차없다,0.07,98.95,0.98,부정
파렴치하고  지넘  부귀영화가  먼저인  악마문재인,0.0,99.79,0.21,부정
문재인은 경제가 망해가는데도 진영논리에서 벗어나오지 못하고 있다는건가? 애초 대통령 그릇이 아니었다는 얘기군.,0.0,99.82,0.18,부정
자한당이 지지한다하고 무성이가 지지한다하니 절대불가. 총리도 대통령의 국정철학을 지지하고 추진해야하는데 자한당과 적당히 타협할게 분명하다,0.02,91.6,8.39,부정
김진표?!ㅡㅡ민주당에 인물이 그리없냐? 한심하다ᆢᆢㅉㅉㅉ,0.6,99.35,0.05,부정
늘 민주당이랑 진짜 안 어울리는 사람이라고 생각했는데.. 자한당 지지자들이 찬성을  한 거 같은데 웃기는 상황.. 오히려 저랑 제주변 민주당 지지자들은 반대하는데.. 이낙연총리님이 그대로 했으면 좋겠어요 ㅜㅜ 아니면 유작가님이 총리 했으면 좋겠어요 만약 김진표씨가 총리 되면 충격이고 문통에게 돌아설 당원들 많을 겁니다 제 주변 중도는 김진표씨 아에 몰라요 인지도가 없죠.. 어쨌든 잃는 게 더 많을텐데 신중하시길!,0.0,59.98,40.02,부정
민주당 내 물갈이 대상중의 가장 핵심적이고 상징적인 인물인데 그런 사람이 차기 총리후보라고?   기가차고 통곡할 노릇이다. 개신교 뒤치닥거리 하느라 정신없을 양반인데 그렇게 인물이 없어서....에휴,0.01,99.61,0.38,부정
이새끼가 총리되면 총선에서 민주당 깨진다,0.01,98.4,1.58,부정
아무려면 황교환이도 해먹은 총리를 김진표 정도면 무난하지  이낙연 만한 총리가 어디있겟냐 마는 인사권자 대통령 의중은 폭넓은 통합정치 관리형 경제통이 필요한거다  모두를 아우르는 탕평정치도 못하면서 남북통일은 어떻게 하냐 ? 인사청문회서  김진표 생각을 들어보자,0.03,75.38,24.58,부정
김진표는 민주당정권 내부의 적이 될수있는 사람..,0.72,67.24,32.04,부정
찬성이 자한당 반대가 더불당ㅎ,0.03,71.56,28.41,부정
이낙연 국무총리가 유임하는데 한 표요.,0.0,93.98,6.02,부정
민주당 지지자들 사이에서도 인기가 없는 김진표,0.34,64.13,35.53,부정
문재인 정부 몰락하고 싶으면 김진표 임명하면 됩니다. 김진표가 황교안이랑 다를게 뭐가 있음,0.0,99.87,0.13,부정
유시민 총리가 갑이지 !,0.54,54.92,44.55,부정
ㅎㅎ 이낙연이한테 머했냐고 묻는 사람들은 그럼 바그네때 교안이는 머했냐 안물어보지? 2인자의 자리는 저런거다 그래서 1인자를 잘뽑아야하는것이고 투표나 잘하자 그게 미개한 국민들이 할수있는 일이다,1.21,95.24,3.55,부정
이낙연.. 한게 뭐있나? 언플로  지지율 자랑하고,0.0,99.37,0.63,부정
문재인의 실정이 너무커서  대선나오면  힘들거같음.노무현정권때도 이명박이 몰표를 받은거보면..이번에도  그럴거같으나..야권  후보가  경쟁력이없어  이 지지율이 그대로  갈거같기도한데..그러나  마지막변수는  안철수가  새누리당으로 입당해서  중도개혁정당으로  대선후보가 된다면..상황이 바뀔거같다.안철수가  새누리당 입당하느냐  아니냐..,0.0,99.29,0.71,부정
나조 이낙연총리가 아작 대통령감이라고는 생각치않지만 황교안이 대선주자 지지율 2의인거 보면 이낙연총리가 되는게 맞다고 봄. 바보가 나라 말아먹을뻔한걸 한번보니 두번다시 바보한테는 표 주면 안되는거지 않냐?,0.0,68.62,31.37,부정
집값 폭등시켜 세금만 더  걷는 무능한 문죄인.  평생 봉급 다 모아도 집사기 어려운 나라로 만들어 국민들  길거리에 내모는 무능한 더불당. 입닥쳐라 이낙연,0.04,99.27,0.69,부정
"근데 솔직히 말하면 이낙연이 박원숭, 이재명, 조국같은 버18러지보다 훨배 나은 부분임...짜피 다음대선은 황교안 이낙연 싸움이겠지",0.0,50.67,49.33,부정
총리 로서는 너무 잘했다 이제 정치인으로서  국회에서  더민주당에서 당원들 마음을 얻고 진정성 정치를  하였으면 좋겠다,0.0,72.43,27.57,부정
이낙연은 전남도지사로서도 말아먹고  국무총리로서도 문재앙과 같이 나라 말아먹은 무능력의 상징 아님?,0.01,99.51,0.48,부정
이총리가 대통령 감이라면 이정부에 쓴소리도 할 줄 알아야 한다 지금 정부의 지 식구 부정부패 감싸기가 도를 넘고 있지 않은가? 이 총리만큼은 충언을 할 수 있는 사람이 되었음 좋겠다,0.02,62.3,37.68,부정
"적어도 문재인 보다는 낫겠지. 근데 경향이 낙비어천가를 불러대는걸 보니, 국민통합과는 거리가 멀겠네.",2.03,94.51,3.46,부정
그러니까 차기 대통령은 침착하고 경륜높은 황교안이 대안이고 대통령으로 적격자이다,19.47,47.58,32.96,부정
이낙연 총리님 화이팅  양쪽에서 인기 많으니까 함부로 못건드리다가 이제 위협이 될듯하니 양쪽에서 견제하고 나서네요  더 좋은 후보 데려오든가 그럼  ㅋㅋㅋ 황교안이 지지하면서 이낙연 욕하면 먹히니?,0.0,58.83,41.17,부정
총리님 꼭 대통령  되셔서 국민들 안정된 생활이 되도록 지도자가 되시길 희망합니다..,0.0,95.61,4.39,부정
그래도 당신은 안돼. 정권에 눈치만 보는 국무 총리,0.0,99.58,0.42,부정
그러니까 문재인이 웃통 벗고 선인장 껴안는 지도자 인거지?,0.08,94.88,5.04,부정
이낙연이 차기 1위인걸 보니 이 나라는 한번 더 망해야 정신 차릴듯. 문재앙2인데 무슨ㅋㅋㅋㅋㅋㅋㅋ 대통령?,0.0,98.53,1.46,부정
"이낙연 총리는 비적대적 품행, 절제력, 소탈함 등의 여러 강점은 있지만, 대통령제하 총리권한의 한계가 있었었더라도, 문재인 정권의 운동권주도 청와대 독주, 현실 외면 좌파정책 고집, 균형감없는 외교안보 등 심각한 국정실패에 대해서 총리로서 보다 분명하게 견제하지 못한 점에서, 국정2인자인 총리로서의 역할에 합격점을 받기에는 많이 부족했다고 평가되고 최장수 기록이 명예로운 경력이라고 할수없다. 앞으로 여권의 주요 대권주자가 되면 지금의 더불어민주당과 청와대 구조의 비민주성, 편향성, 이중성 등을 타파하는 일에 전념하길 기대한다.",0.0,54.22,45.78,부정
"얘 계속 띄워주는거냐?? 관상볼줄아는데 진짜 대통하면 안될관상이고, 문재인경험하고도 문재인2탄이 지지율1위라고? 조작 ㅉ",0.14,61.13,38.73,부정
문재인 돌려까네.... ㅋㅋㅋ 친문과 대깨문들 때문에 대선은 포기 해야할듯...,0.0,99.88,0.12,부정
책임총리란사람이 청와대비서들보다 더끝발도없고 비난도못하고 역대최악의총리다.총리로써 지금까지 잘한게뭐냐,0.01,57.6,42.39,부정
이낙연이 한게 뭐가있는데? 지금 한국 모든분야가 OOO나고있는데 또 주작질하네 ㅋㅋ,0.0,99.55,0.45,부정
역대 최장 기간 총리 역임 하면서 정말 안정감 있게 아무것도 한게 없죠... 대변인이나 하실 양반이 총리까지 했으면 됐습니다~욕심 부리지 말고 은퇴 하세요~,0.0,70.98,29.02,부정
이낙연 거물 놀이 하느라 목소리 까는거 극혐이다..,0.0,99.45,0.55,부정
이낙연 총리 당신은 어떤사람이요?  문재인 처럼 개인의 자유를 멸시하는 공산주의 자는 아닌가요?,0.0,99.15,0.85,부정
"총리를 하면서 미꾸라지 처럼  자기 보신만 하였다. 예를 들어  부동산폭등을 총리로서 경제부총리와 국토부장관 교육부장관 등과 함께 종합대책을 세워야 함에도, 또한 경제에 총체적인 문제에 대하여도 미꾸라지 처럼 쏙 빠져 나갔다. 재임 기간동안 도대체 한 일이 무엇이 있는가?",0.0,99.85,0.15,부정
이낙연이 실제로 어떤 사람이든간에 문재인 라인에 서 있는 인사는 일단 거르고 싶다 종북 문재인을 막지 않고 뭐했는지?,0.0,99.48,0.52,부정
이낙연은 총리감으로 괜찮지만 대통령감은 아니다. 왜냐하면 이낙연의 단점은 끊고 맺는 맛이 없이 항상 두리뭉실 넘어가려는 우유부단한 면이 있다. 분단국가인 대한민국에서는 대통령은 카리스마적인 면이 어느정도 있어야 하는데 이낙연에게는 그런 면이 부족하다. 좋은 게 좋다는 능구령이 식의 처세는 지도자감이 아니다. 무늬만 이름다운 대통령은 국가을 이끌어 갈 능력은 안된다.,0.0,81.99,18.01,부정
이낙연 볼때마다 노짱 보는거 같음ㅋㅋㅋㅋㅋㅋㅋ,0.0,99.29,0.71,부정
이낙연 개인적으론 싫지 않지만 문재인을 보니 사람만 좋아서는 아무나 대통령 해서는 안된다 생각한다!  이념을 앞세우지 않는 진짜 대한민국 미래를 내다보고 정치 하는 사람 없나? 동네 이장감 밖에 안되는 지금 겪고 있잖아~,0.0,99.24,0.76,부정
너무 밋밋해..맛없어..경향과 조중동이 왜 이렇게 이낙연 빠니라 정신없어.. 변화와 개혁하고 거리가 머니 좋아하겠지..근데 우리나라 입장에서,2.12,97.57,0.31,부정
웃통벗고 선인장 껴안는 인간이 문재인인데,7.08,84.4,8.52,부정
실패한  드루뭉실 이낙연 현경제 안보  모든것  책임 을  누가지는가  헛소리 집어처라  좌좀들의 연장정치  신물나고 역겹다  문제인 답습이면  한강물에   코박고 잠이나 자거라,5.02,59.95,35.03,부정
이낙연 절라홍어 OOO은 주사파 문재앙 바지사장 노릇하면서 여론 조작질로 가짜 차기 대권 1순위랍시고 여기저기 얼굴 마담하고 지랄염병질을하네.,0.0,99.7,0.29,부정
총리께서 절하시는모습 너무 아름답습니다. 시비걸걸 걸어어야지...의전왕 덤마진과 대비되네요....,0.0,99.74,0.26,부정
이낙연 영웅으로 만들려고 아주 작정을 하셨네 ㅋㅋㅋㅋ,0.0,98.17,1.83,부정
이낙연총리 매도하는 넘들아~ 부럽다고 하든가~ 그만해라~ 지겹네.,0.0,80.57,19.43,부정
문재인단체모조리주사파구속하라. 비리투성이청와대와 공직자들 검찰은 수사해서 철저히 낱낱히 밝혀라.. 문재인탄핵.!  공수처절대반대!  연동비례절대반대 !,0.0,99.8,0.19,부정
드루킹 간첩 문재인  시다바리 이낙연 바보   돈 필요했구나~ㅋ,2.95,90.16,6.9,부정
문재인이 북한에 대해 아무 말도 안 하니까 이낙연도 입 닫고 있는 건가?  대통령이 저 모양이면 국무총리라도 제대로 일을 해야 할 거 아닌가.  자신의 지위를 이용해서 동생은 대기업에 꽂아주고 본인은 다음 총선에 나갈 준비를 하느라 이미지 관리만 하고 있으니...  ㅉㅉㅉ,0.0,99.85,0.15,부정
이 분 젊잖고 이념적으로도 치우치지 않는 것 같아 여권 인사 중엔 대권주자로 호감이 컸는데. 국민을 백성이라 한 건 기본이고. 쇼크입니다.,13.76,75.89,10.35,부정
이 놈도 새빨간 놈이군. 어찌 총리가 ?,0.9,79.86,19.23,부정
이 기사 보고 우민끼 팔로우 중단한 민주당 사람들 많을듯 ㅋㅋㅋㅋㅋㅋㅋㅋㅋㅋㅋㅋㅋㅋ,45.55,47.33,7.12,부정
"이 사건으로 인하여 이낙연은 문재인과 똑같은 사상을 가졌다고 확정되었다. 민주당은 그저 대한민국의 경제, 외교, 안보를 박살 내면서 북한에 팔아 넘기려는 세력임이 확정되었다.",2.23,71.31,26.45,부정
이 놈의 민주노총이 나라 말아 먹겠다. 김진표 총리 찬성!,1.54,69.73,28.74,부정
이 미친 정권 인사들 해도해도 너무한다 그래도 이낙연이 좋게 보려했는데..,0.01,57.73,42.26,부정
이 넘의 문재인이는 지금까지 국민을 기망하고 있었나???,25.03,39.07,35.9,부정
살다살다 김무성이 민주당 총리 지명 옹호를 다하네. 딴거 볼거 없다. 이거만 봐도 자한당이 김진표 총리 되기를 강력히 희망하는거 이거 하나만 보아도 김진표는 진짜 아니다.,0.03,69.88,30.1,부정
이낙연 저런 역적 같은 인간이 대한민국 국무총리다.북한에 죽은 많은 사람들이 죽어서도 눈을 감기 힘들다.내란죄로 사형하라!!!,0.0,99.55,0.45,부정
"이낙연은 사람으로써는 좋지만  나라가 걱정이되고 보수를 뽑고싶은데 나라보다는 자기뱃속 채우려는  사람만 보여  뽑기는 싫고,,",0.0,58.75,41.25,부정
이낙연이 도대체 한게 뭐가 있냐?? 그리고 이정부 들어서 재해 제대로 처리한게 뭐가 있냐??,0.0,99.46,0.54,부정
이낙연도  간첩이었어 완전 간천들에게  대한민국을  맞겼그만,0.0,99.52,0.47,부정
총리란 놈이.빨갱이 xx네,0.0,99.67,0.33,부정
민주당 다음 대선후보는 서울시장님? 조국이도 가고 낙연이도 가고~~ ^^,0.04,73.85,26.1,부정
"문재인보다 더하면더했지 덜하지안을인물... 뭔가 찝찝해.. 이양반 말투,표정, ...",0.01,99.77,0.22,부정
이런 자가 대한민국의 총리를 하고 있다니 경악스러울뿐이다.,2.47,69.13,28.4,부정
"이삭줍기 달인 이낙연, 호남조선 출신 이낙연, 문재인이 실정을 거듭하고 있는데도 막지도 못하고 감성으로 인기몰이 하는 이낙연이야말로 좌파정권의 진면목이다.",0.0,58.5,41.5,부정
더불어 미친당에 인재가 없기는 없구나.  이낙연이나 김진표나 국무총리감 아니다.,0.0,98.89,1.11,부정
이나라 총리가 간첩인게야,5.58,81.21,13.21,부정
이낙연 아들 !!부산대의전 조민과함께 아웃!!!!!,0.0,97.02,2.98,부정
전세계에서 유례가 없는 서울 아파트값 폭등의  투기광풍이 몰아치는데도  이낙연총리는  말한마디 안하는 모르쇠로 일관하는 이유는 뭔가? 총리 휘하의  조국 법무부장관이  윤석열 검찰총장에게 능묙을 당하는데도 입도 벙긋안하는 이유는 뭔가?,0.01,75.8,24.19,부정
김무성 민주당으로 가라 저거 뭐야,7.55,91.34,1.11,부정
이낙연이 대체 뭘 한게 있다고,0.0,71.62,28.38,부정
이낙연 총리를 보면 인생사 새옹지마.  서울대 법대출신으로 가난때문에 동아일보 기자였다가 도지사에서 총리로..... 만약에 술술 잘 풀려 판사나 검사가 되었다면 총리가 되었을까? 죽기 전까지 포기하지 않으면 지는게 지는 것이 아니다.,0.0,99.59,0.41,부정
"문재인 빨갱이흉내내는 좌파, 이낙연 진골빨갱이 세포하나하나 빨갱이 좌파.",0.0,99.75,0.25,부정
"총리란 놈이 누구 말을 하나,,마치 총리는 책임이 없다고 말하네",0.0,67.16,32.84,부정
민주당 출신 문의장  정의장  니들은 삼권분립을 무시한 인간들...민주당은 사라져야한다 민주주의에 반하는   자들의  집단,0.01,99.48,0.52,부정
진심으로 이낙연 국무총리때 한거 뭐있음? 일본 간거밖에 기억이 않나,0.49,98.63,0.87,부정
이낙연! 빨갱이 문재앙 좌빨정권 부역자! 아니 똑같은 사람이다!,0.0,98.93,1.07,부정
인품이라...그가 총리직을 수행하면서 인품으로 뭔가 돌파구를 만들어낸 적은 없었다. 다만 가끔 뉴스에 나오는 모습에서 중저음 목소리로 표정변화없이 말하는 모습을 봤을 뿐이다. 또 다시 그런 피상적 이미지만으로 리더를 뽑을 수 없다. 그가 진정 인품이 뛰어나고 균형감에서 오는 안정감을 주는 인물이라면 먼저 문재인의 선거개입 국정농단 경제파탄정책과 실패한 대북정책에 대해 솔직담백하게 자신의 입장을 밝혀야 한다. 선문답하듯 하는 걸 인품으로 포장하지말자. 우린 소통의 리더를 원하지 도인을 원하는 게 아니다.,14.99,81.17,3.84,부정
그나물에 그밥 이지 이낙연 총리 첫 이미지와 너무 다르게 조국 사태때  좌파들과 마찬가지로  비상식적인 이중잣대 기질을 보여주는 부분에 실망 해서 바로서는 대한민국을 위해선 문재인 정권 사람들에게 다시는 이나라 권력을 잡게 해서는 절대 안될것이다,0.01,72.86,27.13,부정
기자출신 이낙연하고 누가일하나요 돌머리들만있는 현정부,0.15,71.82,28.03,부정
"정치인 이낙연이 ‘꿈꾸는’ 나라는 어떤 모습일까. “성장과 포용이 같이 가야 합니다. 과거처럼 고속성장을 할 수는 없지만, 속도를 낮추더라도 페달을 계속 밟아야 해요. 이를 대전제로, 격차를 완화하는 노력을 병행해야 합니다. 우리의 격차가 다른 나라보다 조금 더 불건전한 게 사실이에요. 노동소득의 차보다 자산소득의 차가 커서 세습자본주의로 흐르는 경향을 어떻게 완화할 것인지가 숙제입니다. 결국에는 Bottom을 얼마나 보장해주느냐가 관건입니다. 위쪽은 신산업·혁신에 의해 격차가 생기더라도, 바닥을 받쳐주면서 더 이상 낮아지지 않도록",36.7,46.53,16.77,부정
이낙연 니가 왜 5.18유공자냐!명단 까라!도둑놈들아!국민 세금 도둑질 하지마라!그리고.국가 보안법 위반한자가 어케 선거에 나와!,0.0,99.53,0.47,부정
민주당아 누가나오던지 안나오던지 관심없으니  자쿠  얘기하지마라,0.08,99.59,0.33,부정
민주당을 믿어요?   대깨문 탈출하여 자유대한민국을  제자리로 돌려 놓아야 합니다 제발~,0.01,99.71,0.28,부정
이낙연은 천황폐하 만세이~~하던놈이 어디서 입을 열어?,0.02,99.3,0.69,부정
"더불어당+정의당 의석수 50석 이하로만 줄이면 이낙연 같은 캐릭터도 대통령되는거 나쁘지는 않치...물론 이낙연은 당을 갈아타고....이낙연=imf 없는 김영삼= 김대중=주사파 없는 노무현정권=4대강 없는 이명박= 대북강경책 없는 박근혜....어차피 한국사회가 나가야할 길은 좌우를 떠나서 일정한 길이 있다..그걸 깨는게 ""쉐로운 나라~ 문디왕조""....",0.02,95.51,4.47,부정
달창들ㅋ  이낙연 듣보잡은 뭐여  역대최고 최장수무능총리ㅋ,0.0,55.49,44.51,부정
"총리도 빨갱이인 정부, 정말 어이가 없다.",0.0,99.66,0.34,부정
허수아비 전라도 총리,0.03,87.75,12.22,부정
이낙연 가즈인~~,0.01,92.77,7.22,부정
자유민주주의 대한민국  주적 공산당 김정은 정권을 천양하는 빨갱이  충신  이낙연!,2.83,90.41,6.77,부정
기래기야  최장수총리는  문재인 주변에 총리할넘이 없어서 그냥 묻어 지넨거지 낙연이가 한실적이 뭔데,0.05,69.83,30.12,부정
이낙연놈이 대남간첩인가? 고정간첩인가?,0.01,99.47,0.53,부정
양아치 나라 한국! 국회의장 한사람이 총리? 완전 양아치!,0.08,86.8,13.13,부정
정세균  총리직 멋지게 한다면   청화대행 충분히 가능  접었던  꿈  잡을 기회   살려보소,0.53,60.12,39.35,부정
이낙연.황교안붙으면 황교안승리합니다.극민여러분여론조사믿으면안됩니다.내년에한국당승리해야합니다~~,0.0,78.8,21.2,부정
문재인 꼼수~ 사법부수장 하셨던 사람을 국무총리 시킨다고~ 한번도 경험하지 못하는 꼼수라~,0.0,99.87,0.13,부정
이낙연의 낙이 떨어질 낙이다.,0.0,86.75,13.25,부정
총리가 간첩이라니... 총선아웃이다,0.0,99.57,0.43,부정
ㅎㅎㅎㅎ. 역시 정치인 답다. 그런데 이낙연과 황교안이  맞짱 뜬다는게  설정이 맞나? 황교안은 전국으로 한국당 투표 독려하며 다녀야 하는데 어느 지역구에 속하면 그게 가능한가?,8.58,60.78,30.65,부정
옘병,32.28,48.97,18.75,부정
빨갱이신문 갱향이 물고 빠는 자는 일단 믿고 그른다. 이낙연 빠빠이,0.03,59.48,40.5,부정
이낙연 대통령 하고 싶으면 노선부터 바꿔라  아~~ 미래가 없다 사회주의 체제 연장이다,0.0,99.16,0.84,부정
문재인  딲까리  이낙연은  안된다  또다시  좌파에게  속을수는  없다   국민들  정신 차립시다   이낙연  out !!!,0.0,95.74,4.26,부정
대통도 하는일이 없는데 이낙연이란 분 대체 뭘했깅래 호감도가 높은지 아시는분??ㅋㅋㅋㅋㅋㅋㅋㅋ,0.11,53.85,46.04,부정
이낙연은 고향인 전라도에서 출마해라. 무슨 연고가 있다고 종로에 출마하냐?,0.0,99.59,0.41,부정
이낙연은  대통령이 될수없다,0.0,63.99,36.01,부정
"요즘 리얼미터가 하루도 멀다하고 문재인 용비어천가 여론결과부터 민주당,이낙연등 찬양압도적인 여론조사결과 발표하는거 보며 역겨워진다. 진짜 총선에서 보수가 압승하고 빨갱이들을 심판해야한다!",6.43,53.37,40.2,부정
초반 걸발 개 걸발 이지 아직 2년 남았딘,41.22,58.77,0.01,부정
쌍꺼플 수술하고 근엄한 표정 지으며 목소리 내려 깔며 이미지 조작하는 이낙연. 문재인한테 쇼만 배운 전라도놈,0.03,63.04,36.92,부정
"불법인 북한매체 ""우리민족끼리""를 몰래 팔로잉 하다가 발각되니까 ""실수""라고 발뺌하는 이낙연 총리..평소에 젠틀한것처럼 행동했지만 그 이면에는 이런 음흉스런 범법행위를 할만큼 사상과 이념적으로 물들어 있었네..ㅠㅠ총리로서 대통령에게 올바른 직언도 제대로 못하며 yes-man으로 몸사리던 사람이  나라위해서  몸바쳐 불의를 깨부수고 정의를 살려낼만한 배짱과 파워가 과연 있기나 하나???이낙연은 감히 대한민국 정치1번지인 종로에 출마할게 아니라 이번에 ""우리민족끼리""매체를 불법 팔로잉 한걸로 먼저 법적인 처벌을 받아야만 할것이다!!!!",0.01,84.79,15.19,부정
이낙연은 ㅂㅅ이고 황교안은 고장난 로봇같고.... 인물이 없음,0.0,99.21,0.79,부정
에스모와 정세균 총리에 대한 팩트 정리자료입니다.  https://m.blog.naver.com/ddong9781/221739458039,11.7,52.35,35.95,부정
이낙연 위선자소 소신도 양심도 없는 오직 문통의  하수인,0.0,93.36,6.64,부정
문재인 지지율 급등!,0.03,74.64,25.33,부정
머지? 이낙연 총리는 그래도 좀 다를 줄 알았더니 결국 종북 좌파였단 말인가?,0.01,83.68,16.3,부정
이낙연 문죄인 같은 물아닙니까? 민주당 사회주의자 종북좌파 빨갱이 괴뢰집단 민주당ㅇ,0.0,98.34,1.66,부정
이낙연을 처형하라!!!!!!!!!!!!!!!!!!!!,0.0,99.69,0.31,부정
장하다 이낙연 ~~~~ 문죄인이 시켯냐?,0.11,91.33,8.56,부정
이낙연이도..종북 좌익이라는 것이 드러났네... 에잇..빨갱이들..,0.0,99.45,0.54,부정
그럼 문재인이나 이낙연같이 본인들을 지지하는 개돼지들만 국민으로 취급하는 사람들은 절대 안되겠네요,0.12,68.89,31.0,부정
"이낙연 총리는 속초 산불, 돼지열병, 이외 여러 사고의 피해 최소화를 위해 행정부를 잘 지휘하고 피해자 격려에 노력해 왔다. 미중 무역갈등이 촉발한 국제 경제침체에 대응하여 복지 확대, 중소기업을 이끌어 전연령대 취업률 저하를 막고 경제 취약계층의 구매능력을 일시적으로나마 보존하여 향후 발전 가능성을 보존하고 선진국 그룹 국가 중 성장률을 어느 정도 방어해냈다. 본인의 구설수 없이 안정적 국정을 이끌어 옴에 따라 차기 대선주자 1위로 평가받는 이낙연 총리에 감사 인사를 하고 싶다.",0.0,77.44,22.56,부정
북한 방송 모니터링하는거랑 총리 개인이 팔로우하는거랑 경우가 같냐 ㅋㅋㅋㅋ 하여간 달창들 머가리 수준은 하나같이 왜이러냐,3.1,91.69,5.21,부정
민주당 이 빨갱이 집단 토착간첩놈들....빨갱이당은 해산시키고 전원 구속이 답이다 . 빨갱이가 총리라니,0.0,86.04,13.96,부정
이낙연 공산화,0.03,83.09,16.88,부정
이낙연의 과거 발언과 우리민족끼리 팔로우로 활동한 것으로 보아 종북좌파 빨갱이가 맞네. 순진한 척하는 인간들에게 또 속을 뻔한 국민들은 정신 차리시길.. 문재앙에게 속아 나라 개판 되었는데 이낙연에게 또 속고 있었으니.. 나라가 정상적으로 되돌려 놓기 위해선 문재앙 좌빨거짓범죄정권의 국무위원들과 더불어공산당 등 좌빨계열과 연관된 세력은 정확한 확인이 될 때까지는 믿지말고 선거에서 투표해야 할듯..,0.0,99.45,0.55,부정
북한 총리가 북한총리 한건데 뭐가 문제 라도?,0.77,92.49,6.74,부정
선거에서 승리하는데 필요한 중도층지지를 끌어오려면 친박들을 가장 먼저 척결해야 한다. 속칭 자한당꼴통 지지자들은 자기들 행동이 보수층을 위한다고 생각하는데 친박들 같은 극우보수을 옹호하고 중도보수계를 비난해서 이런놈들이 때문에자한당 중도층 지지 놓치게 만들어 결국 입법권력 까지 민주당에게 넘기려는 민주당 하수인 노릇하는 멍청이들 이다 선거에서 승리하기 위해 변해야 한다면 당연히 변해야 하고 시장에서 팔리지 않는 상품은 폐기하고 시장수요에 맞는 상품을 내놔야 하는데 끝까지 고집해서 가게를 폐업 시키는 멍청한 주인을 원하는 보수층은 없,24.65,74.58,0.77,부정
길거리  문재인지지율보면   현직대통령인데도  20~25프로  나오는데.  이낙연 이분이 뭘했기에  단순 바지 국무총리밖에  없는데  지지율30프로.,0.04,72.79,27.17,부정
추미애에 이어 정세균? 무능 무능 무능 문재인!,0.53,86.61,12.86,부정
이낙연은 올리고 문제인은 내리고!,0.0,99.16,0.84,부정
경상도사람입니다. 이낙연 지지합니다.,0.87,82.58,16.56,부정
"내가 들어갔다면 5년이 지나도 기억하겠다 ,, 들어간적있다고,, 거짓말하는 이낙연",0.0,99.5,0.5,부정
"이거 완전 아전인수네 김진표가 민주당 공천 받았다고 총리로 임명하는데 아무 문제가 없다고 보는가? 기업회장도 한표요 장삼이사도 각각 한표 행사하는것인데 기업회장의 의견은 중요하고 장삼이사의 여론은 무시해도 되는가? 나도 김진표가 총리로 내정된다면 대통령과 여당에 대한 지지를 철회할 생각인데, 잘 해보슈",29.18,64.4,6.42,부정
이낙연 빨아주는 경향기레기는 모냐? 전라도 패거리냐,0.01,99.72,0.27,부정
이낙연이 뭐간디 나라 위해 목숨건  황교안이 돈에 눈먼 전라 간재비가 무서빈디?,0.0,99.28,0.72,부정
"나도 김진표 이 사람, 참 마음에 안드는게. 이 사람 민주당 사람이면서 왜 故 김대중&amp;노무현 前 대통령도 모자라서 지금의 現 대통령까지 비난하던 사람에, 노무현 정부 당시 경제부총리였는데 무능의 극치스러운 모습을 보여서 노무현 前 대통령의 지지율까지 깎아먹은 것도 모자라 노무현 정부 당시의 비판점을 만든 인물입니다. 내 아무리 보수우파지만, 김대중 前 대통령님을 존중하고 노무현 前 대통령도 나쁘게 안 봅니다. 그런데 대통령께서는 왜 김진표를 총리직에 앉히려고 합니까? 김진표 저 사람은 총리해서는 안됩니다.  다른 사람을 뽑으세요.",1.66,56.49,41.86,부정
민주당 절대안찍는다,0.1,98.16,1.75,부정
문재인 지시로 즙 짜러 가는 녀석 ㅋㅋㅋㅋㅋㅋㅋㅋ 표정봐라 ㅋㅋ 연기 많이 늘었것다,0.0,99.86,0.14,부정
문재인아. 넌 ?인이다. 죽어서도 지옥이나 갈까?,0.0,99.94,0.06,부정
문재인은 잘하는데 민주당이 문제임 ㅋㅋㅋ 언제적 정세균 ㅡㅡ 저 냥반이 뭐 한게 있나요 ㅋ,0.0,99.53,0.47,부정
무능한 이낙연 쓰레기,0.46,85.89,13.65,부정
이낙연을 누가뽑나ㅋㅋ,0.0,86.37,13.63,부정
아 그래서 예산안 날치기 통과할때 가만 계셨구나!ㅋ 전라도 표 무마용 총리!,4.44,87.88,7.67,부정
민주당은 종말..조국때문에 시작되고. 문재인 때문에 더 말아먹고..이젠 공수처 검찰개혁만 외치니 속보여서 망하고..돌이킬수가 없는 열차..,0.01,99.12,0.87,부정
문재인 정권에 한번도 경험해 보지 못한 이런 비정상적인 정권 이낙연이 또? 끔찍하다 두번 다신 경험 하고 싶지 않다,0.0,96.51,3.49,부정
슬슬 이낙연이  까는게 시작되었군 .,0.03,55.34,44.63,부정
어차피 양자대결 구도로 가면 이낙연이 압승 예상 됨/ 여론조작이라고 헛소리 할 시간에 황교안 말고 다른 대안 못찾으면 다음 대선도 민주당이 확실 함,0.06,67.25,32.69,부정
👍👍👍,31.04,51.63,17.33,부정
문재인 일당들과 별 차이를 못느낌~  한 놈을 쩔뚝이고  또 한놈은 목소리를 까는 정도가 차이?  어쨋든 간첩들 아니던가?  북괴와 짱깨는 우리의 주적이다!!!,0.0,99.66,0.34,부정
민주당 불출마 인물에 속심은 침몰하는 민주당 이란 배에서 먼저 뛰어 내린것이다. 그렇다고 살 수 있는 것도 아니지만 잘못된 문정부 역사에 탈출일 뿐이다.,0.01,99.3,0.69,부정
이낙연같은소리하네 ㅋㅋㅋㅋㅋㅋ 좌파는 이제 다신 안뽑아,0.01,99.47,0.52,부정
이낙연 시/벌/로/마.,0.0,99.24,0.76,부정
이낙연이  승리  할것  같다  황교안이  태극부대에  호위를  받으며  피할듯,0.0,81.11,18.89,부정
어차피 망한나라 조국 총리 시켜 .....누가 하니 재앙이 정권끝나면 감옥 갈건데 안그래,37.05,61.07,1.88,부정
이낙연 저빨개이를 지지한다고???? 북에 인민을 생각하는 지도자가 생겼다!!!! 돼지찬양한^^ㅋㅋㅋㅋㅋㅋㅋㅋㅋㅋㅋㅋㅋㅋㅋ 개돼지들아 느그들은 답이읍다^^,0.0,98.97,1.02,부정
리낙연동지 수고했수다. 총리란 작자가 국민을 위해 일한건 없고.. 재앙이 대신 행사장에만 나타나네,5.74,67.43,26.82,부정
이낙연도~~주사파라는~~근데 차기대통령 1위 정말 대한민국이 망하기 일보직전이구나,0.01,98.3,1.69,부정
이낙연의 두근두근?경제는 기다리면? 쇼하시면 안되지요 경제는 때 가있답니다 ㅋ,0.0,99.11,0.89,부정
이낙연은 벌써부터 자창 좌파 친북임을 시인한 꼴입니다. 왜 한결같이 문재인이 임명한 사람들은 그 모양일까요.,0.0,99.57,0.43,부정
이낙연총리 잘하고 있는데 왜자꾸 언론에서 입터는지.. 암튼 기레기들.. 민주당도 똑같은 새끼들.. 니들이 임명하냐? 대통령권한을 지들이 뭔데 이래라 저래라야..,0.0,96.55,3.45,부정
조선일보가 찬성하는 사람이라면 총리로 반대한다,0.46,91.41,8.13,부정
문재인만 패죽일수 있다면 한손에 죽창을 들든 M16을 들던 누구든지 환영이다.,0.0,99.76,0.24,부정
"총리로서 우리민족끼리 사설 같은 것은 봐야 하는거 아니냐? 그래야 북한 문제에 대처하지, 왜 조선일보만 팔로우 해야 하냐",0.0,99.61,0.39,부정
민주당이 시켯구만.,0.03,54.77,45.2,부정
이낙연이 정체 드러났네 민좃당과 이중대당들 핵심인사는 김정은이  지시 받는 넘들이야,0.04,63.89,36.07,부정
이낙연 이중인격자    속은 빨갱이   쳐죽일넘,0.0,99.55,0.45,부정
석열아 이번엔 이낙연 털어야지,3.54,81.42,15.04,부정
이낙연 정말 괜찮은 정치인이죠.. 근데 좌파는 경제를 말아먹기에 대통령으로 가기에는 좀 무리가...,0.0,98.68,1.32,부정
이낙연안됩니다. . 빨갛습니다. .,0.0,95.26,4.74,부정
이낙연 민주당은 무슨 낮짝으로 나오냐? 이 나라꼴 보고...,0.0,99.95,0.05,부정
지난번 민주당 다수 뽑았는데 너무 후회 스럽다ㅠㅠ. 나라가 너무 어지럽다 . 내이번에는 한표도 주지 않을 것이니 그리알라~~,0.58,69.63,29.79,부정
"이낙연도 빨갱이, 싫어요~~",0.0,99.06,0.94,부정
지금 총리직 받았았다간 똥바가지쓴다~!,1.31,67.54,31.15,부정
김무성  당신이 지금까지 한 모든행위들은  정말 맘에안든다. 그런데  어찌 김진표  총리 하면 잘할거라하지. 첨으로 옳은소리하네. 비록   김진표 민주당 의원이지만  그래도 경제에 관한한 좌파중에 제일돋보이는건 맞다. 김진표가되면 문통하고 많이부딪힐거다.재미있을듯.  김진표는 소득주도성장 반대할거고. 민노총 파업하는거 실어할거고.경실련지랄떠는거 못볼거고. 딱  총리감이지,0.72,67.46,31.81,부정
민주당 왜이러냐 김진표 절대반대!!,0.21,98.34,1.45,부정
조중동 미터에서도 이낙연한테 근소차이로 황교안이 밀린다던데 어쨌던 이낙연은 군필이고 황교안이 미필인건 팩트지,0.05,82.29,17.65,부정
이낙연한테 쨉도 안되는게,0.02,96.57,3.4,부정
소름돋네.... 7년전인가 어떤 스님이 문재인이가 대통되고 그 다음은 그 총리가 대통령되고 다음은 어떤 지자체장이 개헌으로 대통령 연임제 때문인지.. 장기집권할것이고 그 다음이 40대 젊은 청년이 대통령 한다던데... 딱 문재인 이낙연 이재명 각아니냐..ㄷㄷㄷ 40대 젊은 이는 누구지,0.01,63.94,36.04,부정
이낙연 황교안 유치한 선거송 틀어놓고 유세하는데 저기서 콜미 롸잇나우 틀어놓고 허경영 등장하면 어떻게될까? 허경영이 감옥에서 만든 콜미는 선거송이야 그 노래가 그때당시 음원차트1위 휩쓸었고 그래서 허경영 트럼프같은 폴리테이너가 무서운거다 사람심리가 그래 그리고 허경영이 대통령되면 트럼프 시진핑 푸틴 김정은 머리위에서 놀사람이야 엄청나게 머리좋은사람이다 사기꾼이라고? 내가 볼땐 말이지 미국이 북한 폭격하지않은건 허경영때문이야,0.0,99.19,0.81,부정
이낙연총리님 모든면에 존경합니다 가짜뉴스에 신경쓰지마시고 이총리님 생각대로  소신대로 국정에임하여주시기바랍니다.,0.0,98.38,1.62,부정
딱이세요,30.68,40.16,29.16,부정
좌파는 악마라 생각하지만 니가 문재인보다낳다,0.61,79.86,19.53,부정
총리그만두면  뚝떨어지겠네^^^^,0.01,98.87,1.13,부정
이낙연 간첩 북한 지시 팔로우로 받네,0.01,99.55,0.44,부정
이낙연이 무얼 잘했는데   그냥 남듣기 좋은소리만 하드만    허수아비.  다시 김진표 해라.  나라경제가  개판이데  제발 정치다운 정치  한번도 보지몾한새로운 나라 말고   국민이 잘살수있고 예상가능한 나라에서  살고싶다 박그네의  창조경제와 문재인의 나라다운나라   나는 이둘을 구분하기. 힘들다,0.0,99.49,0.51,부정
제머리 생각에는 문재인탄핵 문재인하야 중에 문재인은 하야를선택할꺼라 생각합니다  문재인은 하야!하는게더 현명합니다문재인은 이미 나라에 주권 자유민주주의를 훼손하고 포기한  문재인입니다 나라에주권 마져포기한 문재인대통령뿐입니다~따라서  내일이라도  깨끗히  황교안대표님에게정권이양하고문재인은물러나면나라에주권자유민주주의 복원이 바로 됍니다   문재인 하야!하면  대한민국 이 어느정도는 용서해 줄꺼라생각합니다~나라사랑합시다~,0.0,82.22,17.77,부정
항상 모르겠다고 일관하는 모르쇠총리,0.01,99.36,0.63,부정
ㅋㅋㅋ 대한민국 총리가 북괴 대남 선전매체를 통해 로동당에서 지령 받고 ㅋㅋ 역씨 문재인 정권이닼,0.07,51.06,48.87,부정
문재인 이 만드는 나라  우리 나라 좋은 나라,0.01,75.44,24.56,부정
그동안 이낙연과 정부가 북한지령 받고 움직였나 그래서 퍼줄려고 환장을 하는건가?,0.74,97.09,2.17,부정
총리가 간첩?,0.01,97.61,2.38,부정
문재인이나 찌르지,0.0,96.5,3.49,부정
임기내내 북한의 핵보유를 알게모르게 도와주는 대한민국의 위인 문재인!,1.44,86.5,12.06,부정
이낙연이  문가  따까리  노릇  제대로 하고  있네   밀실 야합해서  불법으로  예산 통과시켜 놓고  이제와서  부수 법안   처리해  달라고?   불법으로  통과시킨 예산  무효화 하고  정상적이 절차에 따라   부수법안  먼저  처리하고   예산안을  다시  심의하라,0.0,99.15,0.84,부정
"이낙연이 뭘했다고. 차기 대선주자냐? 이 썪을 전라도 악귀들아(탈라도는 열외), 올해만 455% 조선족 폭증시켜. 조선족 200만명시대를 연게 자랑스러워서? 전라도 니들은 민족의 원수들이다.",0.0,99.17,0.83,부정
아... 이분 뭐하시는 분인가요 ?? 거의 최순실급이네 ... 더불어민주당 실세에요? 기가막히네 ... 아 정말 .. 유시민은 공지영의 발바닥 때네 ...,32.39,64.34,3.26,부정
오세훈 오세훈 오세훈 승리 이낙연 아웃ㅡ,14.08,60.17,25.74,부정
대한민국 총리가 종북단체 팔로우?,2.92,64.66,32.42,부정
정말 멋진 분.,25.64,48.43,25.93,부정
이낙연은...우리민족끼리....남조선 특파원. 또는 간첩,0.0,99.45,0.55,부정
이말은 황교안은 극우일 뿐 보수가아니고 이낙연이 진짜 보수란 말이다,1.52,63.49,34.99,부정
빨갱이총리네 진짜 큰일이다대한민국,35.13,59.5,5.37,부정
"ㅋㅋㅋ 총리는 북한 사이트 팔오우 하고, 대통령은 북북 거리고, 법무장관 청문회 하던 놈은 사회주의자라고 커밍아웃하고... 이게 나라냐??",26.87,61.2,11.92,부정
이낙연이는 나라의 지도작 감은 아니야 얘가 잘하는건 조문이야 조문총리 대통령돼봐라 사고가 많이나서 조문 대통령이 될거야,0.0,72.19,27.81,부정
문재인이 에게 물어봐라 ㅡ 좆불을 들든지 햇불을들고,0.0,99.22,0.78,부정
문재인 정부의 인사들은 이런 인간들이 넘쳐난다는 사실을 알아야 된다.,0.0,99.78,0.22,부정
"민주당출신 대쪽언론인vs공안검사 출신,
최장수 총리vs탄핵정부 마지막총리,
카투사 군필vs두드러기 미필,
노통탄핵시 소신투표vs죄순실의 꼭두각시",0.16,99.45,0.39,부정
이낙연 대 황교안 누가 승리할까.,0.0,82.54,17.46,부정
총리님 jtbc 같은데 나가지마세요,0.0,98.93,1.07,부정
참 말을 잘 하시는것 같다 할 말을 정확하게하고 불필요한 논쟁은 일으키지 않는 언변 그래서 더 신뢰가 간다 차기 대통령 서건 황교활과 이낙연 총리님의 tv토론 기대된다  이낙연 언변에 황교활 멘붕 올듯...,0.0,80.91,19.09,부정
이낙연 총리. 전남 영광 출생. 서울대 법대 출신. 카투사 병장. 기자생활. 왜국 특파원. 4선 국회의원. 군면제 담마진아. 병장님께 개기지 마라.,0.0,94.56,5.44,부정
언제나 신중하시고 온화하신 총리님!!! 항상 따뜻함이 느껴져요!!! 응원합니다!!!,0.25,86.92,12.83,부정
대한민국 역사상 최고의 총리. 더 큰 일도 하시길...,0.56,70.87,28.57,부정
"'이니 ♡ 여니'
문재인 대통령에 이어 이낙연 총리-
개혁과 민주주의 발전의 의지 앞으로 쭉-",0.0,54.79,45.21,부정
"두분의 품격있는 대화. 멋지네요^^
이낙연을 응원합니다.",0.43,79.22,20.35,부정
정치인의 품위를  보이신 이닉연후보 지지힙니다,33.09,57.28,9.63,부정
"이낙연  총리님
참 편하고
유머러스하고
지적이며  낮은자세고
최고의  지도자감",0.0,52.74,47.26,부정
응원 합니다  이낙연 총리님 ~,0.01,52.59,47.41,부정
이낙연 총리...정말 무겁고 듬직하다..,0.0,92.11,7.89,부정
"이총리의 언행이  겉치레가 아니다는
사실을  확인하셨으리라  믿습니다 ~",0.08,65.44,34.49,부정
"이낙연이 장난 아니네~!

와... 쎄다~",0.0,99.34,0.66,부정
20대대한민국 대통령 황교안당선  문죄인은 교도소입소,42.25,43.53,14.22,부정
현직 총리가 미디어를통해 총선 출마한다는게 정상적인일인가??,1.79,96.44,1.77,부정
"손석희 앵커가 떠나신다는 말씀을 듣고 더이상 사양
해서 안 되겠구나 판단해서 나왔다고 말한 이낙연 총리",0.0,92.7,7.3,부정
황교안보다 10배는 훌륭하신 분...,0.06,89.22,10.72,부정
"정세균-이낙연
한국 정치 최고의 스왑이다.",0.1,63.56,36.34,부정
사람이 참 안정감있고 고급지다. 손석희도 이낙연도.,0.51,90.66,8.83,부정
참 멋진분 이런분이민주당 차기대선후보라서 좋타,1.14,50.52,48.34,부정
총리님 거길 왜 갔나요. 지지자들 실망하게,0.0,95.64,4.36,부정
"이낙연 총리가 종로로 확정된다면 

자한당 황교안은 비례뒤로 숨고

홍준표는 종로는 피할거고 

김병준이 둥 떠밀려 나올 확률 100%

김병준은 종로에서 장렬히 전사 한 후 그 이미지로 대선을 노릴것이다.",0.0,98.27,1.73,부정
"이렇게 점잖고 소신있고 센스만점인 총리는 첨이지요, 
대통령감으로 손색이 없습니다. 지지합니다.",8.27,81.45,10.28,부정
보니까 손석희가 약간 이낙연 총리님 멕이려는 질문 쫌 하는 것 같고... 실용적 보수 이런 실언하는 포인트 보면 쫌 오바한 감도 있는듯... 그러고나 말고나 이낙연 총리님은 청산유수~~~^^*,0.0,51.02,48.98,부정
"제가 볼땐요... 이재명지사님과 이낙연총리님 포지션이 비슷해서요...

두분다 멋진분이라 누구를 선택해야 할지 고민가네요?

차이점이 있다면

이낙연총리님은 톤이 베이스고, 이재명지사님은 톤이 테너~

ㅎㅎㅎ",0.0,65.4,34.6,부정
"이 사람 대통되면 세금폭탄 때릴꺼 같다 ㅋㅋㅋ
공무원 공화국 ㅋㅋㅋㅋㅋ 더불어공산당",20.18,67.93,11.89,부정
역시 우리 총리님^^ 개운해.,0.31,96.88,2.81,부정
"""이낙연의 사람이 없는데?.....""
손석희씨
왜?  첫 질문에 그런 걸 묻지?
저의가 뭐냐구~!
손석희는 역시 변절했네.",0.58,56.83,42.59,부정
"이상한 방송사,이상한 앵커,보수 이낙연.",1.33,69.59,29.08,부정
"이낙연의 여유로움
손석희는 왜 불안해 보이는거지?...",0.01,96.6,3.39,부정
민주당은 총선용 자리인가?,0.1,99.13,0.78,부정
jtbc나가지마세요 총리님,2.19,86.44,11.37,부정
"손석희 이미지 세탁하려고
이총리 모셨냐",0.64,78.95,20.41,부정
이낙연은 무조건임,0.01,92.3,7.69,부정
"총리시절 국민의 실생활과 가장 밀접한 
주택 버블에 대해서 만큼은 실책...
제대로 실태 파악도 못했고 대책 없었다고 봅니다.
그래서 무조건 지지 뭐 이런식의 신뢰는  어렵네요.",0.0,96.91,3.09,부정
"이낙연 총리님 그간 고생 많으셨습니다.
지금까지도 앞으로도 응원 합니다.

인터뷰 중 말씀하셨던 실용적 진보주의에 관하여
사례 아닌 사례를 말해줬는데

2보 전진을 위해 노력하다 1보를 전진 한 후 2보는 상황에 따라 오른쪽 또는 왼쪽으로 상회 할 수 있는?
뭐 그정도로  해석 할께요.

총선 출마 하시면 공약으로 보여주실꺼라 믿어요. 
그 지역 유권자는 아니지만.

이낙연의 사람이 없다는게 너무 좋습니다.
있겠죠.  지금은 없어서 좋다는 겁니다.

건강 잘 챙기세요.",0.0,82.91,17.09,부정
이낙연 총리님을 통해 대한민국 국민인것이 행복하고 기쁘고 자랑스러운 날이 오기를 댓글에 무슨 힘이 있겠느냐만은 염원해봅니다,0.0,73.2,26.8,부정
"이낙연이 실용적 진보주의? ㅋㅋ 이번 정권 들어서서 실용적 진보주의의 사례가 하나라도 있었나?
얼렁뚱땅 정책 던졌다가 수습한다고 반에 반쪽짜리 개혁이 되거나 악영향만 준 게 대부분이지
실용적이지도 않고 진보적이지도 않은
80년대 주사파 운동권 정부잖아?",0.0,99.51,0.49,부정
문재인 독재정권에 있었던 인간은 안뽑는다. 시진핑 독재정권 흉내나 내는 독재자들,0.0,99.84,0.16,부정
종북 공산주의자 총리,0.01,94.66,5.33,부정
"이낙연도 문죄인의 비리를 알고 있었다고 본다,,,   같은  범죄자에  해당한다,,,

처벌 받아야  한다,,",0.0,98.95,1.04,부정
어이...문재인개야...왈왈왈.이낙연씨...문재인개는개다...개는...개답게놀아라...ㅎㅎㅎ.아개야.,2.52,56.18,41.31,부정
"넘 좋으신 분이시네요
총리로서  모습감사합니다",2.64,85.27,12.09,부정
이낙연 괜춘은 인물인줄 알았는데 좌빨인사드만 나라가 온통 좌빨과 대깨문들이 설치니 큰일 이로고,0.0,99.66,0.34,부정
"이낙연이도 감옥갈 날 얼마 안남았다.
나라 경제 망치고 간신 노릇한 꼴이 어찌되는지 보라.",0.0,99.42,0.58,부정
이낙연 고향  전라도에나  가서 해먹어,0.0,99.75,0.25,부정
"이낙연 대권출마 ?
골때린다 정말인재없다
🐕나🐂나  대권출마
옆집 개똥이아빠도 대권출마하라해야겠다",0.0,99.78,0.22,부정
총리하신 분이 또 국회의원을 하고 또 차기 대선 후보로도 나갈려고 발부등을 치니 과연 좌파들의 권력욕은 북한 김정은의 독재 권력 집착만큼이나 집요하고 무서운것같다 쯔쯔쯔 저러니 정치 개혁이 뒷걸음질만 치는것이다. 대한민국 마크롱같은 젊은 정치 신인이나 마하티르 말레이시아에서 총리같은 노회한 지혜로운 정치인이 절실히 필요하다 😥에휴~~쯔쯔쯔  나라꼴이 웬 빨갱들 홍어 냄새만나니...썩은내가 진동을 한다 😤😨😱❎🇰🇵🇼🇸👎,0.0,93.45,6.55,부정
"총리까지 하신분이...ㅉㅉㅉ
명예로운은퇴를 모르시네",0.01,99.72,0.28,부정
"차기 갑시다.
믿고 찍어주는 이낙연.",0.19,76.67,23.14,부정
"이낙연도 좋고

정세균도 좋고

박시장도 좋고

김경수 지사사와 이재명 지사도 재판에서

반드시 살아오셔서  민주당이 더욱 흥했으면 합니다..

아 물론 당대표 이해찬의원 원내대표 외유내강

이인형 의원님도 역대 최고..

더불어 민주당은 어벤져스네!!",0.0,74.57,25.43,부정
손석희 속으로 같은 기자출신이라 잘알겠지 이인간 낙하산으로 총리되더니 목소리깔고 이미지메이킹하는거보소 ㅋㅋ 알기때문에 그게 표정과 말투에서 좀 냉소적으로 나타나는 모습이다 기자는 기자하고 정치인은 정치하는거지 기자가 대통령 하겠다고 나대는게 대한민국이 망조들었다는 징조지 문재인 황교안 이낙연 이 셋은 같은과야 그리고 한국은 좀 유머러스한 대통령이 나와야 국민들이 스트레스를 안받아,0.02,78.11,21.87,부정
"이낙연은 노무현정부때 고건과 같은 활용목적으로 본다.
문 떼거리거 옹립 시켜줄거란 망상은 빨리 버리길
욕심 부리면 이재명, 안희정 꼴로 간다.",0.0,99.35,0.65,부정
빨갱이색끼,8.62,91.02,0.36,부정
문재인도지겨운데,0.0,97.96,2.04,부정
"이낙연 보다 이명박이 훨씬 낫다~
진심",0.0,65.49,34.51,부정
최고였던 이낙연 총리님,0.0,57.64,42.36,부정
딸랑 이낙연,0.0,96.42,3.58,부정
"저  또한   총리님님   만난것이   행운   그 자체입니다    서민을   챙기시는  맘  최고입니다
대.통되시어    국민을   챙겨주시길
강력   지지  합니다",0.1,79.89,20.01,부정
"이낙연 내년엔 
     문재인에 반기를???",0.0,89.17,10.83,부정
"유유부단한 이낙연이가
대통령 출마한다고
개가 웃겠다...",0.57,87.12,12.32,부정
"이낙연  총리는 외모,  언변,  무게감,  진솔함 ,  인격등 기타  
모든면에서  타  후보자들을 압도한다!
적절한  유머와  인격이  무엇보다  두드러 진다!",0.0,98.28,1.72,부정
"한마디 한마디말이 
무게가 잡히고 믿음이가는 
이낙연 총리
게슴츠레  술취한 듯 
야비하게생긴  황 교활 하고 
비교 자체가 넌센스",0.01,52.01,47.98,부정
"우리 총리님~!!참 훌륭하셔요~!!
오랜동안 지켜보지만 너무 고맙고 푸근한 존재!!
내년 총선후 더 많은 꿈을 만드시고 펼치시길...",7.14,72.62,20.24,부정
"아주 진중하고  믿음직스러운  지도자  이십니다.

이낙연총리님.",0.0,89.5,10.49,부정
"듬직합니다 ~~
전통주 막걸리 처럼 정이 넘치는 총리님",0.31,87.81,11.88,부정
"하나같이 믿음직 스럽습니다.
이낙연 총리 하면 떠오르는 게 서민적.
응뭔하겠습니다.",0.02,56.87,43.11,부정
"차기 유력 주자로 이재명과 이낙연이라... 
이재명은 확실한 자기 정치색이 있다.  
내편이 확실하게 있다는 것은 분명 장점이다. 
이낙연은 아직 모르겠다. 
총리직은 참 잘하셨다. 그러나 자기 정치색이 있는지 그저 공무원처럼 일을 잘 처리 하시는 건지는 모르겠다는 말이다.
지도자는 물론 일도 잘 해야 하지만,  일만 잘해서는 안된다.  
지도자는 미래 비전을 보여줘야 한다.  
국민들로 하여금 꿈꾸게 할 수 있어야 한다. 
이낙연 총리님께서 2년 내에 국회에 들어가서 국민들로 하여금 희망을 품을 수 있게 할 수 있을까?",0.01,63.31,36.68,부정
뭐니 뭐니 해도 우리게 최고여 다음 대통령은 이낙연,0.0,99.64,0.36,부정
이낙연 이 인간도 알고보면 예스맨 일뿐이다. 그런데도 무슨 대단한 국무총리라도 되는양 떠드는것들 정말 한심하다. 그런 국무총리는 누구는 못하겠냐.,0.0,99.83,0.17,부정
이낙연 총라=포근한 이미지=막걸리 맛,0.02,99.3,0.68,부정
"이낙연
꼭두가시질에다
못하는연기사느라
고생했다
부끄럽겠다
원치않는
쑈하느나
아직늦지않다
부엉이바위
어드메있는지알쥐
고추는
떼노코 가그라
추한인생
워미터불",0.0,99.68,0.31,부정
우리 막걸리 같은 대한민국 최장수 총리님.,0.79,93.15,6.06,부정
그냥 총리 연임하시오 자기자리에 있어야지 어딜가,1.85,91.06,7.09,부정
"진즉에 야당과도 그렇게 소통했더라면
문재인대통령보다 더 큰 역할 했을텐데..
음주정치라도 했었으면..",0.55,77.15,22.3,부정
"기레기들...

또 시작한다. 

일단 이미지 부터 컷하면서 이것저것 불협화음 기사 쓰고 황교안 안철수랑 비교해서 

이낙연총리 깍아내리고 적폐들 띄워주고

몸풀기 하냐?",0.03,84.2,15.77,부정
"이총리님 수고하셨습니다.
부드러운 카리스마로 토착왜그들  혼내실때 정말 멋있었습니다.
건강과 축복을 기원합니다.",0.08,54.39,45.53,부정
"총리재직할때나인기있지떠나면인기뚝,저의장이 총리수락한건 대통령되기위한꼼수..차기대통은 정의장..",0.0,99.73,0.26,부정
"인품이 훌륭하고 약자를 잘 돌봐주는 사람이 대통령이 되어야 한다. 
국민에게 감동을 주는 총리는 이낙연이 처음이다.",0.01,81.55,18.44,부정
이낙연 믿음이 간다.대선 출마하시면 5표는 드릴게요.,0.0,74.43,25.57,부정
"이낙연 눈치 백단
한게 뭣있는가?
생각나는 것은
원전 폐쇠
국군 무장해제 
방어시설 해체 통한 김정은에게 충성 
외교/경제/사회제도 다 망가뜨린 역사의 대역 죄인  
그 앞잽이 이낙연 아닌가?",0.0,99.69,0.3,부정
"나는 우리나라 총리가 누군지 모른다.
청와대 비서관은 알아도 ㅋㅋㅋ.
이제 총리 없애다.
처수아비 총리 필요한가.",0.0,58.88,41.12,부정
"수저총리.
그냥 수저만 놓으시면",0.79,55.8,43.42,부정
"총리님은 겁나 좋아하지만
막걸리는 나랑 안맞어요.
완전 맛감 ㅋㅋ",0.0,99.77,0.23,부정
"총리는 현시국  책임지고
사퇴하고  내년 총선  나오지마라
나라가  이게 뭐꼬??",0.03,98.34,1.63,부정
"소탈하면서도 품격이 있는 모습 너무 좋습니다
이낙연 총리님 앞으로 민주당, 문재인대통령 위해 많이 애써주세요",0.03,63.58,36.39,부정
총리로서 세월아 네월아 막걸리만 처마시다 이젠 국개2원하겠단다....ㅍㅎㅎ,0.0,99.62,0.38,부정
"이낙연 총리님은 
낮에는 막걸리
밤에는 여자끼고 
시바스리갈 
마시던 
그런 다까끼가
아니시다",0.0,98.76,1.24,부정
이총리 한것있습니까 청와대 꼭두각시 국민위해한것 뭐잇나요 좌빨  졸졸졸 헛수아빙,2.0,78.32,19.68,부정
"그 대통령에 그 총리!!!
넘 행복합니다",7.83,49.41,42.76,부정
"총리는 

청와대 벨보이

선출직도 아님.

그래서 

대통령 유고시에도

민주적 정통성이 없음.

이낙연은 

쓰잘데없는 한직 식충노인네.

거짓말도 곧 잘 함.

윤석열이 대통령에게 

조국 반대한다고 

항명했다면

다 기록됨.

능구렁이 식충 노인네.

총리직은 없애야 함.",0.0,99.72,0.28,부정
문재인보다 더한 사기꾼입니다,0.01,87.99,12.0,부정
"미친 기레기야
넌 자유당 편이지
조중동이 하는 일이란
국민 분열이다
정세균 고뇌에 찬 총리 찬성
높이 평가한다
이낙연 종로 출마하면 무조건 밀어준다
자유일본당 즉결처분을 위하여",34.53,56.67,8.8,부정
"이낙원 총리가 무섭긴 한가 보다..
조중동이 이리  나서는 걸 보면..",1.07,54.73,44.2,부정
"민주당이 역대 여당 중 가장 국정운영을 못했다??

그럴수 있다...
근데 이 모든게 민주당의 잘못이다??
미친 ㅅㄲ들마냥 날뛰는 한국당은 눈깔에 안보이나 보다...
지금의 야당이란 놈들이 비협조만했어도 문제 제기를 안하겠는데
사사 건건 자신들이 갖고 있는 권력으로 방해를 하고 있다...

일본을 등에 업고 현정부를 공격하는 놈들이다...

난 한국과 일본 중 한국을 선택할 것이고
무능과 광기 중 차악인 무능을 선택하련다...",0.01,98.78,1.21,부정
이낙연총리 금수상관격으로 많이들 보던데 내년에 경자년이여서 별로임. 출마 힘들지 않을까 예상됨,0.0,99.14,0.86,부정
낙연아   그냥  믄등이 임기때까지    총리해라,0.09,82.35,17.56,부정
"이낙연 출마문제는 어려운 문제가 아니다
어차피 총리 퇴임하고 선거에 나오리라는거는 국민이 다안다
이것을 훼방놓으려고 야당이 국회인준 미룬다면 국민이 다알기 땜시
그냥 사퇴하고 부총리 대행하면 된다(이떄 문통이 국민꼐 어쩔수없는 상황에 대해 양해한번 구하면 됨)
국정보다 선거가 중요한거냐고 트집잡는건 발목당의 전유물이다
야당이 그렇게 국정이 더 중요하면 총리인준 서둘르는게 정상아닌가?",0.0,99.78,0.21,부정
이낙연  이넘도  씨레기 집단에  한몫 제대로 했지를,0.0,99.47,0.53,부정
"이낙연도 비리많은사람인데
왜 언론에 안터지는거지?",0.0,98.74,1.26,부정
이낙연... 참 무서운 빨갱이! 문재앙 손잡고 지옥에가라,0.0,99.53,0.47,부정
민주당은아웃이다,0.02,98.53,1.44,부정
이총리님 춘천에가서 ×진태좀 봐주세요~~국개의원중 에  꼴불견중에  꼴대~^^,0.36,88.8,10.84,부정
ㅋㅋ 토왜당 원숭이들은 이낙연 총리의 종로 출마를 막기위해 정세균 후보자 인사청문회를 방해하겠네. 역시 비례토왜당 클라스~ 부끄러움을 모르는 토왜당 원숭이들  ㅋㅋ,0.03,78.12,21.84,부정
"이낙연 총리의 사퇴는 정세균후보장의 국회인준과는 별개이다 
만일 정세균에 대하여 인준이 불발된다면 총선에서 심판을 받을 것이다 
그리고 총리의 인준은 국회가 의결하면 되는 것이므로 인준이 어려운 것도 아니다",0.0,95.11,4.89,부정
총리직에서내려도 인기가 유지될까,0.0,95.52,4.48,부정
이낙연이 대통령되면 외국인 불체자들 엄청들어올거다.조경태의 질문에 확답을 안줬지.   기회만 엿보는 거같다.,0.0,96.81,3.19,부정
이낙연총리는 본인은 지역구 우너하겠지만 비례로 가서 전국을 지원해야한다.,0.0,92.48,7.52,부정
총리 청문회와 인준투표 지연작전으로 출마봉쇄?,0.0,99.54,0.45,부정
별문제도 안되는걸. 그냥 사임하시고 지역구에 나서면 되지. 정세균총리는 4+1이 국회인준 안해줄 명분도 없는데,26.22,72.57,1.21,부정
이낙연총리는 그냥 사퇴하면 된다. 국민이 그거가지고 뭐라 하지 않는다. 그저 기자와 언론사 적폐세력들이 이낙연총리가 선거에 참여해서 민주당에게 유리하게 작용하면 안된다는 심정이 반영된 기사로 읽혀진다. 택도 아닌거가지고 말을 만들려고 하는 언론사의 행태가 이제는 안쓰럽기까지 하다. 고마해라 마이묵다 아이가...,0.0,60.41,39.59,부정
"이낙연  총리는  황교안과  붙고  싶지만
황교안이  과연  ok할까?
이낙연  총리에  비하면  황교안은 한참  떨어지지~~
비교가  민망하지  않나?
아마 황교안음   결사코  피할거다~ㅋㅋㅋ
누구보다  본인이  알고  있으니
게임이  안되잖아~,ㅋㅋㅋ",0.0,63.35,36.65,부정
"중앙아....니들이 이낙연 총리 총선을 왜 걱정해주냐? 이총리가 종로아니면 나올곳이 없는것도 아니고......
정세균총리 인준안되면 그냥 종로출마하라 하고 잠시비워뒀다가 추미애법무가 검사 몇명 날릴놈 날리고 나서 총리하면 되겠네 ㅋㅋㅋ",0.01,98.11,1.88,부정
"민주당이 야당일때 가관이었지.
안대희가 몇달간 받은 수임료가 많다고 트집잡아 낙마시켰지. 문창극은 발언 몇개 문제 삼아 낙마 시키고.
조국 등 이 정권 지명자 들과는 비교도 안되는 사유를 가지고.
이 정권의 부동산 투기를 잡겠다는 것 하나만 맘에 든다만 이것도 제대로 못하고 집값만 올리고 있으니 제대로 하는게 뭔가?",0.01,99.58,0.41,부정
"별 미친 쓰렉.
제목을 이따위로 뽑으면 이낙연총리가 선거법 위반했는줄 알까봐?
고화리나 나경원이돝이따위로 뽑아봐라",0.0,74.77,25.23,부정
민주당50%넘기면 다 해결된다,0.01,97.68,2.32,부정
더불 꼼수당 망했다.,0.05,91.2,8.75,부정
"이낙연이 이런 치는
정치 안 하는게 나라의 복이다",0.0,98.64,1.36,부정
"기레기는 정총리 후보자가
안되는것에 작전짜고
하는거네",5.51,61.57,32.91,부정
"총리 일을 부총리가 대신하면 되지!!!
대통령도 권한대행을 황씨가 했는데!!!!",0.0,83.74,16.26,부정
"""이낙연 동생 취업 후 관급 공사 대거 수주"" ...조만간 이너마도 털아야 한다 ...지금 대한민국은 쓰레기천지 ...누군가는 청소를 해야함",9.54,64.58,25.88,부정
"월욜 아침부터 그렇게 느그들  간절한 바람을 써놓으면 쓰나!!!
이낙연총리가 무섭긴 한가보네~~~~",0.02,84.53,15.45,부정
이낙연도 결국 조국 이재명 안희정  처럼된다  빨갱이들공작정치는 상상그이상이다,0.0,99.68,0.32,부정
허수아비총리하느라팔다리가아프니좀쉬어도된다 계속문빠시다바리할건가,9.09,56.36,34.55,부정
"이낙연이 사람이냐
멍뭉이만도 못한 빨개이 부역자",0.0,98.79,1.21,부정
"중앙기레기색기야!~
박근혜시절의 총리나왔던것들과  이낙연총리를 비교하는게냐? 
어디 쓰레기들과 이총리를  비교하니,  그러니 기레기색기라고 하는게다..
대가리에 들은게없는,  받아쓰기잘하고, 컨닝잘하는 기레기~~",0.0,73.92,26.08,부정
"'이낙연 동생' 이계연, 삼환기업 대표직 사의… '왜?' 여기도 털어야한다 ..월래 아닌척 하면서 뒤로 호박씨 까는 넘들이 더 무서운겨 ....",0.32,97.84,1.84,부정
"이낙연이는 밥은 안먹고다니나
목소리가 매일 죽만먹고다니는놈같아
어리버리 해 ~",0.01,99.5,0.49,부정
"이낙연은 우리민족끼리 팔로우 하신분이다..

대깨문들아..열심히 싈드 쳐줘라..
느그들이 좋아 하는 친북중에 친북이다.",0.0,99.27,0.73,부정
"이낙연이가 어디에 출마하든 관심없다
문재인 똘마니 이니까  시키는대로 할텐데
신경 안쓴다
대표 꼭두각시",0.0,99.71,0.29,부정
함 붙자 황교안 10% 득표에 만원 건다! 이낙연 총리 승리에 십만원 건다 한일전 승리위해 토착왜구 섬멸하자!,0.03,54.7,45.27,부정
지나가다 웃고 갑니다 ㅎ 이낙연총리랑 맞상대 해봤다는것 만으로 황씨는 가문의 영광이라 해도 될듯요 ㅎ,1.14,49.82,49.04,부정
ytn 무식아!!! 뭐가 빅매치???!!! 한국민에게  아직은 도덕과 양심 정의 질서가 살아있다! 이낙연과 황교안이 게임 되는 얘기냐???!!! 차기 대권자는 당연 이낙연!!! 그러니 총선에도 당연 이낙연 승리!!!,0.01,53.09,46.89,부정
종로에 이낙연이가 출마한다면 황겨안이가 출마할 것으로 생각하는 자체가 황교안을 너무 모른다. 절대 황교안은 이낙연의 출마지엔 절대 나서지 않을 것이다. 지난 수십년간 기회주의자와 아부주의자로 살은 자가 공평과 정당한 대결을 펼친다는 것을 있을수도 없는 일이지 않는가? 황교안을 너무 높이 평가하는 것은 매우 심각한 오류다.,1.07,83.17,15.75,부정
"이낙연과 황교안 ㅋㅋㅋ
드디어 황씨 정신나갔군",0.0,92.08,7.92,부정
이 총리님 속으로 기뻐하실 걸,3.56,58.15,38.28,부정
교활이가 나오겠냐 상대가 이낙연인데,0.71,57.02,42.27,부정
이낙연과 황교안?   사랑과 짐승!  그냥 웃는다.,0.0,92.32,7.68,부정
이총리교안이랑붙어서찍소리도못하게개박살내주세요 어디감히!,2.34,82.18,15.48,부정
이낙연 총리에 한표,0.0,66.6,33.4,부정
절대루  민주당   뽑아서는  안된다,27.63,46.03,26.35,부정
"친북좌파이낙연이는   황교안대표의 상대가
안된다
친북좌파간첩문재인정부에서 이낙연이 최장수총리를 했다고 해도  이사람이 총리로
있을 동안에는 한국경제는 역대정부중
최악이고  남북관계도 최악이었다
그런데  총리를 장수햏다고 장점이 되냐
역대정부총리중 최악이고
황교안대표의  상대가 안된다
그렇게 최악의 북방정책과 최악의 경제성적표를 기록한 총리가 역대정부에 있었던가
이사람을 총리로 기용한것은 최대의 패착이다
문재인과  이낙연이  이자들은  동네이장
감도 못된다
그런데 무슨 대통령후보라니 소가 웃겠다",0.0,62.02,37.98,부정
"이낙연이 대선을 삶은 소대가리가 웃는다
이낙연 은 북에 다퍼주고 의혹 투성이인
조국을 두둔하고 능구렁처럼 해서.....

문죄인이 나라를 적 같이 만들떼
이낙연이 말리지 않아서 책임이 대단히크다
낙연이 든든하게 한것은 없고

좌빨 기레기 언론들이 지지울 높이려
좋은 이미지의 기사만 2년반 씩이나 썼다

반대로 황안은 뭉가집단이 나라를 적같이
못만들게 막기만 했으니 최고의 애국자다

황대표만 기업을 살리고 국민을 살리고
나라를 살린다 ㅡㅡㅡㅡㅡㅡㅡㅡㅡㅡㅡ",0.0,98.98,1.02,부정
"무슨 빅매치냐?
황이 이낙연총리에 상대가 안되지
유치원생과 대학생싸움~~ ㅋ",0.01,80.6,19.39,부정
이낙연  빨갱이다  전남가서  무엇이든  그쪽에가서  살어라  빨갱이는  전남으로가라,0.0,99.7,0.29,부정
이낙연의 압승 예상.,0.0,82.34,17.66,부정
당연히 이낙연 이 이기지,2.16,65.16,32.68,부정
"나연수 기레기에게 묻는다

그대는 진정으로

황교활이 이낙연 총리의 상대가 된다고 생각하며 쓴 글인가?

만일 그대가 진정으로 그런 생각으로 쓴 기사라면

그대의 수준은 초딩보다 훨씬 더 아래임을 스스로 증명하는 꼴이다

짐승을 사람하고 비교하는 것은 인간의 존엄성을 모독하는 것이다",0.0,75.14,24.85,부정
"이낙연 총리를 상대로 게임이 되겠나?
황씨 하는짓 보면 절대 종로 안나온다..
차라리 비례 안정권 가지..ㅋㅋ",0.0,97.78,2.22,부정
기자양반 자꾸 이딴식으로  황씨 띄워줄거요? 어딜 감히 이낙연총리님과 비교를 하시오??  정신 똑띠 차랴서 기사쓰쇼,0.02,67.13,32.86,부정
트럼프 공화당 대선후보 16명중에 꼴찌였다 소수점 지지율로 시작해서 힐러리꺽고 대통령까지 된거지 그때 미국언론은 90프로 힐러리가 된다고 봤어 모든 언론은 트럼프의 적이였고 난 허경영이 20대 대통령 될거라고 보고있다 대선에서 이낙연 황교안이 아니라 허경영에 몰표나올거라고 본다 tv토론에 출연해서 저둘과 붙는순간 대한민국 뒤집어져 내공이 달라 30년간 완벽하게 준비된 사기꾼이라고 언론에서 심어논 이미지를 스스로 어떻게 깨는지 지켜봐 기세눌려서 이낙연 황교안 찍소리도 못할거다,0.01,79.97,20.02,부정
"당근 이낙연이지! 어디 황교활새끼가 덤비노???? 입을 확마
...찢어불라",0.02,99.91,0.06,부정
같은장소에서 이낙연 황교안이 유치하게 기호1번 2번 하고 선거송틀어놓고 유세할때 허경영이 콜미 롸잇나우 틀고 등장하면 누가 저 사람들 유세를 봐 싹다 허경영한테가지 허경영 트럼프같은 폴리테이너가 그렇게 무서운거다 머리에 각인이 되버렸거든 콜미 허경영 하고 저놈이 무슨말하나 호기심에 허경영 유세장소로 몰려간다니까 누가 이낙연 황교안 유세를봐 안봐도 뻔한걸 호기심과 코믹이라는 요소 도 그렇고 국가혁명당 창단식 허경영 연설봤냐 이건 히틀러급이야 뒤집어진다 두고보면 알아,1.12,78.63,20.25,부정
"이낙연이야 나가겠지만, 황교안이 그만한 배짱이 있겠어?",0.0,99.57,0.43,부정
"이낙연이는 출마자체가 불가능할거다!
미안하지만 정세균이는 청문회 통과 절대 못할거다.
더미당에도 제정신을 가진 의원들이 전혀 없진 않으니까, 두고 보자구 ㅋㅋㅋ",0.01,99.72,0.28,부정
"황교활인 못나와요.
이낙연총리는 대구정치1번지로 가셔서
나라를 구해주세요",0.01,67.23,32.76,부정
"이낙연의원님은 비례1번
전국구의원으로!!!!!",0.0,97.09,2.91,부정
비교불가,25.86,66.3,7.84,부정
이낙연 한표 가즈아,0.0,99.21,0.78,부정
"어이 황교안이,  종로에 나가서 이낙연이랑 붙어 봐.",2.34,57.4,40.26,부정
"이총리님 나오면 황씨가 나올리가
ㅋㅋㅋ",0.87,76.6,22.53,부정
이낙연 석패율로 당선예상,0.0,94.2,5.8,부정
"이낙연은 선거에 지더라도 크게 잃을게 없지만
황교안은 지는 즉시 정치 생명 나가리일텐데
과연 성사 될까",0.0,99.68,0.32,부정
어거지로  총리하고  개문가와 나라 경제폭망 혈세남발  개 낙연  국민 힘들어디지것다 개문빠 엿이나 쳐먹어라  뭔대선후보  지라 ㄹ  을해라,2.32,83.21,14.47,부정
"이낙연 총리님이랑 한판 겨뤄볼 배포나 되나?
쫄아서 못나오고 비례  앞번호 받는다에
한표",0.0,96.7,3.3,부정
"이낙연 총리님 기분 나쁘시겠다
깜낭이 되는 인간하고 붙여아지",0.0,89.83,10.17,부정
"이낙연이 인기 있다 하지만 다 작품이다
제발 속지마라 빈 깡통 일수 있다
황은 아직 깜도 못되고...
참신한 젊은층이 나서야 하는데 당이 걸림돌이다",0.01,60.64,39.35,부정
응 황교안 지역기반도 없어~ 응 총선에서 낙선하면 바로 정치인생 아웃이야~,0.91,97.1,1.99,부정
"황교횔 종로노,죽사발댈여고 ,이낙연총리,채면이잊지,여주에서 ,70대친구5명이서100만원,걸었소 ,이낙연총리가승리하는쪽의로",0.01,55.4,44.59,부정
"이낙연은 민주당 지지자들에게 엄청난 신망을 받고 있는 사람이고
황교안은 자한당 지지자들 사이에서도 비아냥을 받는 사람 아닌가? 머 해보나마나지 ㅋㅋㅋ 웰컴",0.0,90.89,9.11,부정
"오세이돈이  앞도적으로 발린곳에 황교활이 출마한다고?  황교활은 절대 안나오지  겁나거든
그래도 한번 덤벼봐 종로 탈환한 사람이 대통령이  된다는 전설이 있다  노대통령이 그렇게 종로탈환하고 대통령되고 정세균 총리가  의장도 하고 총리도 됐잖아?",0.69,87.45,11.85,부정
빅매치지.......이낙연 총리님 80프로 득표에 압도적 승리다.....황베 나와!!!,0.03,50.83,49.14,부정
"이낙연 낙선하면 홍ㅡ어들 뭐라할까.😆

부정선거라고 ᆞᆞ특검하자 하겠지ㅋㅋ",0.01,99.51,0.48,부정
이낙연 압승에 백만원 건다,0.0,96.79,3.21,부정
이낙연 승 120 대  빵 ㅋㅋ,0.0,99.13,0.87,부정
"이낙연 대통령후보와 누가  붙을 수있겠나?  

차라리 민주당의  정치 신인과 횡교환과 붙게해서  교환이를  쪽팔리게 만들어야한다.",0.0,98.75,1.25,부정
"이총리님
저 개인데
제가 나갈까요?
교활이는 똥개가 나가도
이깁니다.",0.43,81.37,18.2,부정
"기레기쒜끼들아~
이낙연하고 황교활이 비교할걸 좀 해라~
초다쒜끼야",1.19,86.56,12.25,부정
이낙연 깜도 안디ㅢ는게 어딜 댐비나,0.0,99.39,0.6,부정
"이낙연은 출마해야 맞지만 황교안은 그기 출마 안해 대통령 출마 할것이거던,,,",0.0,99.52,0.48,부정
"이낙연은 경북만 아니면 어디든 출마해도 당선될테니, 지역구 출마할듯
황교활은 경북에서만 당선될텐데 경북에서 출마하면 욕먹을게 뻔하니, 그거보다는 욕 조금 덜먹을 비례대표로 갈듯. 총선에서 개누리 참패로 대표 사퇴가 예정되어 있기 때문에, 국회의원 신분이라도 황교활은 가지고 있어야함. 안그러면 완전 재야인사 되버림. 그럼 전정권 비리 수사에서 보호막이 없어지기 때문에 반드시 비례대표를 원할것임",0.0,99.25,0.74,부정
"당근 황교안 대표님 승리지요
좌파 더불어 범죄당이 상대나 되겠습니까?",8.54,82.34,9.12,부정
황교안은 겁쟁이..절대 이낙연 총리님이랑 붙을 일 없음,0.0,51.78,48.22,부정
"이낙연 60프로 이상
황가 30프로 초반 예상한다.
장담컨데 담마진은 무서워서 못나올거다.
지면 정치생명  끝이고 국정농단.게엄령으로 끌려갈거다.",0.0,99.78,0.22,부정
이낙연  완전 승,0.0,81.2,18.8,부정
"이낙연 총리가 종로에 나오면 황교활은 절대 종로 안 온다.

서울에 나온다면 그나마 자한당에 유리한 강남이나 촤대로 와봐야 용산 그도 아니면 대구, 경북, 충북 그것도 아니면 비례1번.",0.0,98.4,1.6,부정
이낙연이 정세균 땜방하는것도 웃기고 황교안이 당대표인데 선거 나가게되면 자기 지역구도 담당해야하면서 동시에  전국을 돌아다녀야 하는데 그게 가능하냐? 그냥 황교안은 한국당이 선거에서 패하면 자리에서 물러나면된다.,0.0,98.37,1.62,부정
"황교안은 종로 절대 못나온다.
이낙연 총리  무서워서 절대 못 나온다.
자한당에서 정세균 총리 청문회 뭉그적 거릴 거다.
이낙연 지역구 못 나가게 총리 청문회 지연 시킬 것 뻔하다.",0.0,75.16,24.84,부정
"이낙연 총리한테 졌다그래야 덜 쪽팔린거지.
ㅎㅎㅎㅎ
암튼 황교안이야",0.0,71.2,28.8,부정
"이낙연이 나경원 잡으러 갑시다.
동작구에 출마 하세요.",0.0,99.08,0.92,부정
"이낙연 총리는
광진구 가시고 종로는 임종석이가 나오는 게 맞는 거 같다",0.0,82.05,17.95,부정
"민주당 놈들 쓸만힌 인간
한놈두 없다",0.08,99.2,0.72,부정
이낙연은 곧 감방갈텐데 이종찬이  나오겠지,0.0,99.57,0.43,부정
"황교안 승
게임끝",0.13,80.09,19.77,부정
"빅매치는 무슨...
같은 총리를 했었다는게 어이가 없을뿐이지 
비교할걸  비교하자 기레기야",12.59,83.67,3.74,부정
"이낙연 같은분은 험지로 출마하셔야지요

대구 달성구 부탁드립니다.",0.0,62.92,37.08,부정
"기레기야 말은 바로하자
깜이되냐?
이게 빅매치냐?
눈 달렸고 귀있으면 세상을 똑바로봐라
이낙연총리한테 담마진이 쨉이 되냐고!
ㅋㅋ
안봐도 된다
제발 나와라 담마진",0.04,65.43,34.52,부정
종로는 개뿔... 형제와 같이 감방 가야 될 막걸리  전 국무총리 이낙연이다,0.09,91.58,8.33,부정
"빅매치 좋아하네
황용팔이가 이낙연 전총리님의 상대가 되냐
일방적 게임으로 끝날 거다.",0.01,78.56,21.43,부정
"지금 교활이가 발악 하는 이유는
 이낙연 총리가 사퇴 못하게 할려는 교활한 작전이다.

이총리가 종로에 등판 하면
불 보듯이 뻔한 게임이 안되는것, 교활 자신이 너무 잘 알기 때문이다.

그렇다고 교활이 옛동네에 가서 출마 이야기 해봤자
 쪼잔한놈 소리 들을게 뻔하고..

종로 시민 의식을 아시는분 들이면 이해가 될것이다.

교활이 총선에 지면 사퇴하여 변호사 한다고 깝죽 거릴거고 
대선에서 낮바닥 보이지도 못한다.

뒷전에서 어물 오물 거리는 주둥이나 놀리고 있을텐데...",0.01,84.22,15.76,부정
"전라도에서 하는것만 아니면
황교안이 이겨 ㅋㅋ
대한민국사람이면 보수지

내가 독립운동은 못해도
문재인,민주당 탄핵운동은 한다",25.05,63.7,11.25,부정
이낙연과 황교활...급이 다르다...비교자체가 이낙연총리에겐 모욕이다!!! 교활인 대구로  안전빵 갈거지?,0.0,77.16,22.84,부정
"문재인 정권 의 희생타
이낙연  되리라",0.0,68.22,31.78,부정
더불당 후보가 지는날에  정권교체다,0.01,70.77,29.23,부정
"이낙연? 종북매체 우리끼리 구독하다걸린자..
이건 나라 망한증거지..",0.01,99.4,0.59,부정
"이낙연?
느릿느릿하게 말하면서
통박굴리느라 욕 본다만

국민들이 통박굴리는 것을 모르는줄 아는갑다만...
꿈깨셔용 이예?

통박굴리는 인간은 통박으로 망한다는 것을 알어얄게다.",0.0,99.39,0.6,부정
"이낙연은 당이 요청하면 죽어도 나오겠지만
황교안은 확신이 없으면 죽어도 안나올거다
ㅋ 어차피 당대표 1회용, 비례라도 남아야~
(머리깍고 몇일굶고  한데잠자는거 알겄쟈?)",0.01,98.23,1.76,부정
교활아  너 나랑해야 빅매치지  장난하냐   이낙연 구무총리랑 비교를 ㅋㅋ,0.07,51.76,48.17,부정
황씨는 박사모의 지지만 받고 깨어있는 국민은 이낙연 총리 지지~,0.39,85.43,14.17,부정
이낙연이가?  종로에서 낙선된다에  굿,0.0,99.21,0.79,부정
"이낙연하구
황교안하구
붙으면ㅡ항교안대표압승100%이김
이낙연총리해노은게뭐잇음",0.0,66.23,33.77,부정
민주당이 정권 또 잡으면 경제 더 폭망합니다 !,0.01,98.95,1.04,부정
황씨 승,41.4,46.33,12.27,부정
"이낙연...
이제 고만하지..

황교안 대통령이시다

넘 깜이 안되",0.0,98.17,1.83,부정
"문재인씨의30년지기
송철호 울산시장선거의 꼬붕짓으로
울산부시장으로 영전한 송병기 
선거부정전문가의 메모에 적힌
10.13일 !!!
문재인,임종석,송철호는 과연 
무슨짓을 했는지  윤석열검찰은 
분단위로 그날의 3인간의 행적을 
조사하여 처벌하시오.
3.15부정선거 책임자  최인호는
사형당했습니다.
울산시장 부정선거 책임자도
사형시키세요.
이것이  정의요! 공정입니다!",0.0,98.94,1.06,부정
"이총리가 갔는데 정부탓하고 이총리 막고.. 참 한심한 포항사람들..  인간들  수능까지 연기하고 자한당이 질질 끈 특별법도 처리해줬구만. 누가 반대해서 특별법안해줬냐? 정부탓을 한다고? MB가 저지른 일에 자한당이 통과안시킨거지..진짜 너무하네,",0.82,89.58,9.6,부정
"역시~
대통령되실분은 ~~~
인자함이 ~",28.21,45.77,26.02,부정
황교안의 가장 아름다운 모습은 종로에서 이낙연에게 참패하고 국민 앞에서 퇴장하는 것이다,0.0,55.13,44.86,부정
이낙연 종로로 나오면 황교활은 절대로 종로에 안나온다. 왜 말그대로 황교활이기에.  짱구냐 이낙연과  대결하게.,0.0,99.68,0.32,부정
"이낙연 국무총리
종양일보 따위가 논할 존함이 아니다",0.01,83.84,16.14,부정
"황교안
종로출마 안하면 
겁쟁이고 비겁한거지
그럼
꼭 종로에서 한판붙어라
그리고  떨어지골 꼭보자 ~~
내가보기엔    이낙연  꼭 당선된다에
100%",0.0,83.65,16.35,부정
"ㅋㅋ 불출마 101퍼센트
그 간뎅이로 이낙연 총리랑 붙을수 있겟니 오줌 질질 거릴건데",0.01,66.09,33.9,부정
"이 총리는 지역으로 메어둘 수 없다고 보는 사람중 하나..
지지합니다.
경남 아재입니다..",0.45,76.98,22.57,부정
"어디  이낙연하고..
같이 이름올리는 것만도 영광인줄알아라",0.04,95.53,4.43,부정
"쪼잔하게..
종로에서 이낙연 총리와 한 판 붙어봐라..
무섭냐?",45.83,47.3,6.86,부정
"이낙연 vs 황교안.
종로에서 맞짱 떠라.
만약 다른 곳으로 출마 하려거든 국민을 설득할 만한 이유기 있어야 함.",0.0,89.62,10.38,부정
"이낙연과 황교안의 종로에서의 Game og chicken...... 둘 중 한분은 ""종로에서 종료"" 되겠네요.",0.0,97.7,2.3,부정
"교활한쒜  끼 종로에서 이낙연총리하고 함붙어라...
쪽  팔리게 비례대표로 국개  쒜  끼 될라고 하지말고~~~
교활한쒜  끼 니는 종로에서 총리하고 붙으면 씹  창날거같아서 겁막었나???",0.0,77.91,22.09,부정
총리가 대구.경북에 나가도 괜찮을 듯한데.,0.0,98.39,1.61,부정
평범한 시민인 내가 장담하건대 내년 4.15 총선 종로구 선거 결과 이낙연 63.5 : 황교안 31.5 로 끝날 것이다. 즉 황교안의 목숨은 이제 정확하게 4달 보름 남았다는 것이지!,5.56,93.15,1.29,부정
"이낙연이 니는 전라도로 가라..
전라도 하수인 문재인이가 니한테 물려줄거 같나?
문어벙이는 조국이한테..",0.0,98.88,1.12,부정
"총리할땐 국민이 뭘원하는지는 관심도 없고 
오로지  대통령권한대행기념시계와
 자기의전에만 관심 있는 인간이 
지가 필요할때만 국민  국민의뜻대로란다.
국민인 내뜻은 
제발  박쥐같은  너같은 사악한인간을
안보는게 내 소원이다..",0.0,99.77,0.23,부정
"이총리님  주제파악 하시죠

우리국민이  그렇게 만만하지 않아요.....!!",0.9,75.77,23.33,부정
이낙연 고향은 전라남도 영광군이다,0.0,98.19,1.81,부정
"세기의 대결이 되겠구나.
이낙연 80%, 황구 20%로 이낙연의 압승을 단언한다.
쨉이 되어야지.",18.06,46.07,35.87,부정
"이총리님 종로 찍고 청와대 갑시다.
가는 길에 교활한 황가놈은 사뿐이 즈려밟고 갑시다",0.48,80.83,18.68,부정
"이낙연 총리님 더블스코어로
황교활을 이겨주세요~~~",0.0,50.53,49.47,부정
민주당 텃받가서 출마함 좋을텐데......험지중에 험지,0.02,98.94,1.04,부정
"망한정부의총리 황교안. 창피한줄도 모르고 .국민정서도 모르고 친일앞잡이후손들과 놀아나더니 갑질장군 영입ㅋㅋㅋ 반대심하니 슬그머니...
감히 이낙연과 붙어? 딴데가서 조작해야 겨우 붙을놈이?
자한당 내년이면 끝이다 범죄자집단.",0.01,71.52,28.48,부정
아듀 황교안!!,0.17,51.0,48.84,부정
대한민국의 차기 대통령ㅡ이낙연  !!!,0.52,91.84,7.65,부정
"서울출신의 전총리 황교안과 호남출신의 전총리 이낙연!
두사람중에 한사람은 치명상이 될수도 있겠네요!",0.01,73.06,26.93,부정
"하던 말던 관심없지만 만약 나온다면 종로에서 이낙연총리님과 
조기 대선차원에서 한판 붙어라
개박살이란 말이 어떤것인지 종로구민들이 입증시켜  줄것이다",0.0,88.49,11.51,부정
"저색히 비례 안하면 당선 안될텐뎈ㅋㅋㅋ
종로서 함 붙어봐 색히얔ㅋㅋㅋㅋ 
쫄리면 D 지시던짘ㅋㅋㅋㅋㅋㅋㅋㅋㅋ
아!! 이낙연 총리님과 붙어서 져도
쪽팔리겠닼ㅋㅋㅋㅋㅋㅋㅋㅋㅋㅋㅋ",0.13,72.26,27.61,부정
푸하하하~~~,18.46,60.47,21.07,부정
이낙연 아들 파보면.....,0.0,98.38,1.62,부정
자한당 박멸!,0.18,63.9,35.92,부정
"이낙연 총리님은 대선으로 고고씽
어설픈 도지사는 조만간 사라질거고",0.0,96.36,3.64,부정
이낙연 못나올것 같으니 저러는 황교안,0.0,75.6,24.4,부정
"이낙연 이색기는 도대체 한게 뭐있는데 ㅋㅋㅋㅋ
이색기 지지율이 30프로인건

""가만 있어서"" 인가 ㅋㅋㅋㅋㅋㅋㅋㅋㅋㅋㅋㅋㅋ",0.01,99.44,0.55,부정
"이낙연 국무총리 완전구렁이야
어영부영  ~
답변도 몇일굶은놈마냥 궁시렁궁시렁
회피하다가 ~
이런자가  또어디에  나온다고 ~",0.0,99.53,0.47,부정
"이낙연은 나라경제 말아먹어서 국무총리 바꾼다고 대통령이 말 하지 않았나.
저런자가 국회의원에 출마하면 되겠어.",0.0,99.7,0.3,부정
"아직도  황교안의 말을 믿어??

언제 바뀔지  두고 봐야~~!!

교활한 사람은  

떨어질줄 알면서도

출마할 정도의 미련성을 택하기 어렵거던~~~~~~~~~!!",16.36,79.45,4.18,부정
"♬♩ 이낙연이 무슨 대선주자야
한게 뭐가 있다고 대한민굿 수준..",0.02,96.81,3.18,부정
"총리님 구두에 집밟히는거 눈 크게 뜨고 봐야지.
그동안 권력믿고 인간 치졸하게 살아왔지.",0.0,99.41,0.59,부정
"이낙연과 종로에서 한판 시원하게 붙자!!
이낙연 무서워서 피하면 절대 험지출마 아니다!!
황교안 너 떨고있니?",0.0,99.71,0.28,부정
"교활이는 4.15  총선까지 꼭 자리보전해야함 
황교안 적극 지지합니다.
태극기부대 수령님",17.37,50.4,32.23,부정
"활교활 자신있으면  이낙연과 한판떠봐라
아니지 새가슴이라 못 하지....
선거 낙선하면 머리깍고 단식하고 부정투표라고 난리 치겠구만",4.17,78.78,17.05,부정
"총리님께 깜이 안되죠
비교대상이 아님요",0.0,98.94,1.06,부정
개인적으로 이낙연총리가 차기 대통령 되면 좋겠음.,0.02,62.78,37.2,부정
이낙연이 아들 어디 다니니???,0.0,97.99,2.0,부정
"황교활  씨
개   쌍 도   가서 아베한국당으로 출마하면
지나가는 미   친  개 도 뽑아주는 동네야.
걱정하지말고  지역구 출마해.
 아니면  이낙연 총리하고 맞대결 해 보던가
서울에서 출마하려면
개독교  신자가 많은 지역을   택하면 되고
무  뇌  충    저능  아들 이거든",0.0,85.18,14.82,부정
황교안 그말 꼭 기억하겠다,0.06,75.51,24.42,부정
"이낙연 발바닥에도
못가는 황교안이다.

어디 감히 맞짱뜨겠냐?",0.0,99.31,0.69,부정
정치초보에 무대책인 황교활이가 아무리 뇌가없고 미쳤다고해도 지가 종로에가서  이낙연총리하고 붙으면 이길확률이 없다는거까지 모를까? 하긴 그런 패기도없는 새끼긴하지,0.0,74.64,25.36,부정
종로 빅매치는 성사가 안됨ㆍ 황교활이 얼마나  교활한데ᆢ 자한당에서 1월 14일까지 정세균총리 인준에 반대하면 이낙연 총리 출마가 안됨ㆍ 그 수를 노리는 꼬라지가 보임,2.67,57.56,39.77,부정
황교 이낙연한테 발리고 정계은퇴하면 되겠네 ㅋ,4.17,79.86,15.97,부정
"황교안  꼭  이낙연  전총리와  붙길  바란다
대구로  출마하지말고...  네놈이  깨지는  비참함을  국민의  한사람  으로써  진정  바란다",0.0,69.96,30.03,부정
황교안   우파의  대안은     황교안,0.0,79.83,20.17,부정
"이낙연은 거짓말하지마라.  다른지역은 변했지만
절라도는  안변했다.   지역정당에 90%이상  나오는
북한과  너무비슷하다.",0.0,99.56,0.44,부정
"황이 어떻게 해서 총리님과 비교의 대상이 될까요
급이 다른데 자꾸 같은급으로 
빅매치란 말이 안어울려요
총리님 따라올라면 맨발로 뛰고뛰고 계속 뛰어도 미치지 못할걸",3.51,64.8,31.69,부정
"이낙연과  붙어 떨어지면,
교활이도 안되는구나!
바꾸어야겠네라고 생각할까봐.
그래서 차기선거법위반된 지역에 보궐닌거에 나오겠지!
전략이 부재하니  온통코네에 몰린듯!",0.0,99.36,0.64,부정
황씨 자한당 대표로서 종로에서 이낙연 총리와 진검승부하길 바란다.,6.69,68.22,25.09,부정
🎉🎉🎉🎉🎉🎉🎉🎉🎉,16.63,65.22,18.15,부정
"황교안  에이  상대안되지요   아마 3배이상으로 
이낙연총리가  압승할걸요   그걸로  정치인생은  끝나겠지만요   잘생각하세요  안되요^^",0.0,54.75,45.24,부정
"축하 합니다.
역시 황교안 !
어느 장소든 꼭 이낙연 총리와 등판하세요.
그래서 이 나라를 구하셔야 합니다.
당신은 태초 부터 지금까지  21 세기를 통털어  예수님 이후 가장 위대한 사람으로  정치의 신으로 기록 될것입니다.
확신합니다.. 대한민국 국민 모두가 인정하니까요.
선거결과는 당신이 생각하는것 이상 일것입니다.
개표 결과 

기호 1번  이낙연 더불어 민주당 후보  득표율 99% 
기호 2번  황교안 자유 한국당 후보 3표 0.03%",1.0,68.89,30.11,부정
그래 교활한 놈하고. 사이다 전총리하고 함 붙어봐라,0.03,64.44,35.53,부정
"이낙연 vs  황교안
기대가 되는 총선이군.",0.0,53.19,46.81,부정
과연  교활군이 이낙연 총리와 대결을?  재미진 관전 포인트이겠네. 하지만 지금까지의 행동으로  봤을때 안한다에 한표!!!,9.9,83.49,6.61,부정
"잘하셨어요.  이낙연이 낙엽처럼 떨어질날이 기대됩니다.
꺾고 대선으로 가세요. 사즉생 입니다.
좌고우면하지 마시고",13.08,53.37,33.55,부정
"이낙연 종로가면 100%승리한다.
황교안 대표가 거기 출마할려할까? 지면 자깆 정치인생 끝인데",0.01,99.16,0.84,부정
"이낙연 종로 출마 하면은 더블공산당에서 날치기 공산당으로 승격시켜준다
이낙연 몰래 세종시 출마 하려다 여론조사가 10%미만으로
나와서 ㅈ밥되어 쥔나 빡침!근데 종로 출마는 어림도 없다",0.0,99.38,0.62,부정
더불공산당 헤체가100일남았네 국민여러분 조금만참읍시다,0.01,93.32,6.67,부정
황교안님  당신을 지지합니다. 건강하시고 정권교체시길 두손모아 기도합니다.,0.01,61.53,38.46,부정
이낙연도 정신 차려야지 빨개이들 하고 계속 놀다가는 같이 망하게 되어있음,0.0,99.64,0.35,부정
무능한 이낙연 인간쓰레기 쇼만하고  좌파 눈치만 보고   무색무취하고  아주 형편없는 이낙연 이라고 보는자가 대부분 이다  황교안 이가 종로에 나가면 이낙연 이는  참패 당한다  황교안 대표는  차기 대통령 감이다 이낙연 은 청와대 주사파 똥이나 닦고 조국 두둔하는 아주 형편없는 인간이라고 보는자가 많다,0.0,78.4,21.6,부정
황교안 대표님 지지합니다 ~^^*👍🇰🇷🇰🇷🇰🇷,0.83,64.87,34.3,부정
"황교안이 20대 대통령이 되어서
이낙연 구속 시켰으면  좋겠다",0.0,72.8,27.2,부정
"김정은 놈의 몸종 문재인 놈과 친중파 앞잡이 더불어 문치매당 놈들은 강제징용판결 후 8개월 동안 적폐타령질로 한국 기업과 원전 노동자, 소상공인과 야당 죽이기만 일삼다가 제 2의 임진왜란을 만들었다. 원전기술,반도체 기술 중국에 상납하고 반일 표몰이로 독재 일삼는 문재앙 놈과 더불어 공산당 놈들 박멸하자.
""문치매 찬스 !""문준용 , 문다혜 즉각 특검하라.
세금기생충 김정숙은 감옥에서 썩을 준비하라!
조국의 연가시 문재인 놈은 친일갈라치기 그만 두고 즉각 사퇴하라!",8.09,58.74,33.17,부정
총리로서 문죄인 꽁무니만 따라다닌 야는 바보같은 모습으로 뭐가 될것같나 ㅎㅎㅎ,0.0,99.37,0.63,부정
"멋있는분..정치에대해 잘몰랐는데 이번에 많은관심을 가져  유튜브를 찾아보는과정에서 유난히 뛰어나신 이낙연총리님을 보고 반했어요....
여러방면의 지적인수준..언변능력..어떤상황에서도 차분히 할말씀은 다하시는 총리님보고 정말 차기대통령감으로 맞는분이라 느꼈어요..",0.0,69.15,30.85,부정
이낙연  총리남 당신이  있어행복했내요 감사하고 수고하셨내요  당신을 더욱사랑하는 기회주시길 희망합니다,0.0,77.04,22.96,부정
"진정성이 느껴지는 총리님.
앞으로도 우리 국민들을 위해 힘써주십시요.
총리님 화이팅!!!!!!",0.01,94.6,5.39,부정
이낙연 총리님 당에 복귀하시면 이해찬 대표님 과 작은 일 하나라도 잘상의해서 하시면 좋겠습니다. 당내 화합이 제1입니다.,0.0,75.67,24.33,부정
"이낙연 총리님께서 차기 당대표를 맡아주시고 대통령까지 탄탄대로로 가시기를...
내공이 어마어마하신분",0.0,96.48,3.52,부정
든든합니다.이낙연국무총리님.,0.05,82.44,17.51,부정
이낙연주사서 돈법시다,0.0,98.65,1.35,부정
"이낙연 총리는 인격,  외모,  진중함,  언변,  유머와 재치,
추진력 ,  도덕성  모든  면에서  타 후보들을  압도한다!",0.0,95.83,4.17,부정
이낙연 대통 없다고 또 오바 하네,0.0,99.21,0.79,부정
"기레기들 쓸 기사가 없나보다

황교활이 무슨 깜냥이 된다고 그러냐? 그냥 닝기리조또지

종로? 황교활이? 종로에서 뭘 했는데? 이낙연 총리? 종로에서 뭘 했는데?

종로는 아무나1, 아무나2가 가서 정치하는데가 아니냐 현명한 늙은이들이 많아요

우노 즉 어리석은 늙은이가 아니라 장로 현명한 늙은이들이 많은 곳이 종로라고 그럼 누가 될까?

답은 나왔지 뭘 누가 될까 말까 기사 쓸 게 없으면 그냥 백지로 채워..

괜스레 조작을 하고 그래? 조장을 하면서 조작을 기레기들 수법이 다 거기서 거기 이젠 안 속아~~~",21.57,73.19,5.24,부정
"이낙연과
황씨 비교도 하지마라  
비교깜도 안된다
황씨랑전목사지개목사랑
붙여놔라",0.01,99.71,0.28,부정
"이낙연 총리와...견준다고?
총맞았나?
이게 기사냐 똥이냐!
대결구도가 되어야 대결이라고 지꺼리라.
글을 발로치나...
대선 1,2위?
도대체 뭔 근거로 이리 막 쓰노?",0.0,99.73,0.26,부정
"이총리랑
황교활랑,

황교활ㅇㅣ 감히 ㅎ 
깜량 이되니

할줄아는건
굶고
삭발하고
기독 극우단체랑
데모나.할줄 아는놈이

황교활이 대통령을.한다고? ㅎ ㅎ
웃겨",4.3,89.9,5.8,부정
"이낙연총리님  ㅡㅡ
인격적으로나  능력으로봐서나  대통령깜이
되지만은  대통령의자리는  능력도 중요하지만
정치적인면과  강력하게  국가를  이끌어가는힘
이것이  국민들의  선택을  받을것이다",0.0,99.19,0.81,부정
"갖다붙일걸 붙여라 
기레기야 
이낙연총리님과 황대머리는 
능력이 하늘과 땅차이야 
어디 여자 박근혜를 ㄱㅁ히 누구랑 비교하는거야???",0.0,75.97,24.03,부정
"이낙연은
기자로 돌아가
기레기들에게
모범을 보여라. 
당신은
대통령감이 절대 아니다.",0.0,99.53,0.47,부정
"더불어민주당 화이팅!!!
총선 대승리!!",0.0,83.76,16.24,부정
"이분은
현명하시고 합리적인분 같다

내 짧은 소견으로
아니 나 혼자만의 생각으로는
최고의 총리이다ㆍ",4.9,87.48,7.62,부정
"인기많고 대선선호도 높은 분께서 지역구 나가시는 것보다는
선대위원장 맡고 예전 문재인대표님 총선 지원하던것처럼 
전국 돌아다니시면서 선거운동하시는게 좋다고 봅니다.
특히나 취약지역이나 농촌에서 자한당 찍으시는 분들 많기 때문에 총리출신께서 
많이 뛰어주시는게 큰 도움이 될거라고 봅니다.
단순 거물급 인사가 아니라 안팎으로 호평을 받으신 총리님이
지역구한곳에서 그곳 선거운동만 하기에는 너무 아깝습니다.
당선가능한 비례로 넣어 국회 들어가시고 당대표 하신후 차기 대통령 코스로 가시는게
가장 좋은 코스라고 생각합니다.",15.47,66.31,18.22,부정
"이총리가  별로   한 일이  뭐냐
총리가   우습게  보이냐
하루아침에  때려치게....

하여튼   한국은    전문성이   없어..
돌려막기가    정치냐",2.41,93.05,4.54,부정
"대한민국 훌륭한 지도자 차기 대통령 이낙연님  멋지십니다
이낙연 화이팅~!!!",0.04,89.93,10.03,부정
총리님 쫄보 때문에 그런일은 없을겁니다. ㅋㅋㅋ,0.0,97.29,2.71,부정
"지지합니다
이낙연 총리는 
꼭 지역구 나오시면 100%
입니다",0.28,97.95,1.77,부정
"총리가 국회로 가는것은  괜찮고
유독
국회의장이 총리로 가는 것만 안되는 건가요,?
웃겨",0.0,99.82,0.18,부정
이낙연 총리의 최고 자랑거리는 부인의 그림을 강매한 행위가 길이 남게 될 것이다.,0.0,94.33,5.67,부정
붙으면 황교안 충분히 이긴다,4.59,55.12,40.29,부정
"제발 이낙연 나와라.
황교안에겐 상대도 안된다.",0.04,66.37,33.58,부정
"이낙연총리 좋아했었는데...조국 집 압수수색때  여성들만 있는집 들이닥쳤다는 말 들으며, 결국 그 밑이였다는것...말빨로 가벼움은 날아갈뿐. 청와대 아님 인싸 아녀~~~",0.0,99.69,0.31,부정
"문재인 정권은  2018년 울산시장 선거관련 
후보매수, 허위형사사건으로 여론조작 등을 통한 민심교란을 통해
부정불법을 자행하였다.
이런 상황에서 내년 총선이 공정하게 치뤄질 가능성이 
별로 없다.
현 정권이 말그대로 민주화를 위해 노력했던 정부라면,
공정한 선거를 위해 '행정안전부 장관', '법무부 장관', '국무총리' 정도는
중립적 인사들로 임명해야 한다.

현 상태로는 4..15선거부정을 자행할 가능성이 높은
문재인 부패정권 퇴진
범국민 총궐기 대회
2019년 12월 21일 토요일 낮 12시
광화문 광장

제주도민 원성호 씀.",0.0,99.77,0.23,부정
"이낙연이랑  종로갈게아니고  종로에는  사과나무만심는다
원래 종로는 절라도  깽깩이 당이다  떠불어공산당  똥이더러워서  안나간다",0.0,99.78,0.22,부정
"이낙연 총리님께서 차기 당대표를 맡아주시고 대통령까지 탄탄대로로 가시기를...
내공이 어마어마하신분",0.0,86.16,13.84,부정
든든합니다.이낙연국무총리님.,0.13,86.72,13.15,부정
이낙연주사서 돈법시다,0.0,98.19,1.81,부정
"막걸리 컨샙은
박정희 대통령 거다
너희들이
와
따라 하지
꼴통 주사파 놈들
경제
안보 국방
외교 다 망쳐놓고
가증스럽고
얼굴 두껍고
뻔뻔하고
이중 인격자들",9.89,89.5,0.61,부정
"이낙연 총리는 인격,  외모,  진중함,  언변,  유머와 재치,
추진력 ,  도덕성  모든  면에서  타 후보들을  압도한다!",0.0,96.59,3.41,부정
이낙연 대통 없다고 또 오바 하네,0.0,98.71,1.28,부정
"기레기들 쓸 기사가 없나보다

황교활이 무슨 깜냥이 된다고 그러냐? 그냥 닝기리조또지

종로? 황교활이? 종로에서 뭘 했는데? 이낙연 총리? 종로에서 뭘 했는데?

종로는 아무나1, 아무나2가 가서 정치하는데가 아니냐 현명한 늙은이들이 많아요

우노 즉 어리석은 늙은이가 아니라 장로 현명한 늙은이들이 많은 곳이 종로라고 그럼 누가 될까?

답은 나왔지 뭘 누가 될까 말까 기사 쓸 게 없으면 그냥 백지로 채워..

괜스레 조작을 하고 그래? 조장을 하면서 조작을 기레기들 수법이 다 거기서 거기 이젠 안 속아~~~",17.18,78.2,4.63,부정
"이낙연과
황씨 비교도 하지마라  
비교깜도 안된다
황씨랑전목사지개목사랑
붙여놔라",0.01,99.72,0.27,부정
"이낙연 총리와...견준다고?
총맞았나?
이게 기사냐 똥이냐!
대결구도가 되어야 대결이라고 지꺼리라.
글을 발로치나...
대선 1,2위?
도대체 뭔 근거로 이리 막 쓰노?",0.0,99.82,0.18,부정
"이총리랑
황교활랑,

황교활ㅇㅣ 감히 ㅎ 
깜량 이되니

할줄아는건
굶고
삭발하고
기독 극우단체랑
데모나.할줄 아는놈이

황교활이 대통령을.한다고? ㅎ ㅎ
웃겨",2.93,92.14,4.93,부정
"이낙연총리님  ㅡㅡ
인격적으로나  능력으로봐서나  대통령깜이
되지만은  대통령의자리는  능력도 중요하지만
정치적인면과  강력하게  국가를  이끌어가는힘
이것이  국민들의  선택을  받을것이다",0.0,99.22,0.78,부정
"갖다붙일걸 붙여라 
기레기야 
이낙연총리님과 황대머리는 
능력이 하늘과 땅차이야 
어디 여자 박근혜를 ㄱㅁ히 누구랑 비교하는거야???",0.01,67.0,32.98,부정
"이낙연은
기자로 돌아가
기레기들에게
모범을 보여라. 
당신은
대통령감이 절대 아니다.",0.0,99.53,0.47,부정
"더불어민주당 화이팅!!!
총선 대승리!!",0.0,73.77,26.23,부정
"이분은
현명하시고 합리적인분 같다

내 짧은 소견으로
아니 나 혼자만의 생각으로는
최고의 총리이다ㆍ",16.95,77.45,5.6,부정
"인기많고 대선선호도 높은 분께서 지역구 나가시는 것보다는
선대위원장 맡고 예전 문재인대표님 총선 지원하던것처럼 
전국 돌아다니시면서 선거운동하시는게 좋다고 봅니다.
특히나 취약지역이나 농촌에서 자한당 찍으시는 분들 많기 때문에 총리출신께서 
많이 뛰어주시는게 큰 도움이 될거라고 봅니다.
단순 거물급 인사가 아니라 안팎으로 호평을 받으신 총리님이
지역구한곳에서 그곳 선거운동만 하기에는 너무 아깝습니다.
당선가능한 비례로 넣어 국회 들어가시고 당대표 하신후 차기 대통령 코스로 가시는게
가장 좋은 코스라고 생각합니다.",6.04,92.18,1.78,부정
"이총리가  별로   한 일이  뭐냐
총리가   우습게  보이냐
하루아침에  때려치게....

하여튼   한국은    전문성이   없어..
돌려막기가    정치냐",2.43,92.95,4.62,부정
"대한민국 훌륭한 지도자 차기 대통령 이낙연님  멋지십니다
이낙연 화이팅~!!!",0.04,89.93,10.03,부정
총리님 쫄보 때문에 그런일은 없을겁니다. ㅋㅋㅋ,0.0,99.04,0.96,부정
"지지합니다
이낙연 총리는 
꼭 지역구 나오시면 100%
입니다",0.28,97.95,1.77,부정
"총리가 국회로 가는것은  괜찮고
유독
국회의장이 총리로 가는 것만 안되는 건가요,?
웃겨",0.0,99.73,0.27,부정
이낙연 총리의 최고 자랑거리는 부인의 그림을 강매한 행위가 길이 남게 될 것이다.,0.0,95.13,4.87,부정
붙으면 황교안 충분히 이긴다,3.59,84.15,12.26,부정
"이낙연총리 좋아했었는데...조국 집 압수수색때  여성들만 있는집 들이닥쳤다는 말 들으며, 결국 그 밑이였다는것...말빨로 가벼움은 날아갈뿐. 청와대 아님 인싸 아녀~~~",0.0,99.7,0.3,부정
"문재인 정권은  2018년 울산시장 선거관련 
후보매수, 허위형사사건으로 여론조작 등을 통한 민심교란을 통해
부정불법을 자행하였다.
이런 상황에서 내년 총선이 공정하게 치뤄질 가능성이 
별로 없다.
현 정권이 말그대로 민주화를 위해 노력했던 정부라면,
공정한 선거를 위해 '행정안전부 장관', '법무부 장관', '국무총리' 정도는
중립적 인사들로 임명해야 한다.

현 상태로는 4..15선거부정을 자행할 가능성이 높은
문재인 부패정권 퇴진
범국민 총궐기 대회
2019년 12월 21일 토요일 낮 12시
광화문 광장

제주도민 원성호 씀.",0.0,99.81,0.19,부정
"이낙연이랑  종로갈게아니고  종로에는  사과나무만심는다
원래 종로는 절라도  깽깩이 당이다  떠불어공산당  똥이더러워서  안나간다",0.0,99.77,0.23,부정
쥐박이 지지자들과 대화하면 아니 되옵니다. 총리님. 그들은 매우 이율배반적인 쓰레기들입니다.,24.27,68.64,7.09,부정
"차기대통령

민주당은 포항지진 앞서 법안통과시켜줬는데
자유한국당은 반대나 하고 

이낙연 총리는 포항가서 챙기는데
황교활은 집에 있냐 병원에 있냐?ㅎㅎㅎ

국회에서 일은 안하고 사사건건 대통령 반대만 하는
나라 망하라고 맨날 개짓거리 하는
족바리 매국당 자유한국당 우리공화당 매국노 악마 새끼들!!!

매국신문 조선중앙동아 그 따가리 문화일보세계일보
매국 경제신문 한국경제헤럴드경제아시아경제",0.01,59.64,40.36,부정
이총리는 안된다.  불체자..난민들 엄청 받을거다.   조경태와의 대화에서 왜 답변을 피했나?,27.88,57.22,14.89,부정
우리 총리님 ㅠ..존경합니다.,0.61,69.87,29.52,부정
"이낙연 총리가 종로로 출마해 
교안이를 뭉개 버리고 게망신 뻗치게 하고
선대 본부장으로 나서면 과반 이상 차지해
한국당 기를 꺾고 주도권을 잡아 
찍소리 못하게 해야 한다",0.0,99.55,0.45,부정
이낙연국무총리님 지속적으로 나라를위해 혼신의 힘을 다해주세요  지금까지 국정수행하신 그모습 그대로 ~^~,0.0,98.93,1.07,부정
두드러기 심해질듯,26.41,44.81,28.78,부정
황교안은 급이 낮은 정치인으로 눌러주시면 안될까요? 이 총리님이 이기시면 황을 돕는겁니다!,0.01,56.52,43.48,부정
이낙연이관심없다,0.01,97.81,2.18,부정
드뎌 황교안을 밟겠구나.,8.41,50.62,40.97,부정
"이낙연은 동아일보 일본특파원출신으로 전두환찬양글 개제 그러면서 우리민족끼리를 즐겨본다
이게 진짜 친일우파 친북좌파 양쪽을 이해하는 정치인인가?",0.0,99.49,0.51,부정
"이낙연이가 진짜시바 천여명차기대권설문조사에서 

1위해서 진짜대권후보라면 ㅋ

국무총리를 잘했으면 ...

 호남사람들에게내년총선때 덜민주당경상도친노당으로 

표받아먹기위해 총선덜민주당선거위원장 할게아니라 시바 

종로로 가서 황교안이랑맞장떠야지 

또 같으호남친노친문 정세균총리 시킨것도 모자라

같은호남친노친문 이낙연 총리시킨것도모자라  호남사람들에게 표구걸하면 진짜 ,당신네 ..",0.0,82.11,17.89,부정
"이낙연이가 진짜시바 천여명차기대권설문조사이고 

총리를 잘했으면 

1등했으면 호남사람들에게내년총선때 덜민주당경상도친노당으로 

표받아먹기위해 총선덜민주당선거위원장 할게아니라 시바 

종로로 가서 황교안이랑맞장떠야지 

또 정세균총리 시킨것도 모자라

이낙연 총리시킨것도모자라  호남사람들에게 표구걸하면 진짜 ,당신네 ..",0.0,84.08,15.92,부정
"응원합니다~~
차기는 이낙연!!!",4.31,74.42,21.28,부정
"이낙연 국무총리께서  국세청 서울청에
지시 지휘  본인  오늘  지급하도록
특별 당부드립니다 
시작이  잘못되어도  마무리  끝맺임이
좋아야 하는 것처럼  비상행정으로
처리 결제  바랍니다
지금까지  국세청+서울청  본인  지급  
지연으로  나라는 풍지박산  전세계 왕따
현재  전쟁  국면까지  와있습니다
국무총리께서  책임지고  오늘  지급하도록
발벗고  나서서 해결해 주시길 바랍니다",0.01,94.21,5.78,부정
"개그네 시절의 국무총리 황교안은 무능해서 개그네와 최순실과 함께 나라를 망하게 했고
지금의 이낙연 총리는 국민들에게 신뢰받고 인정받은 분이다. 
황교안은 자신의 출세만을 살아온 가짜 기독교인데 이낙연 총리는남을 위해 살아가는 참 기독교인이다.",0.0,76.14,23.86,부정
"지금현실대북 경제민생 세계 스이낙연총리가대한민국을 위한국민의소리와 해결 방향과. 정체성이. 사기꾼 판치는 국민돕고자 연구 방향인가본데
능력됭션 국민이공강하는방향성과 정체성합리성이치에 맞는 밤향성을 제시하고.  월급 받아야지
월급은 그나이 얼마나 받고 나라손해 국민고생시키나",0.07,66.22,33.71,부정
이낙연 국무총리가 지금 민생 상황도 해결 못하면서 대권을 준비을 위한 민생행보 한다고 하니   꼬라지 알아라,0.0,99.86,0.14,부정
"이낙연 그만하라
빨갱인거  안 이상 접촉하는 국민들위해서  사최하는게 당이다",0.0,99.6,0.4,부정
최장총리직 최선을 다하셨고 국민들과 소통하고 같이 뛰어 더욱빛을 보이신 총리님 멋지시네요 떠나는 모습도,0.0,86.68,13.32,부정
"임종석도 ..탁현민도...김의겸도...조국도...이낙연총리님도...
다 ~~~가고  문프님곁 누가 지키나",0.0,73.37,26.63,부정
"최고의 대통령과 최고의 총리
이낙연 총리님 어디서든 응원합니다",0.02,98.21,1.78,부정
최고의 파트너인 이낙연총리님을 보내드려야 하는 문재인대통령의 진한 아쉬움이 절절히 나타나고 있는 모습을 보니 마음이 짠하다. 이낙연총리님 최고의 총리님이셨습니다. 정말 감사했습니다. 차기 대통령으로 적극 지지하겠습니다.,0.0,97.02,2.98,부정
데일리안 웬열이데? 극우를 지향하는 꼴통 보수신문이 대통령님과 총리님을 다 띄워주고...,11.16,45.5,43.34,부정
상대방이 무릅꿇고  절하는데  절만받고 같은절 하지않으면  총리거만하네  무릅꿇고 절하라 했네  기합줬네  고압적이네 하고 야단 법썩일텐데  총리  참  잘 대처 하셨네,25.67,37.88,36.45,부정
10년전 광주 프라도호텔에서 차에서 내려 혼자 걸어오시던 이낙연 의원께 인사햇더니 정말 정중하게 인사받아주던 모습을 보고 참 멋지시다 생각했는데 전남도시사 이후에 문재인정권의 총리로 발탁되어서 이처럼 국정수행을 잘하는걸 보며 차기대통령으로 손색없다고 생각합니다,0.02,70.89,29.09,부정
"원래가 예의바르신 . 이낙연.총리님
예의범절이 투철하신분. 몸에뵈였다고할가요
나이를떠나서 바르게 예법  존중해야  않겠습니까.
총리님. 더 더욱 존경합니다.
요즘 정치인 . 자한당.의원들  불평.남.탓하지마시고 
본 받아야.. 권력으로 남용하지말아야....",0.0,71.16,28.84,부정
봤나 자한당 저런게 공직자고 절이다,38.84,44.26,16.9,부정
그래요. 우리나라 중소기업 하는 사람 영웅입니다. 저도 작은 중소기업을 운영하지만 힘듭니다. 우리 공직지들이 다  총리 같았으면 좋겠습니다.,0.1,96.66,3.24,부정
다음 대통령은 이낙연국무총리였으면 좋겠습니다.,0.52,88.8,10.68,부정
항상 겸손하고 자신을 낮추고 상대를 배려하는 인품 차기 대한민국 지도자로서 자질이 충분 합니다.,17.66,72.75,9.59,부정
역시 우리 총리님은 대인배 !,6.61,84.07,9.33,부정
"이낙연 총리만큼만 국민을 생각하라고 하세요.

제1야당의 대표라는 자가 석가탄신일때 고개도 안숙인거 봤나요?
본인만의 종교, 본인만의 정당, 본인만을 위한 정책만 고집하는 황교안은 절대 따라가지 못할 클라스입니다.",0.0,98.91,1.09,부정
"그럼그럼
국민이 주인인데
공직자는
큰절을해야지 당연히
이낙연국무총리님
아주 잘 하셨습니다",38.94,39.95,21.11,부정
"문대통령님,이총리님............그냥 계속 10년 넘게 연임하셨으면 하는 생각............^^",12.32,44.58,43.11,부정
이러니 반해 안 반해,47.74,49.3,2.97,부정
"이낙연  총리도   종북인가요 ?
우리민족  끼리는   뭣이당가요 ?",0.0,99.23,0.77,부정
더불어공산당들  정의당 북한으로 송환하자 민노총 전교조 민변 참여연대 쓰레기들 이제는 절대로 안속는다 너들의 선동질,0.05,99.01,0.94,부정
"독립유공자 분들에게 큰절하는 고위 공직자
이거야 말로 내가 꿈꾸던 세상이다",13.08,84.6,2.32,부정
"인간적인 대통령과 총리.
정치판에서 보기 힘들다.",1.21,79.29,19.5,부정
"현정권국민이탄핵을외치는대
이것이문재인정권혼자만이
그다음은이낙연총리",0.0,61.94,38.06,부정
선거때만 큰절하는 자유한국당놈들....겸손한 이낙연총리......기업인 따위 라니.....공무원은 겸손해야 하며 국민 누구에게나 큰절 할 수 있어야 한다. 물론 정책도.,0.0,78.61,21.39,부정
"황교안과 검사는 권력을 남용하는데

참 겸손한 분이군요.. 이분은...",0.4,85.41,14.2,부정
"그래 이런 총리님을 다시 볼 수 있을까 싶다
지구의 종말이 올 때까지 ..............................................
정말 지혜가 많으시고 예절과 인내를 갖추신 분",0.48,51.42,48.1,부정
"역시   이낙연  총리의   진정성 있는
행동이 느껴져  훈훈합니다
  예를 받고  상대에게  예를  갖춰  
존중을  표하는게  당연합니다  
문대통령의  훌륭한 인품이  
국민들에게  든든한  힘이  되듯이
이냑연 총리의  인품 또한
대통령을 보좌하고
국민들을  겸손과 예로
묵묵히   받드는  모습에 고맙습니다

자한당 토왜 ♩♬♪♪♬~. 놈들아
더러운 주둥이로 국민을  올리지말고
본받았어봐라    국민들을  저버린
자한당   쓰레기들한테 줄것은
박멸뿐이다  !
토왜당 해체 !
범죄자들 집단체의 특검수사와  구속 !
교도소행이 ",0.0,84.85,15.15,부정
"문프나 이총리님이나
존경하지않을수 없다",4.84,52.42,42.74,부정
문재인이 따라 시장갔는데 죄댜 불량식품 밖에 없어 엎드려 사죄해야지 안그래?,0.01,99.0,0.99,부정
"대통령님 총리님 두분 인품이 국격이된다
어찌 존경하지 않으랴",0.67,81.17,18.16,부정
"이것이 친일적폐로부터  나라를 바로잡아가는 문대통령과 이낙연 총리의  올바른 공직자의 상이다

이런분들을비방하고 욕하는자들은 이나라의 국민들이아니다 분열 어거지 간교한  비난 불통 마치 이나라 망하기바라는  간악한 일본 똘마니들이다",0.0,63.16,36.83,부정
다시는 안속는다!  문재인시즌2,1.52,55.08,43.4,부정
"이낙연
황교활비교당하는자체가기분나쁠듯",0.01,98.89,1.1,부정
조선기레기야  이낙연총리한테  게임된다고 생각하냐 교활이는 떼나쓰고 아스팔트 장외집회나 하는넘이 기레기 이낙연총리 욕되게하지마라   조선 쓰레기 자한당해체,0.0,74.85,25.15,부정
"황가는 이 전총리와는 겜이 않되고 쩹이 않된다 맞붙은 이낙연 전총리가 창피함을 느낄껄 . 낙동강으로 갈걸 오리알신세,,,,,",0.03,53.79,46.18,부정
교안이 같은 비루한 후보와 이총리하고는 끕이 다르지 않나... 허여간 교안이가 사는 길은 이낙연같은 거물을 꺽어야 당에서 가오가 스지....,4.09,92.05,3.86,부정
"종로서 이낙연  전총리님과 교활이외 붙으면 잼있겠다

교활이  낙동강 오리알 되는꼴도 잼있겄고",0.06,91.68,8.26,부정
"감히 이낙연에? 
황은 깜이 안되지..",9.6,83.73,6.67,부정
"북한매체 우리민족끼리를 팔로우 했는가?
황교안x
이낙연o",0.32,89.87,9.81,부정
이낙연이가 피할 거같다,0.02,55.06,44.91,부정
빨갱이   이낙연이는  무조건 않된다,1.64,51.56,46.8,부정
"틀림없이 황교안 꼬리세리고 다른지역 선택하겠지 ,국회의원 해쳐먹을라고,,대통령깜으론 택도없고",20.77,44.52,34.72,부정
"그럼ᆢ빅매치가될수있겠는데요ᆢ
황교안님과이낙연총리님의대결
기대해볼만하겠는데요",0.01,63.75,36.24,부정
"웃긴다ㅋ
황교안  대권 지지율 7명중 6등인데ㅋ
어떻게 경쟁이된다는거야ㅋ
기사로 황교안 도와주기하네",0.31,89.03,10.66,부정
"조선일베야
황교안이가 ?
절대 안붙지.
안정적인 비례대표 순번을 받거나
대구라면 모를까 ?
아무리 니들이 황교안이를 빨아줘봐야
이낙연이 발꿈치도 못딸아간다.
어디 비교할걸 해야지. 썅 ~~~",33.43,56.57,10.0,부정
"조선아 !!!!!!
아베똘마니
교할이를 오데비교하냐!!!!!!
듣는총리님과국민들
기분안좋다!!!!!",14.74,83.05,2.21,부정
"이낙연 국무총리 : 황교안 대표라....
이게 비교 거리가 될지 먼저 생각을 해 보시오 ㅎㅎ",0.0,97.82,2.17,부정
무조건 황교안이지,1.88,54.18,43.94,부정
"이총리 종로가서 당선 되고 대선으로 가자!!!
이총리 종로 나온다면 황교안은 꼬리 내리고 도망 갈게다 ㅎ
어렵게 가느니 비례로 가서 벳지 처음 달것임 황교안은.",0.04,86.74,13.22,부정
빨갱이 이낙연  당장 북으로가라,32.15,64.48,3.37,부정
야이 미친 조선아 빅매치 ㅋㅋ저런 빤쓰목사랑 어울리는 미친 종자랑 이낙연 총리님이랑 상대가 되냐 개망신 당하기전에 일본으로 떠나라,0.0,76.83,23.16,부정
"민주당이원하는대로 안할거야  황교안대표를 종로에 뭌어두려는심산 속보인다
황대표는 전국으로다니면서 유세를해야지
기자야 이런걸 기사거리로쓰지마라 기레기새끼.",0.02,99.11,0.87,부정
"이낙연총리님 ,종로출미해서
황교안,낙동강오리알노떨어터버리시요.
이번에황교안없세버립시다.
국회에오럼된놈들,갈아치워야됨니다.",0.0,98.45,1.55,부정
어버버 총리와 사이다 총리,0.01,66.99,33.01,부정
"이낙연이는 조작 ,사기꾼집단  더불당에서  탈퇴하면 가능성이 있다,",0.0,99.43,0.57,부정
"2 ♪~선 매국노 앞잽이 기레기야~
장난하냐?
개자당 교활한 황베 매국노 탄핵내시하고
이낙연 총리를 
개한테 비교하냐?
매국노 앞잽이 역시
♬♩선 기레기가
신문이냐?
똥깐에 화장지도 못쓴다
2
10
새 기레기야",0.0,84.92,15.08,부정
총리로 한일이 뭔가?? 언론이나 봉쇄하고 책임은 장관에게 떠넘기고~얍샵한 기회주의 사팔뜨기가 뭐라꼬??,0.0,99.83,0.17,부정
"이낙연은 문씨정권의 부패혐의 
영향으로 결국 디비질겁니다.
2020년의 대한민국 운세는
디비지는 운세입니다.
친중좌빨 사회독재주의자들이
디비집니다.
부패한 대깨문, 달창들이
디비집니다
국익을 위해서는 천만다행 입니다.",0.0,99.06,0.94,부정
"저 사진이 이낙연 총리의 쇼맨쉽이라도 정말로 딱딱한 모습의 
의전을 너무 좋아하는 황교안보다는야 낫지 않나 싶다",0.01,68.66,31.33,부정
"대통령  ,총리가  뭐 대단한 사람입니까!
정부의 대표자가 ※기업인 ※따위 앞에 무릎을 꿇느냐""라니요?
대통령  ,총리가
국민위에 있으면 망한 나라입니다
국민을 위해서는  뽑힌 사람들 아닌지요?",37.67,47.22,15.11,부정
"마지막까지 총리역할 멋지게 수행하고 끝내셨음 좋겠네요
그리고 또 한번의 기회가 있다면 멋진도전을",0.83,94.33,4.84,부정
역시 그대통령에  그총리 네요  너무  사랑해요,2.17,50.67,47.16,부정
"이낙연 총리만큼만 해라.
발톱에 때만도 못한 시키들이 뭔 말들이 많아.",0.0,99.36,0.64,부정
"그런 배경이 있었구나...
나도 이건 너무 오버한 것 아닌가했는데...
이걸 보니 작년쯤엔가 이낙연 총리가 어느 포럼(?)의
인삿말 자리에서 ‘사회 생활에서 가장 중요한 것’을
얘기하면서 ‘인사하기’를 꼽았던 영상이 기억이 나네요...
시간 나시는 분들은 한번 유튜브에 찾아 보시길!",0.0,81.73,18.27,부정
"차기ㅡ이낙연
차차기ㅡ조국!
👍 

13년+a",6.84,67.69,25.47,부정
"이낙연 총리 지금이고
다음은 이낙연 대통렁 각하",0.0,57.61,42.39,부정
갑질없는사회가     좋은사회입니다     안그래요      자한당의원님들,7.44,83.92,8.64,부정
"갑질  총리 였던 황교안
좀 배워라",0.02,54.08,45.9,부정
쑈쟁이 하나늘었네 ㅋㅋ 문재인보고 열받아서 저랬냐?,10.02,79.69,10.29,부정
"이낙연이색희 동생삼환에처넣고 삼환 관공서 구두약이 4배로뛰였지 
아낙연이 청렴도가 이재명이 발바닥 정도이고
행정수행능력은 발바닥비교도 안돼지
해논게 없잖아 !",0.0,99.64,0.36,부정
만약에 이총리가 큰절 받고 가만있었으면 기업군기잡네 고압적이네 미 친 놈이네 신문에 대서 특필하고 죽일놈 되고 야단법썩났을텐데  역시 이총리 답다,0.0,75.25,24.75,부정
"우와~ 이낙연 총리님 정말 대단하세요!
상대가 절을 하니까 총리님도 큰 절로 답을 하고~
대한민국에는 이런 분이 정말 필요하지요.",0.01,66.96,33.04,부정
속좁은 트롬프. . 대인배 이낙연,0.0,98.44,1.56,부정
"이  낙   연   총리님 께   욕하지마라  욕하는  놈  너는
도대체   어느나라   국민인가  사실여부를  정확히
알고  욕을해도  해야지   무조건식으로   욕은하지마라
욕하는  당신이  더욱이  쓰레기 같은  저질이다",0.18,78.49,21.33,부정
"이런총리없습니다
역대총리중",0.0,55.7,44.29,부정
"멋진총리님~~
제발 기사 좀 알아보고 써요~",0.04,70.63,29.34,부정
"이낙연 총리 차기 대통령이 되실겁니다.

적극 응원합니다.

그리고 댓글 썼다는 분! 기업인 따위? 사회불만은 

그렇게 풀이하는게 아니다. 나이만 먹은 어른아",0.0,99.01,0.99,부정
"총리라고 큰절하면 안되나?
이총리가 너무나 잘하고 있고만
비판댓글단 네티즌아
니들은 총리가 갑인줄아니
저정도 인품이되야 대한민국총리지
화이팅 이낙연총리님",0.0,67.32,32.68,부정
역시 이낙연. 총리님. 겸손함이  아름답게 느껴집니다,0.0,72.04,27.95,부정
"이낙연이 쇼하네
쇼의 명수들 좌빨 더불어쉑쉬당",0.0,78.07,21.93,부정
"문재인 밑에서 경제 파탄낸 총리로서 당연히 경제계 인사들께 큰절 올리고 사죄하는겄은 당연한 일 않인가?  이게 뉴스깜이냐, 이낙연 띄우자는거지 더러운기사다.",0.0,99.79,0.21,부정
이제는 총리까지 도 또쇼하고 있구먼 이전권에 비리가 드러난이 선거에 서먹을려고 비리를덥을려고 쇼하는거 과연쇼전권답다 잔꽤머리하나는 잘돌이는구먼  한심한것들 쯔ㅡㅡㅡㅡㅡㅡㅡㅡㅡㅉ,20.32,73.12,6.56,부정
"이낙연이 이세이기..,  벌써 대선 돌입했네.., 좌빨들이란.  , ,",0.01,97.79,2.2,부정
"이낙연이 이룬업적이 머가있냐? 그냥 이미지정치. 쇼하는 정치만 잘하지...
저란것도 다 짜여진 각본인걸 모르나",0.0,99.11,0.88,부정
이낙연 ~  능글늘글하게 구렁이 담넘가는 스타일 총리 ~,0.0,56.08,43.91,부정
범죄집단 내지는 사기집단 공범 이낙연,0.0,99.18,0.82,부정
"문재인 때문에 기업들 다 도망가고 있는데 뭔 쇼질에 정신 팔렸냐

미치광이들

문재인은 하야 하라.",0.0,99.7,0.3,부정
이낙연.  대선을 위해 검은 속마음을 감추며. 무슨일이라도 할수있다.  내가 봐온 이낙연은 그렇다.,0.0,99.02,0.98,부정
"이낙연 잘하는거다
나라의 녹을 먹고  국가를 위해서 일하는
기본자세가  된거다
이렇게  자세로  나라와  국민을 섬기면
이 나라는 희망이 보이고  역사에 기리
남을것이다
이나라는  양아치덜이  차고넘친다
이것들을 설겆이해야  나라가 깨끗해진다
또 모든 관공서 책상 의자 부터  바꿔라
일본문화를  배울건 배워야한다
일본 내각 책상의자를  보면 선진국의
단면을  볼수있다
아베나 내각  테이블 의자 크기가 똑같다
이것만 봐도 국민들 을 위하는점이 보인다
희상이 의자를 봐라
희상이 두배는 크다 단상도낮추고
이것이  진정 민주주의  출발이다",0.0,99.06,0.94,부정
"이낙연은!!!!!
능구렁이가  열 댓마리가  숨겨져 있디요!
자기진영에  유리한 말 만 하는문제인에 
이어 ..쑈 맨쉽의 2인자 일 뿐!!!! 
무슨 대통령감?
잘 선택해야 한다. 준비된 대통령이라고 외쳤던 문제인을 보십시오.!!!!
그리고 ♪~♬♩♪♪의  몰표!!! 
친문세력이 아닌 이낙연이 
과연 대통령  후보군이 될 수 있을까?",0.0,98.59,1.41,부정
"이정권는 쇼 하던데 물이 들어나
이낙연 도 쇼 하고 있네",22.15,65.11,12.74,부정
"민주당은 말할것없고 가끔 문통께도 쓴소리한다만,
설마 일국의 총리가 사람많은 카메라앞에서 대놓고 
기업사장한테 돈 달라 구걸했겠어?
어느 꼴통부류가 시비를~,
인사해서 뺨 맞는 경우는 없다는 우리말도 모르나보네.
아~ 왜놈 씨종자는 모를수 있겠군.",0.01,99.45,0.54,부정
이낙연 총리가 아니라 이젠  대통령 감이다,0.0,87.31,12.69,부정
"게으르고 무능한 민주당놈들은
안희정 
이재명 
박원순 
조국에 이어서
이낙연을 
세울 준비를 하고 있겠지",26.45,73.22,0.33,부정
이낙연은 애초부터 사람 됨됨이가 된 사람이다. 이런 사람이 정의롭기까지 하면 더이상 무서울게 없다.,0.0,99.63,0.37,부정
이낙연 동생 불법취업 및 4천억 불법대출건은 어떻게 되는건가요?,0.01,99.71,0.28,부정
"황모 전총리와는
큰 대비가  되는군요",0.02,58.75,41.23,부정
이낙연 총리 다시보게 되네요,0.0,82.1,17.9,부정
"총리나 되는 시키가 
거저 아부나 하고",0.0,99.79,0.21,부정
이낙연한테 뭐라하는자는 그인성이 글러먹은자임에 틀림없다,0.0,99.01,0.99,부정
"총리는 중견기업 초청해서 큰 절을 하는데 받는 사람이 아무도 없네요

다음은 문통이 대기업 초청해서 큰 절 하겠네요

칭찬들 하세요

총리처럼 받아주는 대기업은 아무도없고 못 본체하거나 실실 웃을 사람들만 보이네요

총리의 무릎을 가벼이 쓰지 마세요

국민들을 위해서 아끼세요

뭐 하는 겁니까?

허공에 큰 절

어이없네요",0.0,99.47,0.53,부정
총리 괴롭힐 생각 하지도마라,0.0,99.7,0.29,부정
"총리님은 중기업이에게나 답글에 있어 모든면에서 적절하게 대응을 잘하셨구요,
트럼프는 세계의 나쁜사람 선정에서 일등을....",0.0,99.76,0.23,부정
"총리입장에서는 상대방이 그렇게 하니 
또한 그렇게  할수밖에 없는데 
회장또한  잘못 했네요
시간 좀늦었다고  바닥에 그렇게 큰절까지 할 필요가  있나요
죄송하다고 일반 절을 하면되지",0.01,99.71,0.28,부정
"이낙연  이명박 보석될때  찿아가
큰절한  사람으로
뭘?  어째다꼬?
이낙연 똑같다  
이명박이닐 지금 뭘 할까?",0.0,99.76,0.24,부정
와 총리님이 큰절하면 안되냐 기업인이 지금은 우선아니냐 총리라도 열심히 잘하는 분들 한테 큰절할수 있지 자우간 되단합니다,0.0,78.91,21.08,부정
차기 대통령 이낙연.,0.36,65.48,34.16,부정
"사진만 봤으면 오해할뻔했네
기사를 읽어보니 역시 이낙연총리다",0.0,60.02,39.98,부정
"총리님은 정말로 훌룡하신분이다
자신의 자존심을 다내려놓고 나라를
위한 따뜻한 가슴을 가지고  애국과
국민을 위한  훌륭하신분이다",0.0,98.85,1.15,부정
"이낙연 능구렁이, 음험한 빨강이!",0.01,79.9,20.1,부정
총리가절을할수가있지못할꺼는없지나라에기업인들이나라에도움주는거지ㅡ이재용부사장은ㆍ말줬다고ㅡ감옥에갔지만ㆍ기업인들이나라위해도우는데ㆍ문정부는ㆍ기섭인들을북한에대려간것ㆍ국민들이나쁘게보더랍니다ㅡ,0.0,99.69,0.31,부정
"역시 이낙연총리님 인격이 정말 품격있으시네요
존경합니다!",0.0,54.55,45.44,부정
총리님이 직접 밝혀서 뉴스기사로 밝혀줘서 고맙다고 해야하나 뉴스룸?  고마워 뉴스룸.,0.0,98.99,1.01,부정
총리는 부인의 그림을 팔았다는 기억이 제일로 남는다.,0.01,95.57,4.43,부정
확실히 이낙연 저 분은 내가 인생에서 몇번 못보는 진국이심,0.67,58.21,41.12,부정
믿고 보는 이총리님❤️,1.37,65.27,33.36,부정
"이낙연 총리님의 인성이 이것만 봐도
알수 있을것 같네요",0.0,78.6,21.4,부정
역시이낙연총리님최고    황교안은죽어도안할거야,0.0,81.69,18.31,부정
총리계속해야하는데...,0.01,94.41,5.58,부정
"늦게 왔다고 절을 했다고? 
만약 이낙연 총리가 저 절에 고개를 숙이는 인사로 대응했다면 기자들은 그걸로 어떤 그림을 그렸을까?",0.01,88.36,11.63,부정
이낙연은 전남지사시절에 4대강 정비에 찬성했던 실용주의자입니다.,0.0,99.09,0.91,부정
이낙연이 버티느라 힘드니? ㅋ 좀 더 버티면 권한대행? ㅋ,0.0,99.34,0.66,부정
이낙연 거부감없지만 너무 쇼맨십,0.0,91.31,8.69,부정
jtbc는 이낙연을 밀기로 햇구나....써키야...,1.83,95.64,2.54,부정
"이   낙   연   총리님 께    욕하지마라  역대  총리님  중에
이   낙   연    총리님  만 한분이  계셔든가   총리님 
욕하는   놈은   입을   확  찢어버릴것이다   암  .",0.0,87.83,12.17,부정
"전 총리  황교활   대    현 총리    이낙연!
참으로 비교된다!
그리고 말을 함부로 하면 안 된다!
""정부를 대표하는 사람이 기업인 따위 ...""
이래 말하는 넌 언제 사람 될래?
박정희, 전두환 때는 군관민이라고 했지만
지금은 민관군이라고 하잖니?",0.01,58.16,41.84,부정
"이낙연씨 사람좋은 선한역하고 싶으시죠? 자원봉사하세요 자한당 황교안같은 소심한 사람뽑아서도 안되겠고 좌우로 갈라치기도 안됩니다 현재 한국은 국민들 기운나게 할수있고 웃게만들수있는 대통령이 20대엔 필요합니다 
우선 지역감정없애고 좌우로 갈라진 국민들 부터 통일시켜야하고 니편내편 없어야합니다 얼굴보면 적어도 웃음이 나와야합니다 이낙연씨는 좀 무겁고 가라앉습니다 현재 대한민국 트럼프같은 사람필요합니다 엉뚱한짓해도 밉진않은 사람 한명있죠? 허경영씨 그 사람 대통령되는게 대한민국 국민들 스트레스 안받게할수있습니다 여야개싸움 보는거 지칩니다",0.0,75.46,24.54,부정
늘 겸손하신 총리님 최고,0.41,71.62,27.97,부정
문재인은 이낙연의 반의반만큼이라도 해봐라,0.0,59.35,40.65,부정
이낙연 총리가 참 괜찮은 사람같어...흥분하지도 않고 ..문통 이어  좋은길을 걸어주셨음 좋겠다. 한국당은 해체하고 제대로 정치하는 국회의원들과 좋은 나라만들어 주시길,0.0,59.78,40.22,부정
역시 우리 총리님!!!,1.48,95.88,2.64,부정
"Jtbc   시방새들   이걸  뉴스라고  아주  대놓고   이낙연총리  만세해라    소셜네트워크  애기하는것  봐라
이런  쓰레기  글과영상이   버젓이  tv로  방영되는것보면
방송관계자   총리를  대통령으로  부각시킬려고  작전하냐?
Jtbc   요즘  또  시작할시간되었지  가짜뉴스로   또  국민을  현혹시키고  눈가리게할려고   아직  문재인독재자  그늘에서  못벗어낳는가? 
이제는   니네방송은  쳐다도안보니  다음에  올려서  시청유도하는  ♬~♪♩♩♪  언론  시방새들",0.01,77.9,22.1,부정
"역활도 아무것도 못 하는
말만 하는 아주 무능한 총리님
문통에게 배운건 인사하는거
뭐야",0.27,98.78,0.95,부정
"그런데 총리만 찍히고 반대편에서 절한 분은 왜 안 찍혔는지
궁금하고 도대체 시진은 누가 찍었는지도 ㅋㅋ",0.06,97.89,2.05,부정
"자학 한심당에 무개념 종속 된자들과 기레기공장
직원들이 하는것 보면 불량품 뉴스 생산과 무논리
어거지로 떼쓰기를 하는게  본업으로 데이터가
나왔어요.이들의 정체는  세계인이 대화하기 꺼리는 아베 족속과 몇안되는 왜구들과 똑같은짓 하는 토착왜구와 매국노들 입니다
이낙연 총리께서는 기냥 무시 하시고 큰일 하세요",0.01,75.98,24.01,부정
총리님은 계속해도 될것 같은데 한국은 총리 임기가 너무 짧은거 아닌지,0.0,99.79,0.21,부정
가식과 권위의식에  쩔은 황교안이 보다 100배는 더 훌륭하신 분이심.,31.02,47.16,21.82,부정
이 사진 하나만으로 여론몰이하고 이낙연 까는 새끼들은 ㅈ잡고 반성해라,32.18,34.89,32.92,부정
이총리님도 페미대통령 희망하는거 아시죠ㅎㅎ^^;,0.16,64.08,35.75,부정
"이낙연 총리님!
자신을 내세우기보다 자신을 낮추는 모습이 보기에 너무  좋습니다.
역대  최고 대통감이라 손색이 없습니다.
한국 경제 발전을 위해 애써는 진정한 기업인이 있다면 총리로서
큰절을 할 수 있는 모습도 보일 수 있는 분입니다.
문통보다 훨씬 소박하고 신뢰가 갑니다.
부디 이 나라의 통큰 리드로서 거듭나셔서
분열된 국론을 통합하시고
경제발전을 위한 비전도 충분히 갖추시리라 믿습니다.
실력과 리드쉽을 지니고 계시니 
속좁은 야당들에게 아량을 베풀어 
화합하고 존중하는 새로운 한국 정치 문화도 
확립해주시기를 거듭빕니다.",0.0,91.22,8.78,부정
최고입니다. 이낙연 총리님^^,0.01,96.29,3.71,부정
"이낙연 홍보하나 보기싫다.
이런것들을 방송하나  공관에서 식사 만찬할땐가?",0.0,99.7,0.3,부정
