문재인 뽑은 ㅅㄲ들이 세금 더 내라,0.1,75.07,24.82,부정
문재인 작품인데 문빠들은  불만 없지요~,0.08,85.57,14.34,부정
"문재인, 다음정권으로 나라빛 떠넘기려고 하는가? 제발 군인연금부터 꼭 좀개혁해라. 아님 국민연금으로 통합시켜라",0.05,92.83,7.12,부정
문재인은 나라의 미래엔 관심없습니다 오로지 김정은에 충성하고 민주당 2중대들과 손잡고 장기집권해서 자신의 퇴임후의 일신의 부귀영화만 생각합니다,0.3,62.52,37.18,부정
민주당에 사람이 그렇게 없나?! 진짜 진표는 아니다!!이낙연이랑 너무 비교되자나!!!,0.3,74.63,25.07,부정
"문재인 정권에서, 김진표는 아니다.",0.04,81.08,18.88,부정
민주당이 망쪼로 가는거지 김현미는 집값도 못잡는 무능한 장관인데 거기다가 당만 다를뿐 친한국당 성향의 김진표까지 나서면 민주당 말년이 초라해질뿐이고 서민들만 힘들어 진다,0.08,96.24,3.68,부정
총리 교체 안하는게 제일 좋고 불가피하게 햐야한다면 정세균 원혜영 김부겸도 있는데 김진표가 웬말이냐,0.09,86.16,13.75,부정
이게 사실이라면 문재인 정부 지지를 완전 철회합니다. 김진표 같은 전형적인 개독 의원을 추천한 민주당 지지도 철회합니다.힘없는 민주당이나 사악한 자한당이나 변하지 않는 세상 똑같네요. 차라리 맘놓고 욕할 수 있는 미친 자한당이 맘 편합니다.,3.93,48.18,47.9,부정
문재인 왕국의 비참한 종말이 보인다.,0.04,69.18,30.78,부정
문재인 탄핵감이다.    어이가 없네,0.14,74.48,25.38,부정
총리라고 해서 꼭 정치인일 필요가 있을까   우리나라 지정학적 특수성을 고려해서 전직 군출신이 총리직을 수행하는 것도 괜찮다고 본다   전 대장 이순진 같은 분이면 무난할거 같은데,1.41,55.07,43.52,부정
문재인 천주교 잖아 측근들도 대부분 그거고,0.02,85.85,14.13,부정
자유주의자면 일단 배제. 더불민주당이 좌익이란걸 커밍아웃한거군,10.76,52.62,36.62,부정
문재인은 헌법에 보장된 종교의 자유를 탄압하려는가? 김진표 씨가  기독교인으로써 소신발언하는 양심을 정치적으로 이용하고 있다.,0.14,71.78,28.08,부정
그나마 민주당에 정신 제대로 밖힌 쓸만한 인재를 발견했는데 이걸또 자기들보다 똑똑하다는 이유로 거르네. 참 답없는 민주당 머저리들.,29.68,37.03,33.29,부정
이멍청한 민주당 고립을 자처하는구나,11.73,59.79,28.49,부정
문재인정권은 기독교인들의 압도적인 득표율로 대통령에 당선된걸 잊었나보네..빠이빠이다 민주당아.. 민노총 전교조에 휘둘리는 민주당  지지철회한다.,0.2,77.28,22.53,부정
더불어민주당은 보수입니다. 대한민국에서 진보정당이라면 정의당 정도겠죠. 자한당은 보수라기 보단 기득권을 가진 사람들이 권력과 신분을 유지하려는 왕당파나 조선총독부 같은 미국이나 일본의 이익을 대변하는 대리정당 성격이 강한것 같습니다.,0.08,54.97,44.95,부정
"문재인은 북한 대변이, 보호자 노릇해왓다. 돈 필요하면 북에 돈 보내고.",0.1,68.21,31.69,부정
"문재인이 무슨 중간에 사다리 역할이라고 다들 착각하는데, 트럼프하고 김정은이 이미 공개적으로 문재인 대놓고 문재인은 빼놓고 얘기하자고 꼽줬죠?? 슬슬 총선때가 다가와서 민노총 산하 어용언론이 평화쇼에 시동을 걸고있는데 이제 국민들은 너무 지칩니다. 나라 안에서부터 개판이나도 수습은 커녕 모르쇠로 일관하는 무능한자가 국외의 일을 해결한다고요? 뭐 트럼프나 문재인이나 서로 선거철이 다가오니 협상하겠죠. 평화쇼 한번 크게 해서 민심을 얻어보자 이런식으로. 그리고 총선 끝나고 다시 본래대로 복귀. 이제는 뻔하네요",0.39,87.34,12.27,부정
"문재인은 대한민국의 대통령이 아니다.북한과 미국의 따까리. 줏대도 자존심도 없는 사람.간에 붙고 쓸개에 붙는 인간.뭐하나 제대로 하지못하고,뭐하나 이루어 놓은것도 없고,몸으로가 아닌 입으로만  일하는 인간.",0.21,65.66,34.13,부정
문재인   뭐  저런사람이  대통령 이냐  우리동네  통장도  저 보다는낫다    진짜 대통령 잘  뽑아야하는데  최악이다    아마도 이런 최악의  대통령은  나오지 않을것같다,0.06,85.33,14.61,부정
이낙연 우리민족끼리 팔로우한 그사람?,0.01,87.75,12.24,부정
이낙연은  존재감 조차  없어보이는데,0.06,72.25,27.69,부정
이낙연 ㅋㅋㅋㅋㅋㅋ리얼미터 왜 그러냐 ㅋㅋㅋㅋ,0.11,90.38,9.51,부정
이낙연이가 대통 돼서 나라 더 말아 먹어라. 그래야 국민들이 정신 바짝 차릴 것 같다.,0.09,85.93,13.98,부정
이낙연이  차기대똥령되면 지금빨겡이섹기드리  해처놓은거 5년간 안전하게 도망칠기회주고 숨겨진다..,0.04,93.45,6.51,부정
이낙연총리동생건은 왜 슬쩍 넘어가나요?누군되고 누군 안되는게 이 정권의 현주소입니까?,0.01,54.84,45.15,부정
문재인.더불어민주당들어와서갈등지수200올라가고있습니다.갈등지수올라가면나라엉망이됩니다~~,0.01,55.1,44.89,부정
진정성의 아이콘 황교안대표님 응원합니다.,0.84,54.66,44.5,부정
이낙연이를 띄워주려고 구라치고 있구먼,0.08,83.18,16.74,부정
이낙연은 반드시 이겨라  지지율이 높으면 이길수 있다.,0.09,69.31,30.6,부정
이낙연은 보스기질 제로인 예스맨이라 리더로는 안되고 이재명이 진리임 진정한 서민대통령 감임 가난한 집안 공장근로자였고 검정고시 출신 자수성가한 개천에서 용난 인물임 강력히 지 지합니다 이재명님 !!!,0.38,73.69,25.94,부정
민주당 후보들 합치면 59%넘네요 ㅋ 선거 해보나 마나 ㅎ 미필아 ㅋㅋㅋ,0.14,96.01,3.84,부정
문재인 2년만에 30평아파트가 20억이다!  청년들아 지옥이다 결혼하지마라,0.02,83.9,16.08,부정
총리후보자 새로운 사람하나 없이 내놓지 못하는 정부! 정말 나라위한 정치를 하자는 것인지 같은 패거리들만,0.1,90.57,9.33,부정
총리는 역시 황교안 아니나?ㅋㅋ,0.14,72.04,27.82,부정
"총리는 대통령이 정치적인것이든 뭐든 말하지 못하는 것을 스스럼없이 어필할수 있는 총리가 사실은 필요한것 같다, 점잔만 빼고, 눈치보고, 야당에 맞서 말한마디도 못하고, 대통령속끌이를 속 시원히 속풀어줄 사람이 사실은 필요하다, 요즘, 대통령에 대한갖은 억지거리들을 정치도 경제도 중요하다, 대통령이 직접 언급하지 못하는것들이 있을때마다, 대신 어필해주는 총리, 강력한 총리가 선출되어야 한다. 그역할을 맡을사람은 아무래도 박지원의원 밖에 없는것 같다",0.35,70.74,28.91,부정
문재인 절친  울산시장  선거 부정사건  뉴스는  안보이냐  ?  채널 A  아니면  유트브에서박에 볼수가없네... 국민의 알권리를  통제하는  주사파운동권   ㅅ끼들....  저들이  독재타도 외치던자들이 맞나  ??,0.32,86.03,13.65,부정
문재인보단 나았다.,0.06,64.04,35.9,부정
이낙연?웃김 거짓뉴스같네~,0.08,87.67,12.25,부정
"민주당이 애타게 부릅니다, 총선전에 정계복귀 하시라고, 간철수여! 돌아오라.",0.07,95.07,4.86,부정
문재인나 너나 네들 좌파이념이 양심이나 법치보다도 우위에 있는 인간들이잖아.. 지들이 엄청 이성적이고 합리적인줄 아네.,0.07,83.52,16.41,부정
이낙연 띄우기에 책 한권을 썼네.,0.03,81.32,18.64,부정
이낙연이 1위라고  조작 여론 안믿습니다. 길거리 여론조사 결과로서 이것이 정말 진실입니다. 인천 서구 문재인 지지 14 .89% 지지하지 않음 85.11% 입니다. 인천시 남동구 모래내 시장문재인 잘한다 17.76 % 문재인 못한다 82.24% 유튜브 자유의창 김재홍을ㅈ검색해서  보시면 매우 많은 지역별 결과가 있습니다 이 정보를 많은 분들에게 전달 부탁드립니다~~~,0.8,59.07,40.13,부정
문재인 일당은 이제 안 뽑는다 문재인 뽑은 내 손모가지 자르고 싶다,0.06,77.2,22.74,부정
이낙연이 차기 대통령 선호도 1위라고? 그만큼 좌파에는 인물이 없다는 거지..그동안 좌파들의 민낯이 모조리 다 들어 났으니까...이 정권이 온갖 비리를 저지르는동안 꿀먹은 벙어리처럼 처신한 이낙연을 우리는 끝까지 기억할 것이다. 광야에 나와 봐라...그 지지도가 얼마나 허무한것인지 깨닫게 될것이다.,0.06,90.96,8.98,부정
문재인 개노릇한 홍어. 동생은 ?,1.36,69.28,29.36,부정
황교안이 대선 후보자에 오를만한 사람인가 아직도 한참 물갈이 해야할듯ㅉㅉ 나이든사람들이 제대로 봐줘야할터인데 광신도처럼 저러고 있으니ㅇ답이 없네요,0.16,50.34,49.5,부정
문재인이 말아먹었다고? 자기가 찍은사람 아니면 뭘해도싫어할 사람들은 그리생각하겠지ㅎ,0.02,91.66,8.32,부정
"민주당이 2년간 집권한 결과 현재의 사회상을 살펴볼때, 결론은 '적근적 반대'.",0.14,94.07,5.79,부정
이낙연은 친동생 대기업 불법취업에 대해서 책임져라,0.06,75.14,24.8,부정
이낙연 차기대통령 가장 유력. 이렇게 민주적이고 안정감있게 자리매김하는 경우는 지금까지 없었다. 지지합니다.,0.52,58.67,40.81,부정
이낙연새  끼 야 시골이장해라 재수없다,0.07,87.33,12.6,부정
민주당 찍으면 진짜 나라 골로 간다,0.08,90.2,9.72,부정
문재인도 그렇고 우리나라 정치가 개판이다보니 가만히 있으면 선호도 1위다. 알수 없는 놈을 선호하지만 막상시켜보면 그놈이 그놈. 끼리끼리 수십년 해왔는데 뭐가 다르겠나.,0.05,89.22,10.73,부정
문재인 째고 차기대통령 노리넹,0.05,72.77,27.18,부정
이낙연씨 국민을 악당으로 생각하십니까?   정말 이상한 말씀 하시네~  대한민국에 그런 국민은 하나도 없습니다.,0.19,84.56,15.24,부정
이낙연도 말로 재미보고 눈치로 정치하는 감성팔이 정치인이라는 것은 모두가 공감하는 분위기인것 같다 영혼도 줏대도 없는 이런 정치인은 국가의 존망을 위해서도 스스로가 결정해야할 시점이다,0.03,90.8,9.17,부정
이낙연이 북한선전매체인 우리민족끼리 트위터를 팔로우하던데 다음 인터뷰 땐 그 이유를 좀 물어봐 주시길. 심지어 이낙연과 우리민족끼리가 트위터를 시작한 날이 2010년 7월로 같던데 그것도 같이.,0.02,93.54,6.44,부정
민주당 안 찍어도 이낙연 총리 나오면 찍을거임. 안정적인 사람이 좀 나왔으면 좋겠음. 맨날 밖에서 투쟁투쟁하는 사람 말고,1.59,91.43,6.98,부정
이낙연이 대통령 될수있을까? 영패주의 문빠들이 가만  두고보겠냐구..정동영도 한방에보내버린 징글징글한 노.문빠들이 호남사람 대통령하는꼴 절대 못봅니다..,0.04,94.63,5.33,부정
이낙연   자기가  안정감 있다고 생각하나?  황교인이 웃통벗고 선인장 껴안는 샤람  ?  진짜개소리다 이낙연 그냥넌 존재자체가없다 꺼져,0.13,88.43,11.44,부정
이낙연 총리는 나라 팔아 먹은 이완용과 같은 자입니다. 문재인대통령이 나라경제를 망치고 북한에 안보위협만 당하도록 만들어도 대통령의 잘못을 지적할 줄 모르며 대통령 뒤에 숨어서 아무런 일도 하지않은 자이기 때문입니다,0.04,62.44,37.52,부정
민주당만 아니였어도..,0.57,86.35,13.07,부정
ㅗ,29.94,38.02,32.04,부정
일베 친일 자한당 개가 짖어도 기차는 달린다~~~ 차기 대통령 이낙연 총리~~~ 응원합니다~~~,1.23,60.88,37.89,부정
이낙연  그니깐 문재앙 탄핵시키라고 !!,0.07,89.43,10.5,부정
이낙연총리지지합니다.다음대선은이낙연이다.,0.2,81.83,17.97,부정
이낙연은 괜찮을것같다해도 민주당이 별로. 특히 요 근래 6 개월간의 행태를 보면서 꼴보기 싫어짐,0.06,83.0,16.95,부정
문재인 디스하는건가?,0.03,70.63,29.34,부정
이낙연 같이 말만 잘 해서는 안 되.  문재인 같이 조작 선동에 능 해야 되. 선동 하고 우기면 한국 사람들 잘 넘어가.......,0.3,86.96,12.74,부정
이낙연 목소리좀 어떻게 해라..모기소리도 아니도 중얼중얼..,0.01,92.17,7.82,부정
이낙연 띠우는 선전성 기사.. 목소리부터 그 비아냥 거리는 대답 태도.. 모든게 간사한 간신배로 보이는 인물임. 앞뒤 다른 전형적인 인간. 두우 해운에 왜 동생이 들어가서 앉았는지 말해보시기 바람. 현정부에서 가장 재수 없는 인간임. 얌전한 고양이,0.17,87.31,12.52,부정
이낙연은 국민을 위해 한 일이 없습니다,0.06,68.79,31.15,부정
이낙연이 대선 사전 선거 운동 벌써 시작 됬네. 합법을 가장한 불법.,0.05,88.82,11.13,부정
이낙연이 문재앙 싫다고 대놓고 얘기한거아님?ㅋㅋ 안정감이랑 재앙이랑 거리가 많이 멀잖아. 일본한테 굴욕외교 쳐 당하질 않나 북한한테 삶은 소대가리소리 듣지않나 미국한테 북미대화 패싱당하지않나 ㅋㅋㅋㅋㅋㅋㅋㅋㅋㅋㅋㅋㅋㅋㅋㅋㅋ,0.28,94.0,5.72,부정
민주당놈들한테서 절대로  나오면 않 됌   ‥ 특히  전라도,2.64,67.21,30.15,부정
이낙연 좋네 부러워? 교활 빠들 ㅋ,0.03,91.43,8.54,부정
문재인이 싸놓은 똥을 똥범벅으로 만들어놓은 이낙연.,0.06,85.45,14.5,부정
이낙연총리님  너무 좋아요 그리고 기사 쓴 기자의 글내용 느낌이 좋아요,0.0,60.49,39.51,부정
이낙연 총리는 일도 엄청 잘하고 사람이 참 괜찮은듯.,0.0,51.31,48.69,부정
이낙연님. 당신은 믿어도 되는 리더인가요? 지금의 나라꼴을 살려낼 수 있는지 묻고 싶습니다.,0.15,67.73,32.12,부정
문재인은 둘다 아니자나.,0.06,75.3,24.64,부정
이낙연이가 조금이라도 국가와 민족을 위한 생각이 있으면 문어벙이가 폭주할때 제대로 들이박아야지. 가만히 사람 좋은 행세만 하다가 대통령을 하겠다고? 택도 없다,0.19,82.82,16.99,부정
"이낙연에게 주식투기세력이 붙었고, 꼴통페미 세력이 백지수표 싸인받을 시동 걸고있다. 인간쓰레기들.",0.06,91.51,8.43,부정
최장수 총리? 문재인이  나라말아처먹는데도 옆에서 잘하십니다..아부만한거지. 싫은소리하면 자살당할까봐..ㅉㅉ  결국은 문재인충견노릇은 확실히 했다는증거일뿐..,26.97,53.3,19.73,부정
문재인 !! 이낙연 !!!못믿어요 안믿어요 믿지않아요!! 국무총리될때 민주당이 정한 적폐5적인지 7적인지 ??,0.08,64.32,35.6,부정
문재인의 하수이자 제2의 조국. 이낙연이 재통령이 된다면 이정권과 다를게 하나없는데 걱정입니다.,0.04,51.62,48.34,부정
이낙연이 너는 대똥령 깜이아니다 니 최고자리는  국무총리다 문죄인이가 너를 대권후보로 인정할것같냐  낙연아 니가  전라도라서 너를 이용한거야  인간아 정신차려라,0.06,94.02,5.92,부정
문재인 악덕좌파독식정부의 앞잡이,0.01,78.54,21.45,부정
이낙연총리님께.묻겠습니다.. 현재..문재인정책이..정상이라 봅니까...어쩜.무능해도 무능해도.역대 느껴보지못한..비겁하고 감성적이고.무능한문재인.... 이걸..다...뒤집어놓아야....국민은 총리님을..품을수있습니다,0.04,50.13,49.83,부정
"이낙연이란 사람 자체는 진중해보이고, 현재 워낙 인물이 없다보니 대통령으로 나쁠것 같진 않아요. 하지만! 현 정권이나 여당의 행태를 보면 반드시 정권교체후 합당한 비판을 받고 잘못한 댓가를 치뤄야 한다고 보는데, 이낙연총리가 대통령이 되면 그 사람들이 여전히 권력을 유지하며 나라가 더욱 기울어질것 같아서. 그래서 안되겠습니다. 임기 2~3년만에 이렇게 힘들어졌는데 10년이나 집권하게 두었다가는 내자식의 앞날이 걱정될것 같아요",0.32,85.82,13.86,부정
다읽었는데 이낙연 쩐다. 멋진사람인듯.,0.5,62.13,37.38,부정
얼굴마담 바지 허수아비 꼭두각시 총리,10.61,49.25,40.14,부정
총리님 말씀에 동의합니다. 정작 개혁이라는 것도 안정감있는 국정능력이 실행할 수 있는 거라는 점 문재인대통령님을 통해서 많이 느꼈습니다. 비슷한 분들에 의해서 이 기조가 지속되길 바랍니다.,0.13,71.33,28.54,부정
이낙연 아들 고대 조경학과 부산대 의전원 의사......조국딸 고대 부산대 의전원 장학금......빅원숭 딸 서울대 미대로 입학 법대로 졸업....이낙연동생. 문재인 동생 sm그룹 입사......개전라식 안정이냐???,0.26,83.79,15.96,부정
이낙연 총리는. 문재인정ㅈ권의 총리전까지만 해도 참다운 분이라 생각하고  지역 여야 색깔을 떠나서. 내개인적으로는. 좋아보였다. 하지만. 문정권에 총리로와서 본인의 정치성향이든 청와대의 수많은 사건사고의. 대처 하는 모습이 이낙연 본인의 뜻이 아닌  대통령에 맞추어 표현되는 느낌이 지금까지 느껴진다. 그래서 이낙연 총리에게. 많은 실망을 하고있다,0.06,53.24,46.7,부정
"문죄인도 이낙연도  도찐 개찐,  이낙연아  국민 우롱치 말라 !",24.49,41.23,34.28,부정
선인장이 문재인 민주당 조국이죠  이낙현 느끼함 목소리 깡통 입에 대고말하는거같다,6.52,64.12,29.36,부정
문재인덕택에 겉만 그럴듯한 좌파가 집권하면 안된다는걸 알았습니다,0.06,80.57,19.37,부정
문재인보다 잘 남?,0.06,71.75,28.19,부정
이낙연은 결정적인 실수를 여러번 했다. 최저임금급상승은 실질소득상승이 아님에도 정권과 함께 국민을 속였다. 돈뿌리고 6개월 6개월 거리던 경제정책을 실패후 장기적 체질개선이였다 말바꾸고 손털때 같이 동조했다 야당이 정권을 향해 분노하는 목소리를 낼때 막말이라 받아치고 집권세력이 국민에게 싸가지없다 못배웠다 매국노다라고 적폐몰이 할때 총리로서 방관만 했다. 조국문제로 나라가 두조각 나기전에 결정을 내렸어야 했다. 한일외교가 대통령실책으로 시작해 경제전쟁으로 확대되고 한미안보문제로 확대되는걸 구경만 했다. 검찰을 보호하지 못하고 있다.,0.12,74.03,25.85,부정
지지합니다~ 화이팅 입니다,2.97,48.92,48.11,부정
그래도 이낙연 커튼이 있어서 문재인이 살았던거지요!,0.84,56.95,42.21,부정
이낙연  총리 가  우리 대구 경북 여론 조사 에서도  차기 대선  1위 한거 보고   사람 보는 눈은 어데 서든  다 비스 무리 하다는걸  느낏소 ..우리  대구  경북 서도 1위 했다쿠면 더 말 해보이  뭐하요  우쨋뜬  축하 하요  이씨 아재요 ~,0.02,61.13,38.85,부정
"공산당과사상공유하는 종북들은빼고,..    그다음에 생각해볼것임......",0.35,66.86,32.8,부정
이낙연이 문제가 아니라 민주당과 정의당이 문제고 그뒤에 빨대꼽고 있는 좌파 이익집단들이 문제다.... 정책이 협치와 소통을 할 수 없는게 뒤에서 빨대꼽고 있는 좌파이익집단들이 원하는 방향으로 만들어야 되니 근거란게 없고 검증이란것도 없이 말장난같은 명분만 내세우고 명분과 실리가 다름을 모를리 없는 야당과 협치란게 될 수 없다.... 그러니 뭔 정책마다 꼼수와 편법과 불법이 다 사용된다......,0.17,94.58,5.25,부정
"응원합니다, 총리님🙋‍♀️",3.51,51.68,44.8,부정
이낙연이 곧 사직서 제출하고 총선 출마 한다더니 이낙연이 띄우기 시작 됐구나. 빨갱이들 스스로 다 자폭하고나니 생각지도 않은 이낙연이 하나 남아서 할수 없이 밀어야 하는 실정. ㅋㅋ 세종시로 출마 할 것으로 보더만.,0.19,86.9,12.91,부정
이낙연 총리 존경하지만..대통령의 깊은 신뢰라는 부분에서..마이너스..,0.0,57.63,42.37,부정
이낙연 90프로 지지율 장담한다....황당하고 교활한 미필자는 퇴출되고.....,0.04,94.32,5.64,부정
이낙연 총리님 니가 안정적인 리더라고? ㅋㅋㅋ 반미 친북 친중해서 안정을 찾을 수 있냐 이 새끼야,0.0,58.49,41.5,부정
"민주당 좋아하는 편은 아니지만 교안씨보다야 나은것같아 어쩔수가 없지. 한국당이 정권잡으면 다시 한번 시끄러워질것같고, 노동권 맨날 데모하고, 북한하고 다시 싸우고, 부동산은 상한제 없앨테고, 더 올라갈테고 불안해서 살수가 있나.",0.22,93.05,6.73,부정
"이낙연, 말은 번드러지게 잘해 가히 최고라고 할수 있다.  대통령이 말 잘하는것 중요하지.  그렇지만 문재인에서 겪었듯 말 잘하는것보다 이명박처럼 생긴거와 말은 정말 족재비 같아도 일 잘하는 대통령이 낫다는것을 뼈저리게 느꼈다.",0.95,69.76,29.3,부정
"이낙연은 욕할부분이 없어 ,..현재까지느느",0.11,73.1,26.79,부정
이낙연되는순간대한민국없어지고OOO되겠지,0.04,80.47,19.49,부정
이낙연? 더구나 심상정 좋아하는 사람 있다는게 놀랍네 호남에서 조사했네 ㅋㅋ,0.13,89.56,10.3,부정
문재인 구국의 대통령,0.06,56.01,43.93,부정
민주당 지지하는 인간들은 도대체 어느나라 족속들인지 그들의 정신세계가 궁금하다,0.02,92.46,7.52,부정
문재인 만세다! 말하면 주위에서 돌날아 와요! 구라미터! 돌맞아 줄을 려고!,0.07,76.77,23.16,부정
이낙연 대통령으로 재집권!,0.21,76.52,23.26,부정
집값 못잡은 노무현보다 더 무능한놈 빚내서 집사라의 미친박그네보다 더 무능한놈 집값하나 못잡는 바 보같은놈이 대통령이냐 꺼져라 집값이 오르고 있는데도 집값안정됐다며 집값잡기는 자신있다고 개소리하고 자화자찬한 주둥이를 찢어버리고 싶네 집값 처올려 집도 못사게 만든 재수없는 재앙놈을 죽 여버리고싶네 박그네때는 그래도 이보다는 집사기 덜어려워 살만했다 북한에미쳐 도움받기 싫다는데도 꾸역꾸역 도와줄거면 너혼자 북한으로 꺼져라 국민들 피빨아 북한돕지말고 그돈으로 임대아파트나 많이짓고 우리국민들 생활고에 자살한사람이나 돕고 나라빚이나 처갚아라,39.18,50.62,10.2,부정
이낙연 국무총리님 감동입니다 그 마음 알 것 같아요 ^^,0.18,54.95,44.88,부정
총리공관으로 기업인들을 불러모았고 지각한 기업인은 큰절로 사죄?..... 바쁜 기업인들 집합시켜서 묵시적 청탁도 아니고 대놓고 청탁했니. 겁박이라도 한거냐. 똑같은 잣대로 박근혜가 20년이면 문죄인은 최소 200년이고 세월호 침몰당시 절라도수괘 낙년이는 최소 300년은 받아야지. 기업인이 지각했다고 큰절로 사죄할 정도면 얼마나 위세가 세단 말이냐. 문죄인이나 조국이나 이넘이나 대국민 사기에는  천재적 자질. 절라도해안에서 약탈을 일삼던 왜구수장처럼 생긴 넘이 언론플레이나 하고 있으니 나라가 이모양 이꼴이지.,0.85,78.8,20.35,부정
"이낙연이 차기 대통령깜이다 기업인들 존중해주고,, 누구는 돈 뜬어먹고 깜빵쳐가있지만",0.07,93.9,6.02,부정
"이낙연총리가 저렇게 겸손하니 대선후보군 8명중 호감도 50%로 1위로 나오는거다.황교활이는 18%로 7위,간철수는 17%로 맨꼴찌.비호감도는 간철수 69%로 1위,황교활이는 67%로 2위...독보적 비호감도 1~2위.무능하고 사회물정도 모르는데다 초딩수준의 판단능력을 가진 의전병환자 황교활이는 언제 제정신을 차릴려나?",0.1,65.59,34.31,부정
대단하시네요 우리 총리님. 정말 대통령의 품격을 느낄수 있습니다. 멋지십니다.,0.38,52.28,47.35,부정
"늦었다고 총리에게 절을한다? 아하, 이런 권위적인 문화 없애는데 도움이 되겠군. 나도 절을 하자. 해서 생긴 이슈임",3.73,49.3,46.97,부정
이낙연이도 역시!!  보다 적극적으로 북한과ㅜㅜ!!???  동족을 학살한놈들과 팔로우ㅠㅠ!!??? 이거 실화냐???  대한민국총리가 적대국의ㅜㅜ.,0.25,85.48,14.27,부정
"이낙연뿐만 아니라 청와대 내부에 간첩들이 득실거릴 가능성이 매우높다. 자유민주주의남베트남도 북공산좌파 북베트남에 침공당해서 망할때도 자유우파성향에 반대하던 제1당당대표대선후보가 간첩임이 북베트남이 남베트남을 멸망시킨후 스스로 인정했다. 우리도 아무리 북괴가 우리를 위협하고 공격해도 협박해도 유독 유화적이고 국민세금을 마구잡이로 협박자에게 퍼주는 정신병자같은 행동을 보이는 것으로 볼때 대통령이하 청와대 여당더불어강간당포함 1,2.3중대 친북좌파장당 극좌뇌물위선부정의당 민평당 바른미래 전라도 토호손학규계내에 간첩들이 많을가능성높다",0.22,91.93,7.85,부정
문재인이 이낙연과 공산주의에대해 이미 의기투합하고 초장부뒤 국무총리를 시켰군. 빨갱이 놈들!,0.05,84.41,15.54,부정
총리라는 인간이 허가난 간첩질이군,0.16,80.83,19.0,부정
문재인 탄핵되면 이나라를 이끌어야 할 사람이 ᆢ,0.05,84.45,15.49,부정
문재인정권의 실세가 들어낫다 총리까지 구독해서 본다 빨갱이 집단이네 21대 선거에서 반드시 민주당 박살내야한다 국민여러분 분노가 북받처 되지겐네,0.09,84.43,15.48,부정
총리가   이지경이니   다른   장관들은  오죽할까    나라가 온통   빨갱    이   세끼들 천지구만    오늘날   한국이 어쩌다 이렇게까지됐냐    과거   월남의  부통령도  스파이였지   남의 나라일이아니구만,0.2,81.26,18.54,부정
이낙연 빨갱이도 문제지만 강용석이도 최종 판결 날때까지 나대지 좀 마라. 이미지 개선하려고 여기저기 다 쑤시는구만,0.02,86.73,13.25,부정
이낙연 OUT~!!!!!!!!!!,0.04,65.5,34.46,부정
이낙연 대통령님..... 좌파를 30년간 지켜주세요.,0.04,88.81,11.15,부정
이낙연 구속하라,0.1,89.84,10.06,부정
이낙연   나쁜인간  이군요  ?,0.27,75.79,23.94,부정
"간첩 문재인,이낙연,정경두  전쟁나면 니네부터 사살이다",9.64,57.1,33.26,부정
아냐..이낙연총리는 까지말자.,25.01,39.25,35.74,부정
문재인 정권은 종북 좌빨들  정권인거 국민들이 다  알고 있단다,0.05,89.97,9.98,부정
이낙연 간첩 선언일세,0.08,77.47,22.45,부정
이낙연   기억에도 없다니   이게  어찌된 일? 그렇다면 김정은 훌륭한 지도자라고 치켜세우던 그 말도 기억이 안나냐? 그것도 실수였냐? 이 날갱도 같은 인간아!,0.05,91.62,8.33,부정
이낙연총리 간첩이다 검찰수사하라 뭐히는거냐 대한민국 주요인사가 간첩이라니 언능 수사해서 잡아서 주체사상을 좋아하는 놈들 잡아들여라 북한이 사이비종교라 우리나라에서 종교의자유가 있다고해서 받아주면안된다 북한주체사상망하리,0.01,60.93,39.05,부정
일왕생일에 참석한 이낙연 토착왜구!! 우리민족끼리 팔로우한 이낙연 빨갱이!! 결론~ 토작왜구+빨갱이 네 더불어공산당이네,0.66,51.43,47.91,부정
"이낙연 : 김정은은 백성을 위한 지도자, 극찬 올려",0.13,79.82,20.04,부정
이낙연 : 나는공산당이좋아요~~,0.38,77.62,22.0,부정
이정권 전부 빨간색  일색이라~~더불어 공산당 ~~ㅇㅎ,3.32,56.75,39.92,부정
이낙연 탄핵,0.14,76.62,23.24,부정
총리까지 종복 집단일세ㅡ 말세로다   말세로다  문재인 이낙연  종복 들  터진당국개의원 다데리고  북으로가라  본심이 슬슬 나오네 ㅡ,0.33,69.3,30.37,부정
이낙연 좌파의 무리에 속하여 나라망하는 짓에 앞장서며 좌파이념에 가득찬 이유를 밝힌 것이다,0.05,84.41,15.55,부정
총리란 새끼가 입만열면 거짓말,0.04,90.12,9.85,부정
이낙연 정체성은 뭐냐? 간에  붙었다. 쓸게에 붙었다. 이번엔 어디 붙은겨!!!!  아님 원래 그동네 출신인겨~~~!,0.04,86.97,12.99,부정
"이낙연 국무총리 후보자가 인사청문회에서 고고도미사일방어체계 사드와 북한 문제 등 안보현안에 대한 입장을 밝혔습니다. --------------&gt;이낙연 ""북한, 군사적 주적…천안함 폭침 배후",0.04,90.3,9.66,부정
"이낙연 뿐 아니라 그 비서진들까지 다 조사해 봐야 한다.....  여태 이낙연은 유연한 이미지와 문재인데 비해 종북성이 덜한 것으로 알려져 왔는데, 오히려 더 위장되어 왔던게 아닌가 싶다.... 총리로서 종북으로 활동하려면 비서진도 모를 수가 없으니 그들도 다 조사해 봐야 한다",0.34,87.13,12.54,부정
이낙연 동무  이제  북한으로 귀국하시오.,0.07,76.72,23.21,부정
총리 꼬라지 하곤,0.26,77.84,21.9,부정
이낙연 완전 빨갱이이구만~설마 했더니 완전 실망이다. 그 나물에 그 밥이란 사실이 맘을 아프게 한다. 혹시나 차기 정권이 바뀔 수 없다면 혹시나 이 양반은 좀 덜 하려나 했더니만~ 완전 실망이다.,0.04,91.15,8.81,부정
이낙연 총리 퇴임하고 총선에서 민주당 총사령탑에 오르려 하니 똥줄탄 좃선이 황교안과 한국당 살리기에 총대를 멧구나. 아무리 똥줄이 타도 하는 짓거리는 박정희 때나 지금이나 변한게 없구나. 니들 꼴통들은 아무리 날뛰어도 10%를 못넘겨.,0.02,64.94,35.05,부정
"이낙연, 친북의 끝이 조금씩 보인다. 왜 나가셨나?",0.2,81.07,18.73,부정
총리가 빨갱이라니 대한민국도 곧 남베트남 꼴 나겠군!,0.09,80.2,19.71,부정
총리가 빨갱이였어..,0.25,77.41,22.34,부정
이낙연 빨개이였네ㅋㅋㅋ행복하냐 이낙연???,0.24,74.66,25.1,부정
이낙연:죄송합니다 수령님 우파 승냥이 때문에 잠시 구독 끊겠습니다. 추후 도모하여 수령님의 세상으로 만들겠습니다,0.13,85.14,14.73,부정
이낙연 나는 간첩이다 라고  국민앞에서 공식적으로 발표했다   종북좌파 빨갱이 라고 말로만 들었지 이번 만큼 확실히 간첩이리는 것을 알았다,0.31,86.47,13.23,부정
"문재인이 연말 특사로 국가보안법 위반한 간,첩들 빨.갱이들 다 풀어준답니다. 뉴스에 나온 얘기에요. 국가보안법 폐지한 이유가 다 있었네요",0.19,85.37,14.44,부정
이낙연총리로 끝까지 가면 안돼나?,0.0,66.58,33.42,부정
문재인이가 발표한번하고 김정은이한테 항복하고 나라 넘긴다고 한다고 여론조사 한번해보지??? 또 찬성50프로 넘을걸 ㅋㅋㅋㅋㅋㅋㅋㅋㅋㅋㅋㅋㅋㅋㅋㅋㅋㅋㅋㅋㅋㅋㅋㅋㅋㅋㅋㅋㅋㅋㅋㅋㅋㅋㅋㅋㅋㅋㅋㅋㅋㅋㅋㅋㅋㅋㅋㅋㅋㅋㅋㅋㅋㅋㅋㅋㅋㅋㅋㅋㅋㅋㅋㅋㅋㅋㅋㅋㅋㅋㅋㅋㅋㅋㅋㅋㅋㅋㅋㅋㅋㅋㅋㅋㅋㅋㅋㅋㅋㅋㅋㅋㅋ,0.4,83.62,15.98,부정
문재인은 드루킹으로 여론조작하더니 이낙연은 리얼미터로 하려나...,0.11,67.68,32.21,부정
"이낙연 동생부터 수사해라 ,,,",0.05,92.71,7.25,부정
이낙연이 전라도가 고향이지 민주빨갱당 대선후보로 나와라 그래야 영남도 단결하지,0.03,94.3,5.66,부정
이낙연이 대통령되면 지금 문재인정권  하고 뭐가 들리냐? 2년 남은겅도 주려운데 혹 이낙연되면 7년 연장? 에라이 개 좨지들,0.06,89.59,10.35,부정
문재인정부 시즌2 개돼지들,0.09,78.95,20.96,부정
이낙연? 웃기고 있네.,0.26,80.5,19.24,부정
차기대통 이낙연 끝,9.82,51.96,38.22,부정
이낙연 찍어서 현재 이나라  서민들 더  죽어나갈것이다 잘생각하고 찍자,0.07,87.36,12.57,부정
이낙연 조작이라는 애들아 그럼 이낙연 말고 다음에 누구한테 나라를 맡겨야 나라가 좀 차분하게 운영될까? 또 5년을 쌈질하게?,0.16,93.03,6.8,부정
이낙연 총리 국민들이 신뢰하고 믿음이 가는 정치가다  실용진보주의자다  명석하고정의감이있는 명기자로  여기저기 기웃거리지않는 소신이뚜렸하고 사람에도충성하고조직에도충성하고국민들에게도충성하는 몇안되는 대한민국의 빛나는 정치가다,0.09,63.26,36.65,부정
민주당은 이제 빨갱이로 해석해서 봐야함 이래도 민주당뽑으면 맘껏살아라 공산국에 기분좋으지? 개돼지들,0.14,86.95,12.91,부정
이낙연 누구???,0.22,82.42,17.35,부정
전라도 출신 이낙연을 누가 찍어 준대???  조작 좀 작작해!!!  이제 앞으로 더불민주당에서 대통령  안 나와!!!,28.3,41.61,30.09,부정
이낙연 총리님이 잘하긴 했지. 아프리카 돼지 열병이나 조류 독감이나 지진이나. 황교안 때는 구제역 때 돼지 다 죽고 메르스도 사람 죽고.......,0.01,65.64,34.34,부정
이낙연만큼 쉬운 정치한 사람이 있나? 총선에서 종로에 나와 떨어지면 거품빠질 사람,0.06,85.15,14.79,부정
이낙연이야말로 이미지 메이킹 끝판왕이던데,0.02,70.6,29.38,부정
민주당은 안뽑는다!,0.45,82.62,16.93,부정
이낙연이 누구여?,0.03,90.49,9.48,부정
황교안이 저 안에 이름을 올린 자체가 이해가 안된다... 아무리 대통령 인물이 없다하지만 정치를 해본적도 없는 인간이 당대표를 하고 대선후보라고??? 다른사람이 대통령되도 희망 없는데 황교안이 대통령되면 진짜 개폭망이다!!,0.07,52.55,47.38,부정
총리님 차근차근 쌓아 놓으십시요..    어차피 이기는 싸움이지만 그래도 황사이비 큰 득표차로 이겨서 자유망국당과 함께 역사에서 지워주세요,0.05,89.75,10.2,부정
이낙연빼고 대통령감이 누가있냐,0.15,83.41,16.44,부정
더불어 민주당은 조작만 하네... 무섭다 이젠,0.0,52.75,47.25,부정
여론조사는10-20프로 여당쪽올리니까 황교안이 일위네 황교안 30 이낙연 20,10.23,55.82,33.95,부정
이낙연보다 차라리 이재명해라. 아주 나라 거덜날려고 난리구나,0.08,85.23,14.69,부정
이낙연 내주위엔 아무존재감도 없는데 ㅋㅋ 차라리 홍준표가낫ㄷㄴ,0.01,88.47,11.53,부정
공산당은 무적권 거름,0.12,84.07,15.81,부정
이낙연? 미친,0.14,80.95,18.9,부정
전라도 이낙연,23.93,47.63,28.44,부정
민주당 정권들어서면 내 집 값 오르면 올랐지 떨어지진 않더라 노무현 이후로 민주당만 찍는다 특히 서울에 집있으면 제발 민주당 찍어라 어줍잖게 여기저기 기웃거리지말고,0.33,95.26,4.41,부정
이낙연이가 대통령감이라구? 웃긴다 말로만 다하는 말재주꾼일뿐 우리국민은 실제로 모든 국민을 화합하는 리더가 필요하다 국민을 여러갈래로 찢어놓는 문재인같은 인간은 절대 아니다,0.1,84.89,15.01,부정
이낙연ㅋㅋㅋㅋㅋㅋㅋㅋㅋㅋㅋㅋㅋㅋㅋㅋㅋㅋ,0.21,76.25,23.54,부정
민주당이 하면 경제는 어려워진다. 세금 올리고..경제 아마추어 집단..,0.06,95.56,4.38,부정
이낙연은 무슨 ㅋ 개똥 같은 소리하네 ㅋ,0.05,83.22,16.73,부정
이낙연  띄우기 뻥!,0.08,75.71,24.21,부정
"문재인 정권의  맛을  보고도,  우리민족끼리  팬인  이낙연을  선호 한다고? 아이구.  머리야.....",0.15,74.96,24.9,부정
이낙연 29%  웃기고 있다 민주당 문정부 인간들 절대 안찍는다  어데 헛소리고,0.06,95.18,4.76,부정
이낙연?    골때린다. 저게 대선주자? 대한민국에 인재가 저렇게도 없냐,0.07,86.36,13.57,부정
이낙연 ..좋아보여...,0.02,66.18,33.79,부정
이낙연 대통령당선되면 성을간다...,0.08,87.74,12.18,부정
황교안=박근혜다 이거 잊지마라,0.05,54.6,45.35,부정
이낙연 안돼 정말 살기 더 힘들어져 그것보다 더 한다구,0.11,84.08,15.81,부정
이낙연 총리님 동생에게 4570억대 관급공사를  주신 부분에 대해서 국민들께 한 말씀 해 주십시요,0.01,53.34,46.65,부정
민주당 대통보고 아직 정신못차렸냐 조만간 동남아 거지들이랑 비비겠다,0.06,95.05,4.9,부정
황교안이 이렇게 높다는게 어이 없네 ..  눈치없고 트미하게까지 보이는  음흉스럽기까지한  이런사람이 후보라는게 ..,0.08,51.83,48.09,부정
황교안이 20%라고?  국민들을 어찌보고 아직도이런 가짜기사를 퍼뜨리냐  멍청한 기자야 2프로겠지,0.15,55.91,43.94,부정
이낙연 당내 세력도 없는데 이정도면 대단하네. 하지만 총선 대선 지켜봐라 민주당에서 다른놈 내세울수있다.,0.06,87.08,12.86,부정
과연 문재인이 이낙연을 후보로세울까 완전 허구잖아그냥쇼,0.55,57.39,42.05,부정
이낙연전총리보다 황교알이가 이십프로인 게  놀라울 따름. 앞으로 더 떨어져 나가겠지만.ㅋㅋㅋ,0.11,84.29,15.6,부정
이낙연 ‥ㅋ 이 사기꾼 집단들이 또 설문조사 조작하고 자빠졌네 누가믿냐고 니들의 거짓발표를,0.05,90.54,9.41,부정
이낙연 가만가만  일도 잘하고 경거망동도 안하고 깨끗하고 신뢰가 간다,0.1,71.82,28.07,부정
이낙연 적화통일 이낙연 우리민족끼리 팔로우,0.01,62.82,37.17,부정
이낙연이 북한 통전부 지시 받아가며 통치할 텐데 그런 자는 문재앙 하나로 충분하다. 국민이 가만이 있으리라 생각하는가? 여론조작에 속아 멍청한 판단만하고 있구나!,0.08,91.62,8.31,부정
이낙연이 사람은 좋아보이는데 문재인 2탄 일수 밖에 없어. 대통령만 일하냐? 그 주위에 이번정권 재앙으로 만든 쉐끼들이 이낙연 주변에 득실거리는데...,0.22,89.2,10.58,부정
문재인대통령 다음 대통령은  안철수 대통령이  된다,0.15,78.82,21.03,부정
민주당은 다 적폐다. 이낙연 또한 민주당에 있는한 똑같은 적폐일뿐이다.,0.31,51.92,47.77,부정
이낙연이 1등이라니.. 소주맥주OOO 한것도없는게 뭐라고,0.05,89.36,10.59,부정
이낙연 문재인같은 x이다 절대 안된다,0.0,59.87,40.13,부정
이낙연이 대선까지 가겠나. 친노친문 운동권 586들 자기 계파아니면 통수치는게 전문이다. 청와대586들이 정적을 어떻게 제거하는지 그거 한두번 봤나. 윤석열 임기끝나면 사냥개 검찰총장 세워놓을거고 공수처까지 휘어잡으면 문재앙 절대독재 시작이다. 황교안은 진정 국가를 생각한다면 당장이라도 대표 때려쳐야되고.,0.03,92.81,7.15,부정
문재인 정부의 불가역적인 정책은 국가부채의 확대정책이다.   아무도 되돌릴 수 없는 이 정부의 정책이 국가를 부도사태로 끌고 가고 있다.   국가의 미래를 걱정하는 국민들이 뭉쳐서 더 망가지기전에 문재인을 끌어내려야 한다.,0.11,72.06,27.83,부정
현재 민주당은 완전 극진보되었다. 과거에는 그정도는 아니었는데,34.11,48.61,17.28,부정
문재인 = 기생충,0.07,70.28,29.65,부정
소득주도빈곤을 없애려면 그래도 경제를 잘 아는자가 총리되야하는거 당연하지 않나.,37.35,54.79,7.86,부정
진짜 웃긴다~~ㅋㅋ  김진표 자한당 응원받다,5.34,73.28,21.38,부정
문재인은 경제가 망해가는데도 진영논리에서 벗어나오지 못하고 있다는건가? 애초 대통령 그릇이 아니었다는 얘기군.,0.06,73.26,26.68,부정
자한당이 지지한다하고 무성이가 지지한다하니 절대불가. 총리도 대통령의 국정철학을 지지하고 추진해야하는데 자한당과 적당히 타협할게 분명하다,0.16,90.96,8.88,부정
진표를 총리시키면 난 민주당 지지 철회다.,4.01,50.89,45.1,부정
민주당 내 물갈이 대상중의 가장 핵심적이고 상징적인 인물인데 그런 사람이 차기 총리후보라고?   기가차고 통곡할 노릇이다. 개신교 뒤치닥거리 하느라 정신없을 양반인데 그렇게 인물이 없어서....에휴,0.4,92.09,7.51,부정
문재인 대통령이 이낙연 후임으로 김진표를 내세운다는건 이미지 희석임. 그동안 잘못됐던 국정운영에 대한 반성을 하겠다는 의미도 있고 문재인 대통령 지지하는사람들이 그걸 몰라 나처럼 문통 지지하지 않는사람들도 찬성한다는게 무슨의미인지 생각좀 해보길 바랍니다.,1.05,78.32,20.63,부정
찬성이 자한당 반대가 더불당ㅎ,6.53,48.63,44.84,부정
이낙연 국무총리가 유임하는데 한 표요.,0.04,80.68,19.27,부정
민주당 지지자들 사이에서도 인기가 없는 김진표,0.1,89.7,10.2,부정
문재인 정부 몰락하고 싶으면 김진표 임명하면 됩니다. 김진표가 황교안이랑 다를게 뭐가 있음,0.23,78.85,20.92,부정
"자한당을 지지하는 사람들의 댓글을 보면 너무 지져분 하다. 매너도 없고 품의도 없다. 그들이 하는 데모 속엔 욕설이 가득하고, 추함이 넘친다. 또한데모하고 지나간 자리를 보면 온갖 쓰레기로 가득하다. 사람의 진심은 말보다 행동과 그 열매 속에 더욱 뚜렷하게 드러난다. 그분들이 한국의 건전한 보수의 미래를 위해서 이런거부터 고쳤으면 한다.",3.66,69.67,26.67,부정
이낙연.. 한게 뭐있나? 언플로  지지율 자랑하고,0.05,74.28,25.67,부정
문재인의 실정이 너무커서  대선나오면  힘들거같음.노무현정권때도 이명박이 몰표를 받은거보면..이번에도  그럴거같으나..야권  후보가  경쟁력이없어  이 지지율이 그대로  갈거같기도한데..그러나  마지막변수는  안철수가  새누리당으로 입당해서  중도개혁정당으로  대선후보가 된다면..상황이 바뀔거같다.안철수가  새누리당 입당하느냐  아니냐..,0.99,54.06,44.95,부정
총리 로서는 너무 잘했다 이제 정치인으로서  국회에서  더민주당에서 당원들 마음을 얻고 진정성 정치를  하였으면 좋겠다,0.87,58.02,41.11,부정
이낙연은 전남도지사로서도 말아먹고  국무총리로서도 문재앙과 같이 나라 말아먹은 무능력의 상징 아님?,0.13,79.67,20.2,부정
그러니까 황교안이 차기대통령의 적임자란 소리..,14.96,47.37,37.68,부정
이낙연 국무총리..  차기 대한민국 부탁드립니다..,0.03,67.19,32.78,부정
이낙연 총리님 화이팅  양쪽에서 인기 많으니까 함부로 못건드리다가 이제 위협이 될듯하니 양쪽에서 견제하고 나서네요  더 좋은 후보 데려오든가 그럼  ㅋㅋㅋ 황교안이 지지하면서 이낙연 욕하면 먹히니?,0.01,54.47,45.52,부정
총리님 꼭 대통령  되셔서 국민들 안정된 생활이 되도록 지도자가 되시길 희망합니다..,0.13,64.18,35.68,부정
"이낙연은 전라도, 문재인계는 부울경..",0.2,76.13,23.67,부정
이낙연이 차기 1위인걸 보니 이 나라는 한번 더 망해야 정신 차릴듯. 문재앙2인데 무슨ㅋㅋㅋㅋㅋㅋㅋ 대통령?,0.07,93.8,6.13,부정
"이낙연 총리는 비적대적 품행, 절제력, 소탈함 등의 여러 강점은 있지만, 대통령제하 총리권한의 한계가 있었었더라도, 문재인 정권의 운동권주도 청와대 독주, 현실 외면 좌파정책 고집, 균형감없는 외교안보 등 심각한 국정실패에 대해서 총리로서 보다 분명하게 견제하지 못한 점에서, 국정2인자인 총리로서의 역할에 합격점을 받기에는 많이 부족했다고 평가되고 최장수 기록이 명예로운 경력이라고 할수없다. 앞으로 여권의 주요 대권주자가 되면 지금의 더불어민주당과 청와대 구조의 비민주성, 편향성, 이중성 등을 타파하는 일에 전념하길 기대한다.",0.02,53.15,46.84,부정
문재인 돌려까네.... ㅋㅋㅋ 친문과 대깨문들 때문에 대선은 포기 해야할듯...,0.09,87.92,11.99,부정
이낙연이 한게 뭐가있는데? 지금 한국 모든분야가 OOO나고있는데 또 주작질하네 ㅋㅋ,0.07,94.89,5.04,부정
이낙연 거물 놀이 하느라 목소리 까는거 극혐이다..,0.05,70.14,29.81,부정
이낙연이 대통령으로서 리더쉽이 있는지는 아직은 좀더 지켜봐야한다고 생각함,0.11,82.22,17.67,부정
"총리를 하면서 미꾸라지 처럼  자기 보신만 하였다. 예를 들어  부동산폭등을 총리로서 경제부총리와 국토부장관 교육부장관 등과 함께 종합대책을 세워야 함에도, 또한 경제에 총체적인 문제에 대하여도 미꾸라지 처럼 쏙 빠져 나갔다. 재임 기간동안 도대체 한 일이 무엇이 있는가?",0.86,81.37,17.77,부정
이낙연이 실제로 어떤 사람이든간에 문재인 라인에 서 있는 인사는 일단 거르고 싶다 종북 문재인을 막지 않고 뭐했는지?,0.12,92.64,7.24,부정
이낙연은 총리감으로 괜찮지만 대통령감은 아니다. 왜냐하면 이낙연의 단점은 끊고 맺는 맛이 없이 항상 두리뭉실 넘어가려는 우유부단한 면이 있다. 분단국가인 대한민국에서는 대통령은 카리스마적인 면이 어느정도 있어야 하는데 이낙연에게는 그런 면이 부족하다. 좋은 게 좋다는 능구령이 식의 처세는 지도자감이 아니다. 무늬만 이름다운 대통령은 국가을 이끌어 갈 능력은 안된다.,0.39,72.86,26.74,부정
이낙연 볼때마다 노짱 보는거 같음ㅋㅋㅋㅋㅋㅋㅋ,0.03,89.63,10.34,부정
이낙연 개인적으론 싫지 않지만 문재인을 보니 사람만 좋아서는 아무나 대통령 해서는 안된다 생각한다!  이념을 앞세우지 않는 진짜 대한민국 미래를 내다보고 정치 하는 사람 없나? 동네 이장감 밖에 안되는 지금 겪고 있잖아~,0.54,86.22,13.24,부정
문재인 대통령님 상왕이 되어 이낙연 전하와 함께 대한민국을 올바른 방향으로 이끌어주십시오.,0.43,62.57,37.0,부정
이낙연 절라홍어 OOO은 주사파 문재앙 바지사장 노릇하면서 여론 조작질로 가짜 차기 대권 1순위랍시고 여기저기 얼굴 마담하고 지랄염병질을하네.,0.05,91.21,8.73,부정
총리께서 절하시는모습 너무 아름답습니다. 시비걸걸 걸어어야지...의전왕 덤마진과 대비되네요....,0.15,87.6,12.25,부정
이낙연 영웅으로 만들려고 아주 작정을 하셨네 ㅋㅋㅋㅋ,0.0,81.97,18.02,부정
역시 이낙연 총리님 차기 대통령감이시라 확신합니다,0.05,60.1,39.85,부정
문재인단체모조리주사파구속하라. 비리투성이청와대와 공직자들 검찰은 수사해서 철저히 낱낱히 밝혀라.. 문재인탄핵.!  공수처절대반대!  연동비례절대반대 !,0.07,79.75,20.18,부정
문재인이 북한에 대해 아무 말도 안 하니까 이낙연도 입 닫고 있는 건가?  대통령이 저 모양이면 국무총리라도 제대로 일을 해야 할 거 아닌가.  자신의 지위를 이용해서 동생은 대기업에 꽂아주고 본인은 다음 총선에 나갈 준비를 하느라 이미지 관리만 하고 있으니...  ㅉㅉㅉ,0.08,89.79,10.13,부정
살다살다 김무성이 민주당 총리 지명 옹호를 다하네. 딴거 볼거 없다. 이거만 봐도 자한당이 김진표 총리 되기를 강력히 희망하는거 이거 하나만 보아도 김진표는 진짜 아니다.,23.14,38.65,38.21,부정
이낙연 저런 역적 같은 인간이 대한민국 국무총리다.북한에 죽은 많은 사람들이 죽어서도 눈을 감기 힘들다.내란죄로 사형하라!!!,0.13,76.87,23.0,부정
"이낙연은 사람으로써는 좋지만  나라가 걱정이되고 보수를 뽑고싶은데 나라보다는 자기뱃속 채우려는  사람만 보여  뽑기는 싫고,,",0.07,78.49,21.44,부정
이낙연이 도대체 한게 뭐가 있냐?? 그리고 이정부 들어서 재해 제대로 처리한게 뭐가 있냐??,0.13,93.56,6.31,부정
이낙연도  간첩이었어 완전 간천들에게  대한민국을  맞겼그만,0.01,90.27,9.72,부정
총리란 놈이.빨갱이 xx네,0.1,87.82,12.08,부정
민주당 다음 대선후보는 서울시장님? 조국이도 가고 낙연이도 가고~~ ^^,0.5,92.13,7.37,부정
"문재인보다 더하면더했지 덜하지안을인물... 뭔가 찝찝해.. 이양반 말투,표정, ...",0.05,86.48,13.47,부정
"이삭줍기 달인 이낙연, 호남조선 출신 이낙연, 문재인이 실정을 거듭하고 있는데도 막지도 못하고 감성으로 인기몰이 하는 이낙연이야말로 좌파정권의 진면목이다.",1.89,58.86,39.25,부정
이낙연 아들 !!부산대의전 조민과함께 아웃!!!!!,0.13,84.17,15.69,부정
이총리님 정말 안정적이고 호감 짱입니다 조폭같은 황씨와는 비교불가입니다 최고입니다,1.78,53.4,44.82,부정
이낙연 대통령 되는게 지금 최상의 국민 선택이야. 보수는 현재 국정 끌고갈 능력이 안된다. 야당도 제대로 못하고 협상도 못해서 파행적 국회 만드는 애들이 국민전체를 어떻게 끌고가니. 게다가 당분간 안보위기가 고조되서 국가가 최대한 안정기조로 거야한다. 총리 역할 수행하는거 보니까.이낙연이 딱이야.,0.07,86.87,13.06,부정
이낙연이 대체 뭘 한게 있다고,0.03,86.72,13.25,부정
이낙연 총리를 보면 인생사 새옹지마.  서울대 법대출신으로 가난때문에 동아일보 기자였다가 도지사에서 총리로..... 만약에 술술 잘 풀려 판사나 검사가 되었다면 총리가 되었을까? 죽기 전까지 포기하지 않으면 지는게 지는 것이 아니다.,0.0,58.33,41.67,부정
"문재인 빨갱이흉내내는 좌파, 이낙연 진골빨갱이 세포하나하나 빨갱이 좌파.",0.04,82.2,17.76,부정
"총리란 놈이 누구 말을 하나,,마치 총리는 책임이 없다고 말하네",0.09,84.5,15.41,부정
민주당 출신 문의장  정의장  니들은 삼권분립을 무시한 인간들...민주당은 사라져야한다 민주주의에 반하는   자들의  집단,0.14,92.1,7.76,부정
이낙연! 빨갱이 문재앙 좌빨정권 부역자! 아니 똑같은 사람이다!,0.01,79.7,20.29,부정
"어디가서 자한당 지지한다고 말을 못 함. 그렇다고 민주당 지지한다고 하기도 그렇고,,, 하는 일마다 자한당은 생떼부리고, 지지자들이 무식한데다, 늙었고, 태극기 부대가 연상되니 말이지. 새로운보수당 좋네.",2.75,53.69,43.56,부정
이낙연 니가 왜 5.18유공자냐!명단 까라!도둑놈들아!국민 세금 도둑질 하지마라!그리고.국가 보안법 위반한자가 어케 선거에 나와!,0.08,89.33,10.59,부정
민주당아 누가나오던지 안나오던지 관심없으니  자쿠  얘기하지마라,0.22,92.63,7.15,부정
민주당을 믿어요?   대깨문 탈출하여 자유대한민국을  제자리로 돌려 놓아야 합니다 제발~,0.04,97.49,2.47,부정
이낙연은 천황폐하 만세이~~하던놈이 어디서 입을 열어?,0.1,83.02,16.89,부정
"총리도 빨갱이인 정부, 정말 어이가 없다.",0.03,78.95,21.02,부정
이낙연 가즈인~~,0.19,55.04,44.77,부정
결승전 해라. 문재인 대 안철수. 비호감  결승전. 문재인  압승이다.,33.92,38.72,27.36,부정
이낙연놈이 대남간첩인가? 고정간첩인가?,1.41,60.65,37.94,부정
정세균  총리직 멋지게 한다면   청화대행 충분히 가능  접었던  꿈  잡을 기회   살려보소,1.49,64.46,34.06,부정
문재인 꼼수~ 사법부수장 하셨던 사람을 국무총리 시킨다고~ 한번도 경험하지 못하는 꼼수라~,0.04,81.15,18.81,부정
이낙연총리처럼 잘할 수 있는 사람이 과연 몇이나 될까?,0.01,58.01,41.98,부정
이낙연의 낙이 떨어질 낙이다.,0.02,55.35,44.63,부정
총리가 간첩이라니... 총선아웃이다,0.04,79.52,20.44,부정
이낙연 대통령 하고 싶으면 노선부터 바꿔라  아~~ 미래가 없다 사회주의 체제 연장이다,0.02,91.73,8.25,부정
문재인  딲까리  이낙연은  안된다  또다시  좌파에게  속을수는  없다   국민들  정신 차립시다   이낙연  out !!!,0.02,66.05,33.94,부정
역시 이낙연 총리 대통령감 !! 멋집니다,0.05,73.06,26.9,부정
문재인 이낙연 이인영 종북좌파! 나라를 통째로 북독재자에게 갖다 받치려나보다 ! 나라의 지도자라는 사람들이 국민의 자유 인권 경제 보다도 북독재자의 이익을 대변하고 있으니 비핵화도 더 멀게 만들고 있으니 이게 무슨 짓인지 모르겠다 퍼주기 그만하라! 종북좌파 퇴출! 문재인 탄핵!,0.02,59.47,40.51,부정
이낙연은 고향인 전라도에서 출마해라. 무슨 연고가 있다고 종로에 출마하냐?,0.18,73.82,26.0,부정
이낙연은  대통령이 될수없다,0.14,67.73,32.13,부정
ㅈㄷㄴㄷㅈ,19.35,48.06,32.59,부정
이낙연은 ㅂㅅ이고 황교안은 고장난 로봇같고.... 인물이 없음,0.19,75.82,24.0,부정
에스모와 정세균 총리에 대한 팩트 정리자료입니다.  https://m.blog.naver.com/ddong9781/221739458039,32.24,34.93,32.83,부정
이낙연 위선자소 소신도 양심도 없는 오직 문통의  하수인,0.03,76.71,23.26,부정
문재인 지지율 급등!,0.2,64.63,35.16,부정
이낙연 문죄인 같은 물아닙니까? 민주당 사회주의자 종북좌파 빨갱이 괴뢰집단 민주당ㅇ,0.12,85.62,14.26,부정
이낙연을 처형하라!!!!!!!!!!!!!!!!!!!!,0.01,93.51,6.48,부정
이낙연이도..종북 좌익이라는 것이 드러났네... 에잇..빨갱이들..,0.15,88.47,11.38,부정
정세균 총리 적극 찬성합니다.  문재인 대통령 밀어붙이 세요.. 화이팅!!,1.48,49.99,48.53,부정
종북좌파 공산당 빨갱이였군. 오죽하면 더불어공산당이라고 할까!!!,0.32,50.21,49.47,부정
"이낙연 총리는 속초 산불, 돼지열병, 이외 여러 사고의 피해 최소화를 위해 행정부를 잘 지휘하고 피해자 격려에 노력해 왔다. 미중 무역갈등이 촉발한 국제 경제침체에 대응하여 복지 확대, 중소기업을 이끌어 전연령대 취업률 저하를 막고 경제 취약계층의 구매능력을 일시적으로나마 보존하여 향후 발전 가능성을 보존하고 선진국 그룹 국가 중 성장률을 어느 정도 방어해냈다. 본인의 구설수 없이 안정적 국정을 이끌어 옴에 따라 차기 대선주자 1위로 평가받는 이낙연 총리에 감사 인사를 하고 싶다.",0.0,52.57,47.42,부정
민주당 이 빨갱이 집단 토착간첩놈들....빨갱이당은 해산시키고 전원 구속이 답이다 . 빨갱이가 총리라니,0.24,94.68,5.07,부정
이낙연 공산화,0.29,83.22,16.49,부정
이낙연의 과거 발언과 우리민족끼리 팔로우로 활동한 것으로 보아 종북좌파 빨갱이가 맞네. 순진한 척하는 인간들에게 또 속을 뻔한 국민들은 정신 차리시길.. 문재앙에게 속아 나라 개판 되었는데 이낙연에게 또 속고 있었으니.. 나라가 정상적으로 되돌려 놓기 위해선 문재앙 좌빨거짓범죄정권의 국무위원들과 더불어공산당 등 좌빨계열과 연관된 세력은 정확한 확인이 될 때까지는 믿지말고 선거에서 투표해야 할듯..,0.23,70.22,29.54,부정
이낙연은 올리고 문제인은 내리고!,0.06,82.1,17.84,부정
이낙연이 대통령이 되면 대북관련하여 김대중 문재인과 비교해서 다를게 있을까 의문이다.,0.08,79.31,20.6,부정
이낙연 빨아주는 경향기레기는 모냐? 전라도 패거리냐,0.09,91.45,8.46,부정
이낙연이 뭐간디 나라 위해 목숨건  황교안이 돈에 눈먼 전라 간재비가 무서빈디?,0.05,94.28,5.66,부정
민주당 절대안찍는다,0.24,88.14,11.62,부정
문재인 지시로 즙 짜러 가는 녀석 ㅋㅋㅋㅋㅋㅋㅋㅋ 표정봐라 ㅋㅋ 연기 많이 늘었것다,0.04,90.67,9.29,부정
문재인아. 넌 ?인이다. 죽어서도 지옥이나 갈까?,0.18,75.08,24.75,부정
문재인은 잘하는데 민주당이 문제임 ㅋㅋㅋ 언제적 정세균 ㅡㅡ 저 냥반이 뭐 한게 있나요 ㅋ,0.41,76.59,23.01,부정
이낙연을 누가뽑나ㅋㅋ,0.02,93.29,6.7,부정
이낙연을 민주당 대통령후보 나오기만 기다린다 개나소가 나가도 이낙연은 대통령 안된다,0.01,92.63,7.37,부정
민주당은 종말..조국때문에 시작되고. 문재인 때문에 더 말아먹고..이젠 공수처 검찰개혁만 외치니 속보여서 망하고..돌이킬수가 없는 열차..,0.34,89.4,10.26,부정
문재인 정권에 한번도 경험해 보지 못한 이런 비정상적인 정권 이낙연이 또? 끔찍하다 두번 다신 경험 하고 싶지 않다,0.14,80.07,19.79,부정
문재인 일당들과 별 차이를 못느낌~  한 놈을 쩔뚝이고  또 한놈은 목소리를 까는 정도가 차이?  어쨋든 간첩들 아니던가?  북괴와 짱깨는 우리의 주적이다!!!,0.09,83.12,16.79,부정
민주당 불출마 인물에 속심은 침몰하는 민주당 이란 배에서 먼저 뛰어 내린것이다. 그렇다고 살 수 있는 것도 아니지만 잘못된 문정부 역사에 탈출일 뿐이다.,0.53,88.22,11.26,부정
이낙연같은소리하네 ㅋㅋㅋㅋㅋㅋ 좌파는 이제 다신 안뽑아,0.2,77.77,22.03,부정
헐... 공산당이었네...이낙연총리 실망이다,4.18,62.62,33.2,부정
이낙연 시/벌/로/마.,0.06,81.41,18.53,부정
이낙연이  승리  할것  같다  황교안이  태극부대에  호위를  받으며  피할듯,0.15,81.14,18.71,부정
든든한 이낙연 총리님~ 응원합니다^^,0.03,77.33,22.64,부정
이낙연   니가   나와야   정권  뒤집어진다   꼭나와라  좌빨   바지 총리,0.7,66.38,32.93,부정
이낙연 저빨개이를 지지한다고???? 북에 인민을 생각하는 지도자가 생겼다!!!! 돼지찬양한^^ㅋㅋㅋㅋㅋㅋㅋㅋㅋㅋㅋㅋㅋㅋㅋ 개돼지들아 느그들은 답이읍다^^,1.46,88.2,10.34,부정
이낙연도~~주사파라는~~근데 차기대통령 1위 정말 대한민국이 망하기 일보직전이구나,0.02,80.92,19.06,부정
이낙연의 두근두근?경제는 기다리면? 쇼하시면 안되지요 경제는 때 가있답니다 ㅋ,0.05,54.78,45.17,부정
이낙연은 벌써부터 자창 좌파 친북임을 시인한 꼴입니다. 왜 한결같이 문재인이 임명한 사람들은 그 모양일까요.,0.07,81.94,17.98,부정
이낙연총리 잘하고 있는데 왜자꾸 언론에서 입터는지.. 암튼 기레기들.. 민주당도 똑같은 새끼들.. 니들이 임명하냐? 대통령권한을 지들이 뭔데 이래라 저래라야..,0.01,64.28,35.7,부정
문재인만 패죽일수 있다면 한손에 죽창을 들든 M16을 들던 누구든지 환영이다.,0.08,74.8,25.12,부정
"총리로서 우리민족끼리 사설 같은 것은 봐야 하는거 아니냐? 그래야 북한 문제에 대처하지, 왜 조선일보만 팔로우 해야 하냐",0.11,86.54,13.35,부정
민주당이 시켯구만.,0.11,86.56,13.33,부정
이낙연이 정체 드러났네 민좃당과 이중대당들 핵심인사는 김정은이  지시 받는 넘들이야,0.06,93.51,6.43,부정
이낙연 이중인격자    속은 빨갱이   쳐죽일넘,0.03,91.8,8.17,부정
이낙연 정말 괜찮은 정치인이죠.. 근데 좌파는 경제를 말아먹기에 대통령으로 가기에는 좀 무리가...,0.01,87.04,12.95,부정
이낙연안됩니다. . 빨갛습니다. .,0.76,66.06,33.18,부정
이낙연 민주당은 무슨 낮짝으로 나오냐? 이 나라꼴 보고...,0.0,85.39,14.61,부정
지난번 민주당 다수 뽑았는데 너무 후회 스럽다ㅠㅠ. 나라가 너무 어지럽다 . 내이번에는 한표도 주지 않을 것이니 그리알라~~,20.61,55.11,24.29,부정
"이낙연도 빨갱이, 싫어요~~",0.04,80.85,19.11,부정
민주당 왜이러냐 김진표 절대반대!!,1.1,83.76,15.14,부정
이낙연한테 쨉도 안되는게,0.19,81.4,18.41,부정
이낙연 황교안 유치한 선거송 틀어놓고 유세하는데 저기서 콜미 롸잇나우 틀어놓고 허경영 등장하면 어떻게될까? 허경영이 감옥에서 만든 콜미는 선거송이야 그 노래가 그때당시 음원차트1위 휩쓸었고 그래서 허경영 트럼프같은 폴리테이너가 무서운거다 사람심리가 그래 그리고 허경영이 대통령되면 트럼프 시진핑 푸틴 김정은 머리위에서 놀사람이야 엄청나게 머리좋은사람이다 사기꾼이라고? 내가 볼땐 말이지 미국이 북한 폭격하지않은건 허경영때문이야,0.01,65.66,34.32,부정
이낙연이 1위 ㅎㅎㅎㅎ 나가서 좀 물어보세요 그리고 심상정이 순위에 들어요? 와 완전히 민주당 조사네 ㅎㅎㅎㅎ 누가 문재인 제2시즌을 원하나요,0.02,91.01,8.97,부정
이낙연총리님 모든면에 존경합니다 가짜뉴스에 신경쓰지마시고 이총리님 생각대로  소신대로 국정에임하여주시기바랍니다.,0.02,52.68,47.31,부정
총리그만두면  뚝떨어지겠네^^^^,0.2,73.68,26.13,부정
이낙연 간첩 북한 지시 팔로우로 받네,0.13,82.8,17.07,부정
이낙연이 무얼 잘했는데   그냥 남듣기 좋은소리만 하드만    허수아비.  다시 김진표 해라.  나라경제가  개판이데  제발 정치다운 정치  한번도 보지몾한새로운 나라 말고   국민이 잘살수있고 예상가능한 나라에서  살고싶다 박그네의  창조경제와 문재인의 나라다운나라   나는 이둘을 구분하기. 힘들다,0.04,92.97,6.99,부정
제머리 생각에는 문재인탄핵 문재인하야 중에 문재인은 하야를선택할꺼라 생각합니다  문재인은 하야!하는게더 현명합니다문재인은 이미 나라에 주권 자유민주주의를 훼손하고 포기한  문재인입니다 나라에주권 마져포기한 문재인대통령뿐입니다~따라서  내일이라도  깨끗히  황교안대표님에게정권이양하고문재인은물러나면나라에주권자유민주주의 복원이 바로 됍니다   문재인 하야!하면  대한민국 이 어느정도는 용서해 줄꺼라생각합니다~나라사랑합시다~,18.4,49.87,31.73,부정
대통령과민주당이총리님응원하고지지합니다,0.25,66.74,33.01,부정
문재인 이 만드는 나라  우리 나라 좋은 나라,0.09,77.67,22.25,부정
총리가 간첩?,0.39,73.58,26.03,부정
문재인이나 찌르지,0.1,69.39,30.51,부정
이낙연이  문가  따까리  노릇  제대로 하고  있네   밀실 야합해서  불법으로  예산 통과시켜 놓고  이제와서  부수 법안   처리해  달라고?   불법으로  통과시킨 예산  무효화 하고  정상적이 절차에 따라   부수법안  먼저  처리하고   예산안을  다시  심의하라,0.25,91.67,8.07,부정
"이낙연이 뭘했다고. 차기 대선주자냐? 이 썪을 전라도 악귀들아(탈라도는 열외), 올해만 455% 조선족 폭증시켜. 조선족 200만명시대를 연게 자랑스러워서? 전라도 니들은 민족의 원수들이다.",0.05,93.82,6.13,부정
이낙연승,0.04,61.19,38.76,부정
이낙연은...우리민족끼리....남조선 특파원. 또는 간첩,0.06,73.65,26.29,부정
이낙연이는 나라의 지도작 감은 아니야 얘가 잘하는건 조문이야 조문총리 대통령돼봐라 사고가 많이나서 조문 대통령이 될거야,0.61,84.56,14.83,부정
문재인이 에게 물어봐라 ㅡ 좆불을 들든지 햇불을들고,0.02,85.29,14.69,부정
문재인 정부의 인사들은 이런 인간들이 넘쳐난다는 사실을 알아야 된다.,0.07,83.21,16.72,부정
"민주당출신 대쪽언론인vs공안검사 출신,
최장수 총리vs탄핵정부 마지막총리,
카투사 군필vs두드러기 미필,
노통탄핵시 소신투표vs죄순실의 꼭두각시",0.28,89.65,10.08,부정
이낙연 대 황교안 누가 승리할까.,0.04,68.26,31.7,부정
총리님 jtbc 같은데 나가지마세요,0.01,81.37,18.62,부정
이낙연 총리. 전남 영광 출생. 서울대 법대 출신. 카투사 병장. 기자생활. 왜국 특파원. 4선 국회의원. 군면제 담마진아. 병장님께 개기지 마라.,0.02,51.11,48.88,부정
언제나 신중하시고 온화하신 총리님!!! 항상 따뜻함이 느껴져요!!! 응원합니다!!!,0.33,55.44,44.22,부정
"조용한카리스마에 기품까지 더한 이낙연 총리님
지지하고 응원합니다~~^^",0.54,61.42,38.04,부정
품격있고 젠틀한 음유시인 총리님~~👏👏👏,1.05,59.68,39.27,부정
"이낙연  총리님
참 편하고
유머러스하고
지적이며  낮은자세고
최고의  지도자감",0.0,52.8,47.2,부정
응원 합니다  이낙연 총리님 ~,0.03,84.8,15.16,부정
"손서키 싫어요!

하지만 이낙연 총리님은 좋아해요!

문재인 정부 끝까지 지지!",1.78,52.22,46.01,부정
이낙연 총리...정말 무겁고 듬직하다..,0.0,55.66,44.33,부정
"이낙연이 장난 아니네~!

와... 쎄다~",0.02,90.67,9.31,부정
황교안 종로출마하면 무조건 이긴다,0.03,50.95,49.01,부정
"청렴한 총리직 하시느라 고생 하셨습니다.  막걸리 한잔 대접하고 싶은데,  만날 길이 없네... 연락주이소~~ㅎㅎ",3.17,57.2,39.64,부정
사전선거운동 고발,35.12,38.35,26.52,부정
"총리로 재임하시는 동안 보여주신 말의 품격, 참 멋졌습니다
감사합니다!
그리고 정치인으로서 다시 한 걸음 더 나아가 주신다고 하시니 든든합니다
그럼, 잘 부탁드립니다!",0.99,50.54,48.48,부정
총리님 거길 왜 갔나요. 지지자들 실망하게,0.02,84.08,15.9,부정
"이낙연 총리가 종로로 확정된다면 

자한당 황교안은 비례뒤로 숨고

홍준표는 종로는 피할거고 

김병준이 둥 떠밀려 나올 확률 100%

김병준은 종로에서 장렬히 전사 한 후 그 이미지로 대선을 노릴것이다.",0.26,69.8,29.94,부정
이낙연총리는 우리 정치인들의 언어순화에 일조하신분같다 그리고 관상자체가 억조창생을 먹여살릴상으로 눈섶과인중사이가 매우넉넉함을보여서 관상학에선 매우좋게보는상이다 관상문턱에 들어가본 저로선 배운데로 댓글을썼는데 이낙연을 싫어하시는분의 입장에선 내댓글에 화를내실분도있겠다,0.01,62.49,37.5,부정
"지름길은 모르고 직진하며 살았다는 이낙연 전총리님!

존경합니다.",8.87,51.5,39.63,부정
총리로선 훌륭하신분!,0.18,71.74,28.08,부정
총리님 대통령 나오세요,0.05,74.13,25.82,부정
멋지십니다 이낙연 총리님,0.0,65.81,34.18,부정
역시 우리 총리님^^ 개운해.,1.69,51.6,46.71,부정
나와라  숨지말고  이낙연,31.72,37.35,30.93,부정
"이낙연의 여유로움
손석희는 왜 불안해 보이는거지?...",0.03,53.33,46.64,부정
민주당은 총선용 자리인가?,0.3,85.01,14.69,부정
이낙연은 무조건임,0.1,69.29,30.6,부정
"총리시절 국민의 실생활과 가장 밀접한 
주택 버블에 대해서 만큼은 실책...
제대로 실태 파악도 못했고 대책 없었다고 봅니다.
그래서 무조건 지지 뭐 이런식의 신뢰는  어렵네요.",0.14,80.61,19.25,부정
이낙연 총리님을 통해 대한민국 국민인것이 행복하고 기쁘고 자랑스러운 날이 오기를 댓글에 무슨 힘이 있겠느냐만은 염원해봅니다,0.01,56.12,43.87,부정
"이낙연이 실용적 진보주의? ㅋㅋ 이번 정권 들어서서 실용적 진보주의의 사례가 하나라도 있었나?
얼렁뚱땅 정책 던졌다가 수습한다고 반에 반쪽짜리 개혁이 되거나 악영향만 준 게 대부분이지
실용적이지도 않고 진보적이지도 않은
80년대 주사파 운동권 정부잖아?",0.42,92.58,6.99,부정
문재인 독재정권에 있었던 인간은 안뽑는다. 시진핑 독재정권 흉내나 내는 독재자들,0.03,83.22,16.75,부정
역대최악의 총리!!!,20.85,48.32,30.82,부정
"이낙연도 문죄인의 비리를 알고 있었다고 본다,,,   같은  범죄자에  해당한다,,,

처벌 받아야  한다,,",0.06,90.67,9.27,부정
이낙연 괜춘은 인물인줄 알았는데 좌빨인사드만 나라가 온통 좌빨과 대깨문들이 설치니 큰일 이로고,0.06,93.64,6.3,부정
"와 ㅜ 진짜 이낙연총리님은
인물은 인물이시다. 언변이 와우",9.44,59.44,31.12,부정
"이낙연이도 감옥갈 날 얼마 안남았다.
나라 경제 망치고 간신 노릇한 꼴이 어찌되는지 보라.",0.11,85.0,14.89,부정
이낙연 고향  전라도에나  가서 해먹어,0.01,88.44,11.55,부정
언어마술사,28.9,41.82,29.29,부정
"이낙연 대권출마 ?
골때린다 정말인재없다
🐕나🐂나  대권출마
옆집 개똥이아빠도 대권출마하라해야겠다",0.02,93.7,6.27,부정
총리하신 분이 또 국회의원을 하고 또 차기 대선 후보로도 나갈려고 발부등을 치니 과연 좌파들의 권력욕은 북한 김정은의 독재 권력 집착만큼이나 집요하고 무서운것같다 쯔쯔쯔 저러니 정치 개혁이 뒷걸음질만 치는것이다. 대한민국 마크롱같은 젊은 정치 신인이나 마하티르 말레이시아에서 총리같은 노회한 지혜로운 정치인이 절실히 필요하다 😥에휴~~쯔쯔쯔  나라꼴이 웬 빨갱들 홍어 냄새만나니...썩은내가 진동을 한다 😤😨😱❎🇰🇵🇼🇸👎,0.34,51.65,48.01,부정
"총리까지 하신분이...ㅉㅉㅉ
명예로운은퇴를 모르시네",0.06,83.3,16.64,부정
"문재인.2
아무것도 못하고
폼만
잡은
식물총리.,???",0.06,80.0,19.94,부정
"이낙연도 좋고

정세균도 좋고

박시장도 좋고

김경수 지사사와 이재명 지사도 재판에서

반드시 살아오셔서  민주당이 더욱 흥했으면 합니다..

아 물론 당대표 이해찬의원 원내대표 외유내강

이인형 의원님도 역대 최고..

더불어 민주당은 어벤져스네!!",0.02,87.74,12.24,부정
"이낙연은 노무현정부때 고건과 같은 활용목적으로 본다.
문 떼거리거 옹립 시켜줄거란 망상은 빨리 버리길
욕심 부리면 이재명, 안희정 꼴로 간다.",0.15,79.21,20.63,부정
문재인도지겨운데,0.02,73.83,26.14,부정
"이낙연 보다 이명박이 훨씬 낫다~
진심",0.1,80.91,18.99,부정
"이낙연 총리님  요즘 뵐때마다 너무 따뜻한 온정이
느껴지시는 분♡♡",0.0,50.46,49.54,부정
최고였던 이낙연 총리님,0.31,59.17,40.52,부정
총리님 고생 많으셨고 새해 복 많이 받으세요,0.03,56.67,43.3,부정
"이낙연 대통령님 전라도가 낳은 위대한 대통령님!
전라도의 아들 이낙연!",1.07,67.39,31.54,부정
"총리를 거쳐 대통령이 되시거든,..박그네나 문죄인처럼.. 무능을 쑈질로 덮지 마시고..국민앞에 진솔하고 진중한 정치인이 되어 주세요..",0.14,78.85,21.01,부정
"이낙연 내년엔 
     문재인에 반기를???",0.08,87.42,12.51,부정
"이낙연  총리는 외모,  언변,  무게감,  진솔함 ,  인격등 기타  
모든면에서  타  후보자들을 압도한다!
적절한  유머와  인격이  무엇보다  두드러 진다!",0.01,57.78,42.21,부정
이낙연 총리를 차기 대통령 으로~~,0.01,52.32,47.67,부정
"우리 총리님~!!참 훌륭하셔요~!!
오랜동안 지켜보지만 너무 고맙고 푸근한 존재!!
내년 총선후 더 많은 꿈을 만드시고 펼치시길...",10.98,50.08,38.93,부정
"이낙연 총리는 차기 대통령이 될것이다
이재명지사 박원순 시장  최문순지사 김경수지사
잠재적 대권후보들이 부족한게 아니라
박원순 ㆍ최민순ㆍ김경수 지사는 
느낌이 문대통령과 비슷하고
그래서 차기는  약간은 위엄이 있는
이낙연총리가 될것이다
차차기는 이재명 지사 가능성이 높은데
자유당에서  오세훈이면 이지사가 이길것이고
김태호 지사면 버거울수 있다

 교알이는 ?
교알이가 만나는 사람은 이전부터
자기네 지지했던사람
대권보다 자유당 장악에만 재미들려 있어니
큰그림이 없다
안철수와 반기문의 뒤를 이을것이다",0.04,57.95,42.0,부정
이낙연 총리님 적극지지합니다...국민은 알아요 진심어린 총리님...반면에 개슴치래 살짝술취한듯  수염이나 기르고 광화문서 이상한놈과 쌩쇼하는 황집사  공안검사출신 퇴임후 몇십억 변호사비받은거 국민은 다알아요  당연 out입니다,0.25,67.26,32.49,부정
"이낙연총리님 아무쪼록 건강하시고
대통령후보로 꼭 나오셔야돼요.",0.0,53.79,46.2,부정
이낙연 이 인간도 알고보면 예스맨 일뿐이다. 그런데도 무슨 대단한 국무총리라도 되는양 떠드는것들 정말 한심하다. 그런 국무총리는 누구는 못하겠냐.,0.1,91.21,8.69,부정
이낙연 총라=포근한 이미지=막걸리 맛,0.04,90.16,9.8,부정
"이낙연
꼭두가시질에다
못하는연기사느라
고생했다
부끄럽겠다
원치않는
쑈하느나
아직늦지않다
부엉이바위
어드메있는지알쥐
고추는
떼노코 가그라
추한인생
워미터불",0.75,90.14,9.12,부정
"이총리님 수고하셨습니다.
부드러운 카리스마로 토착왜그들  혼내실때 정말 멋있었습니다.
건강과 축복을 기원합니다.",24.13,41.72,34.14,부정
"총리재직할때나인기있지떠나면인기뚝,저의장이 총리수락한건 대통령되기위한꼼수..차기대통은 정의장..",0.08,77.72,22.2,부정
이낙연 총리님 애정합니다 막걸리로 만든 빵도 맛있죠♡♡,0.0,55.06,44.94,부정
이낙연 믿음이 간다.대선 출마하시면 5표는 드릴게요.,0.03,81.9,18.07,부정
대통령 할 인물이 이낙연총리 밖에 없다.,18.01,45.59,36.4,부정
"이낙연 눈치 백단
한게 뭣있는가?
생각나는 것은
원전 폐쇠
국군 무장해제 
방어시설 해체 통한 김정은에게 충성 
외교/경제/사회제도 다 망가뜨린 역사의 대역 죄인  
그 앞잽이 이낙연 아닌가?",0.31,89.38,10.31,부정
"수저총리.
그냥 수저만 놓으시면",8.56,49.59,41.84,부정
"총리님은 겁나 좋아하지만
막걸리는 나랑 안맞어요.
완전 맛감 ㅋㅋ",0.05,90.49,9.46,부정
"총리는 현시국  책임지고
사퇴하고  내년 총선  나오지마라
나라가  이게 뭐꼬??",0.39,78.52,21.08,부정
총리로서 세월아 네월아 막걸리만 처마시다 이젠 국개2원하겠단다....ㅍㅎㅎ,0.07,87.48,12.46,부정
"역대급 총리  입니다
강력  응원  합니다",8.05,48.19,43.76,부정
"총리는 

청와대 벨보이

선출직도 아님.

그래서 

대통령 유고시에도

민주적 정통성이 없음.

이낙연은 

쓰잘데없는 한직 식충노인네.

거짓말도 곧 잘 함.

윤석열이 대통령에게 

조국 반대한다고 

항명했다면

다 기록됨.

능구렁이 식충 노인네.

총리직은 없애야 함.",0.13,76.74,23.13,부정
문재인보다 더한 사기꾼입니다,0.21,60.2,39.59,부정
"괜찮았던 총리로 기억될것입니다
응원합니다",16.7,43.0,40.3,부정
"민주당이 역대 여당 중 가장 국정운영을 못했다??

그럴수 있다...
근데 이 모든게 민주당의 잘못이다??
미친 ㅅㄲ들마냥 날뛰는 한국당은 눈깔에 안보이나 보다...
지금의 야당이란 놈들이 비협조만했어도 문제 제기를 안하겠는데
사사 건건 자신들이 갖고 있는 권력으로 방해를 하고 있다...

일본을 등에 업고 현정부를 공격하는 놈들이다...

난 한국과 일본 중 한국을 선택할 것이고
무능과 광기 중 차악인 무능을 선택하련다...",0.66,95.54,3.8,부정
이낙연총리 금수상관격으로 많이들 보던데 내년에 경자년이여서 별로임. 출마 힘들지 않을까 예상됨,0.0,54.32,45.68,부정
"이낙연 출마문제는 어려운 문제가 아니다
어차피 총리 퇴임하고 선거에 나오리라는거는 국민이 다안다
이것을 훼방놓으려고 야당이 국회인준 미룬다면 국민이 다알기 땜시
그냥 사퇴하고 부총리 대행하면 된다(이떄 문통이 국민꼐 어쩔수없는 상황에 대해 양해한번 구하면 됨)
국정보다 선거가 중요한거냐고 트집잡는건 발목당의 전유물이다
야당이 그렇게 국정이 더 중요하면 총리인준 서둘르는게 정상아닌가?",0.21,92.51,7.28,부정
이낙연  이넘도  씨레기 집단에  한몫 제대로 했지를,0.03,90.61,9.37,부정
"이낙연도 비리많은사람인데
왜 언론에 안터지는거지?",0.03,93.38,6.58,부정
이낙연... 참 무서운 빨갱이! 문재앙 손잡고 지옥에가라,0.05,88.26,11.69,부정
민주당은아웃이다,0.31,81.26,18.42,부정
총리직에서내려도 인기가 유지될까,0.03,80.37,19.6,부정
이낙연이 대통령되면 외국인 불체자들 엄청들어올거다.조경태의 질문에 확답을 안줬지.   기회만 엿보는 거같다.,0.03,93.1,6.86,부정
이낙연총리는 본인은 지역구 우너하겠지만 비례로 가서 전국을 지원해야한다.,0.0,55.5,44.5,부정
"황교안이 종로에서 꼬리 내린게 맘에 걸린가 보다, 기자는.....",0.14,50.74,49.11,부정
총리 청문회와 인준투표 지연작전으로 출마봉쇄?,0.03,86.91,13.07,부정
별문제도 안되는걸. 그냥 사임하시고 지역구에 나서면 되지. 정세균총리는 4+1이 국회인준 안해줄 명분도 없는데,42.59,54.39,3.02,부정
"황교안이

비례한국당으로 가면

자유당 당대표를 내려놔야 하는데

그 쫄보가 당대표를 내려놓는다고?

당대표 내려놓는 순간

등 뒤에서 칼 꼽는게 자유당인데?

정치 공학적으로만 보지 말고

그 당과 사람의 성격 부터 파악하고 글을 써...",0.44,53.62,45.95,부정
"종양 !
이제 이낙연 총리 공격하는중 !",6.95,59.05,34.0,부정
이낙연총리는 그냥 사퇴하면 된다. 국민이 그거가지고 뭐라 하지 않는다. 그저 기자와 언론사 적폐세력들이 이낙연총리가 선거에 참여해서 민주당에게 유리하게 작용하면 안된다는 심정이 반영된 기사로 읽혀진다. 택도 아닌거가지고 말을 만들려고 하는 언론사의 행태가 이제는 안쓰럽기까지 하다. 고마해라 마이묵다 아이가...,0.03,69.0,30.97,부정
"이낙연  총리는  황교안과  붙고  싶지만
황교안이  과연  ok할까?
이낙연  총리에  비하면  황교안은 한참  떨어지지~~
비교가  민망하지  않나?
아마 황교안음   결사코  피할거다~ㅋㅋㅋ
누구보다  본인이  알고  있으니
게임이  안되잖아~,ㅋㅋㅋ",0.4,59.39,40.21,부정
"민주당이 야당일때 가관이었지.
안대희가 몇달간 받은 수임료가 많다고 트집잡아 낙마시켰지. 문창극은 발언 몇개 문제 삼아 낙마 시키고.
조국 등 이 정권 지명자 들과는 비교도 안되는 사유를 가지고.
이 정권의 부동산 투기를 잡겠다는 것 하나만 맘에 든다만 이것도 제대로 못하고 집값만 올리고 있으니 제대로 하는게 뭔가?",0.59,96.63,2.78,부정
민주당50%넘기면 다 해결된다,0.12,85.7,14.17,부정
"이낙연이 이런 치는
정치 안 하는게 나라의 복이다",0.01,93.48,6.52,부정
"총리 일을 부총리가 대신하면 되지!!!
대통령도 권한대행을 황씨가 했는데!!!!",0.24,58.79,40.97,부정
이낙연도 결국 조국 이재명 안희정  처럼된다  빨갱이들공작정치는 상상그이상이다,0.0,94.52,5.47,부정
"이낙연이 사람이냐
멍뭉이만도 못한 빨개이 부역자",0.02,94.69,5.29,부정
"이낙연이는 밥은 안먹고다니나
목소리가 매일 죽만먹고다니는놈같아
어리버리 해 ~",0.46,87.22,12.33,부정
"이낙연은 우리민족끼리 팔로우 하신분이다..

대깨문들아..열심히 싈드 쳐줘라..
느그들이 좋아 하는 친북중에 친북이다.",0.07,73.09,26.84,부정
"이낙연이가 어디에 출마하든 관심없다
문재인 똘마니 이니까  시키는대로 할텐데
신경 안쓴다
대표 꼭두각시",0.1,86.94,12.96,부정
함 붙자 황교안 10% 득표에 만원 건다! 이낙연 총리 승리에 십만원 건다 한일전 승리위해 토착왜구 섬멸하자!,1.29,52.62,46.09,부정
황교안이 차기 대선주자?ㅋㅋ지나가는 개가 웃겠다.,0.05,53.55,46.4,부정
나카무라 황교안 쫄아서 못나온다에 500원 건다,5.99,50.23,43.78,부정
이 총리님 속으로 기뻐하실 걸,16.21,45.05,38.75,부정
"황교안이?
나는 백퍼 비례로 나온다에 오백원 걸 자신있다.
그가 살아 온 길을 되돌아 보면 답은 있다.
그는 절대 자기 자신을 던지는 무리수를 하지 않는다.
가만히 앉아서 의전이나  받는 것에 익숙해져 있는 몸이 황교안의 몸이다.
비례도 눈 속임용 정도의 순번에 갖다 놓을 것이다.",0.03,54.89,45.09,부정
"황교안을 종로로 끌어내려는 저들의 간교한 술수이니 신경끄시고 4월총선 진두지휘 하시라.
지역구에 갇히면 당이 위태롭다.전국을 다니며 선거지원을 위해서 비례로 가시고 저들을 박살내는데 집중하시라",0.12,69.81,30.07,부정
"황교안이 나가겠냐ㅋㅋㅋ
비례 받아 나가거나 대구로 나가겠지ㅋㅋㅋ",0.19,62.41,37.4,부정
이낙연과 황교안?   사랑과 짐승!  그냥 웃는다.,0.05,52.17,47.78,부정
"이낙연이 대선을 삶은 소대가리가 웃는다
이낙연 은 북에 다퍼주고 의혹 투성이인
조국을 두둔하고 능구렁처럼 해서.....

문죄인이 나라를 적 같이 만들떼
이낙연이 말리지 않아서 책임이 대단히크다
낙연이 든든하게 한것은 없고

좌빨 기레기 언론들이 지지울 높이려
좋은 이미지의 기사만 2년반 씩이나 썼다

반대로 황안은 뭉가집단이 나라를 적같이
못만들게 막기만 했으니 최고의 애국자다

황대표만 기업을 살리고 국민을 살리고
나라를 살린다 ㅡㅡㅡㅡㅡㅡㅡㅡㅡㅡㅡ",0.11,93.73,6.16,부정
이낙연  빨갱이다  전남가서  무엇이든  그쪽에가서  살어라  빨갱이는  전남으로가라,0.03,87.89,12.08,부정
이낙연의 압승 예상.,0.04,51.79,48.17,부정
"황교안이 바보 냐??
종로 출마 하게,,
황교안은 비례나
대구에서 나온다..OK??",0.15,57.74,42.11,부정
"이낙연 총리를 상대로 게임이 되겠나?
황씨 하는짓 보면 절대 종로 안나온다..
차라리 비례 안정권 가지..ㅋㅋ",0.03,62.7,37.28,부정
오픈게임,23.82,52.35,23.84,부정
"이낙연이야 나가겠지만, 황교안이 그만한 배짱이 있겠어?",1.54,77.76,20.71,부정
당연히 이낙연 압승!,9.51,46.03,44.46,부정
당근 이낙연 완승,1.13,56.9,41.97,부정
이낙연 총리하고 붙겠나  비례대표 1번에 본인지명 하겠지,0.0,53.02,46.98,부정
"이낙연이는 출마자체가 불가능할거다!
미안하지만 정세균이는 청문회 통과 절대 못할거다.
더미당에도 제정신을 가진 의원들이 전혀 없진 않으니까, 두고 보자구 ㅋㅋㅋ",0.76,87.07,12.16,부정
이낙연 국무총리님 홧팅⟩.⟨♡,0.1,57.6,42.3,부정
"이낙연의원님은 비례1번
전국구의원으로!!!!!",0.05,81.82,18.13,부정
"황교안이 종로1번지 출마?ㅍㅎㅎㅎ 저런 졸보가?
그런 용기라도 있으려나?
종로주민 무시하는것도 아니고~~",0.14,54.02,45.84,부정
"황교안이 종로에 나오겠다고. 설마. 
그런 뱀 같이 교활한 사람이 나와봤자 질텐데
거길 나오겠냐? 절대 안 나온다.",0.1,56.67,43.22,부정
이낙연 한표 가즈아,0.07,88.28,11.65,부정
이낙연 석패율로 당선예상,0.01,74.23,25.75,부정
황교안이 종로로 나올리가 ㅋㅋㅋㅋㅋㅋㅋㅋㅋㅋㅋㅋㅋ 비례 2번 아니면 tk로 나가겠지 ㅋㅋㅋㅋㅋㅋㅋㅋㅋㅋㅋ,0.2,54.86,44.94,부정
"이낙연은 선거에 지더라도 크게 잃을게 없지만
황교안은 지는 즉시 정치 생명 나가리일텐데
과연 성사 될까",0.07,84.44,15.49,부정
"이낙연 총리님이랑 한판 겨뤄볼 배포나 되나?
쫄아서 못나오고 비례  앞번호 받는다에
한표",0.01,50.05,49.93,부정
"이낙연 총리님 기분 나쁘시겠다
깜낭이 되는 인간하고 붙여아지",0.0,51.35,48.65,부정
이낙연 총리님 승,0.0,51.36,48.64,부정
"이낙연이 인기 있다 하지만 다 작품이다
제발 속지마라 빈 깡통 일수 있다
황은 아직 깜도 못되고...
참신한 젊은층이 나서야 하는데 당이 걸림돌이다",0.1,90.88,9.02,부정
응 황교안 지역기반도 없어~ 응 총선에서 낙선하면 바로 정치인생 아웃이야~,0.79,51.94,47.28,부정
"이낙연은 민주당 지지자들에게 엄청난 신망을 받고 있는 사람이고
황교안은 자한당 지지자들 사이에서도 비아냥을 받는 사람 아닌가? 머 해보나마나지 ㅋㅋㅋ 웰컴",0.15,79.74,20.11,부정
"황교안이 미쳤나 지역구에 나오게....교활한놈이자네...
비례하다가 깝죽대고 대선 나오겠지...",0.17,56.67,43.16,부정
"이낙연 국무총리님  먼저 축하드립니다  어떻게 사람이 개와 비교가 됩니까   개교활 감축드립니다 
복날 기다리겠습니다 종로보신탕",0.15,76.7,23.15,부정
"이낙연 낙선하면 홍ㅡ어들 뭐라할까.😆

부정선거라고 ᆞᆞ특검하자 하겠지ㅋㅋ",0.19,86.24,13.58,부정
이낙연 압승에 백만원 건다,0.07,68.08,31.85,부정
이낙연 승 120 대  빵 ㅋㅋ,0.01,90.11,9.88,부정
"이낙연 대통령후보와 누가  붙을 수있겠나?  

차라리 민주당의  정치 신인과 횡교환과 붙게해서  교환이를  쪽팔리게 만들어야한다.",0.33,79.79,19.88,부정
이낙연 깜도 안디ㅢ는게 어딜 댐비나,0.03,90.86,9.11,부정
"이낙연은 출마해야 맞지만 황교안은 그기 출마 안해 대통령 출마 할것이거던,,,",0.4,81.46,18.14,부정
"이낙연은 경북만 아니면 어디든 출마해도 당선될테니, 지역구 출마할듯
황교활은 경북에서만 당선될텐데 경북에서 출마하면 욕먹을게 뻔하니, 그거보다는 욕 조금 덜먹을 비례대표로 갈듯. 총선에서 개누리 참패로 대표 사퇴가 예정되어 있기 때문에, 국회의원 신분이라도 황교활은 가지고 있어야함. 안그러면 완전 재야인사 되버림. 그럼 전정권 비리 수사에서 보호막이 없어지기 때문에 반드시 비례대표를 원할것임",0.53,73.77,25.7,부정
황교안은 겁쟁이..절대 이낙연 총리님이랑 붙을 일 없음,0.21,50.93,48.86,부정
"이낙연 60프로 이상
황가 30프로 초반 예상한다.
장담컨데 담마진은 무서워서 못나올거다.
지면 정치생명  끝이고 국정농단.게엄령으로 끌려갈거다.",0.1,85.29,14.61,부정
이낙연  완전 승,0.04,65.69,34.27,부정
"황교안이
탑골공원 늑달이들 믿고 덤빌수도...
100% 교안이가 엉덩이 뒤로 뺄것이라는데 
이정현 손모가지 건다.",0.17,56.7,43.13,부정
"이낙연 총리가 종로에 나오면 황교활은 절대 종로 안 온다.

서울에 나온다면 그나마 자한당에 유리한 강남이나 촤대로 와봐야 용산 그도 아니면 대구, 경북, 충북 그것도 아니면 비례1번.",0.01,62.95,37.04,부정
이낙연이 정세균 땜방하는것도 웃기고 황교안이 당대표인데 선거 나가게되면 자기 지역구도 담당해야하면서 동시에  전국을 돌아다녀야 하는데 그게 가능하냐? 그냥 황교안은 한국당이 선거에서 패하면 자리에서 물러나면된다.,0.09,93.13,6.78,부정
"이낙연 총리한테 졌다그래야 덜 쪽팔린거지.
ㅎㅎㅎㅎ
암튼 황교안이야",0.0,58.47,41.53,부정
"황교안을 너무 크게 평가해주네 

갸는.. 비례 아니면... 꽃길 만들어진 공작의 길이 아니면 안가

지금 열심히 뛰는거 봐

자신이 쓸모잇다고 누구에게 어필하는거 같냐?
한줌 개독패륜극우들일꺼 같냐고.. 저 약아빠진 소인배 기회주의자가.

어자피 한국정치는 사족이다. 한국정치인들 스스로 나라를 고쳐볼 생각도없이 70년간 민족과 기독백인과의 전쟁이 무엇을 의미하는지조차 모르는척하면서. 사리사욕 지 잘난척 .. 우물안 출세에만 대가리 굴리고 산거다. 

그러니 민주화 끝내도 광주보다 더 처참한 천안함세월호 

역적개독 원죄로 민족봉헌",0.27,63.17,36.57,부정
"이낙연이 나경원 잡으러 갑시다.
동작구에 출마 하세요.",0.06,85.48,14.46,부정
황교안이 미쳤냐 종로 나오게 ㅋㅋㅋㅋ 나오면 100 쳐발리는데 무조건 경북 대구에서 나오겠지 ㅋㅋ 저런 애들은 실패를 두려워해서 그런거 못함 ㅋㅋㅋ,0.79,54.35,44.85,부정
"이낙연 총리는
광진구 가시고 종로는 임종석이가 나오는 게 맞는 거 같다",0.01,63.93,36.06,부정
"소설, 한번 붙자 자유민주주의 수호 황교안 10% 득표에 만원 건다! 북 매체 우리민족끼리 팔로우 의혹
이낙연 총리 승리에 십만원 건다 한일전 승리위해 토착왜구 친일지주한민당 더불당 전신 섬멸하자",17.6,47.33,35.06,부정
"민주당 놈들 쓸만힌 인간
한놈두 없다",3.01,62.98,34.01,부정
이낙연은 곧 감방갈텐데 이종찬이  나오겠지,0.05,75.15,24.8,부정
"이낙연 같은분은 험지로 출마하셔야지요

대구 달성구 부탁드립니다.",0.13,54.97,44.89,부정
이낙연과 황교활...급이 다르다...비교자체가 이낙연총리에겐 모욕이다!!! 교활인 대구로  안전빵 갈거지?,0.45,54.79,44.75,부정
"국무  총리  이낙연     (빤스 파 황교안  보다 
비교안되고 )     훨씬났다",0.6,53.67,45.73,부정
"황교안이뭔데?
이낙연이랑 급이 같은것처럼 기사쓰냐?
비교자체가안되는거모르나?",0.29,50.91,48.8,부정
"문재인 정권 의 희생타
이낙연  되리라",0.28,73.26,26.46,부정
"이낙연? 종북매체 우리끼리 구독하다걸린자..
이건 나라 망한증거지..",0.04,91.15,8.81,부정
"이낙연?
느릿느릿하게 말하면서
통박굴리느라 욕 본다만

국민들이 통박굴리는 것을 모르는줄 아는갑다만...
꿈깨셔용 이예?

통박굴리는 인간은 통박으로 망한다는 것을 알어얄게다.",0.22,89.1,10.68,부정
"이낙연은 당이 요청하면 죽어도 나오겠지만
황교안은 확신이 없으면 죽어도 안나올거다
ㅋ 어차피 당대표 1회용, 비례라도 남아야~
(머리깍고 몇일굶고  한데잠자는거 알겄쟈?)",0.1,83.7,16.19,부정
"황교안이같은추잡스런시궁창쥐새끼가종로
출마마려하겟냐
개막창날게뻔한데
황교안이같은더러운간신배이중인겨자는
정치판에놀면그놈으로정치판오염됀다
천박스런수구꼴통사기꾼거짓말쟁이이중인격자
간신배
더러운시궁창쥐새끼같은천박스런 사기꾼",0.88,56.01,43.11,부정
이낙연이가?  종로에서 낙선된다에  굿,0.1,86.51,13.4,부정
"이낙연하구
황교안하구
붙으면ㅡ항교안대표압승100%이김
이낙연총리해노은게뭐잇음",0.14,58.72,41.14,부정
"황교안, 이낙연
니둘이서 코피터지게 싸워봐라
그래본들
권좌에 오를분은 윤석열총장님이시다
여, 야,
법대로 해결하시고 
대권, king 으로 돌진하입시다
윤총장님만세!!!!!!!",0.09,55.2,44.71,부정
민주당이 정권 또 잡으면 경제 더 폭망합니다 !,0.04,95.87,4.1,부정
황씨 승,35.02,45.86,19.12,부정
황교안 ㆍ이낙연 종로출마시에 황교안100% 승리한다,0.06,56.56,43.37,부정
"이낙연...
이제 고만하지..

황교안 대통령이시다

넘 깜이 안되",0.08,88.17,11.75,부정
"문재인씨의30년지기
송철호 울산시장선거의 꼬붕짓으로
울산부시장으로 영전한 송병기 
선거부정전문가의 메모에 적힌
10.13일 !!!
문재인,임종석,송철호는 과연 
무슨짓을 했는지  윤석열검찰은 
분단위로 그날의 3인간의 행적을 
조사하여 처벌하시오.
3.15부정선거 책임자  최인호는
사형당했습니다.
울산시장 부정선거 책임자도
사형시키세요.
이것이  정의요! 공정입니다!",0.43,76.79,22.78,부정
"◆경             축◆
※ 2020년 04월 15일 토착왜구 소각 기념일
자신들의 가업과 직결된 유치원3법 막자고
민식이법등 민생법안까지 틀어막은 자유일본당
법무법인 태평양 고문변호사 황교안이 태평양에서
17개월간 먹은▶15.9억원에 한유총 로비자금도 포함
황교안,한유총 고문변호사로'입법로비'법안자문도
나경원 집안 가업 홍신유치원
한일전
승리는 언제나 당연히 우리 것
우리모두 한일전 응원하러 가자 한일전은 우리나라가 이겨야 꿀 맛이지
한국인이라면 당연히 우리나라를 응원 할 것이고
일본인이라면 일본을 응원하는게 당연하겠지",30.86,35.26,33.88,부정
이낙연 종로로 나오면 황교활은 절대로 종로에 안나온다. 왜 말그대로 황교활이기에.  짱구냐 이낙연과  대결하게.,0.03,92.76,7.2,부정
"이낙연 국무총리
종양일보 따위가 논할 존함이 아니다",0.08,83.26,16.66,부정
"황교안이 이렇게 무기력한 인간 처음본다
기획력도 없고  싸움도 못하고
주둥이 큰소리만 치더니
닭쫏던 개 지붕 처다보거 끝났네
어이가 없다 에~이 ♬♪야
홍준표 생각이 마니 나네요

교안아~~차라리
한강에 빠져 ♪~

심재철이도
원내총무 입후보 소신에는
투쟁하면 심재철이라고 큰소리치더니
좀만한♩♩
지팡이만 집고 다니면서
걸리적 거리기만하고.♪♪도 하는것도 없이
무기력하게 당하기만 하는구만

당장 원내총무 사퇴해라 ♬♬야",0.85,54.79,44.36,부정
"황교안이 지역구 출마?
자한당이면 아무 생각없이 표를 버려주는 대구로 나가겠지!

호남 정도에는 출마해야 사즉생의 배수진이라 하지 않겠냐 싶지만
정치초딩
사이비 목사 신봉자가 그럴리 없지!  ㅋㅋㅋ",0.73,60.88,38.39,부정
이낙연 총리님 대선 지지합니다 님 말씀처럼 세상은 많이 변해 가고 있어요,0.01,54.57,45.42,부정
종로에서 이낙연 총리와 한판 붙고 시원하게 은퇴하길~,24.72,40.52,34.76,부정
"이낙연 vs 황교안.
종로에서 맞짱 떠라.
만약 다른 곳으로 출마 하려거든 국민을 설득할 만한 이유기 있어야 함.",0.03,79.22,20.75,부정
"이낙연과 황교안의 종로에서의 Game og chicken...... 둘 중 한분은 ""종로에서 종료"" 되겠네요.",0.32,57.75,41.94,부정
총리가 대구.경북에 나가도 괜찮을 듯한데.,0.18,74.37,25.46,부정
교할아 쫄았냐 ㅎㅎㅎ 넌 새발의 피다 이낙연총리 화이팅입니다,5.92,58.18,35.9,부정
"황교안 종로 출마반대..이낙연한테 완전깨져..
살아남어서 당대표해라..그래야 자유당 완죤 망가뜨리지...ㅋ",0.23,53.33,46.44,부정
"이낙연이 니는 전라도로 가라..
전라도 하수인 문재인이가 니한테 물려줄거 같나?
문어벙이는 조국이한테..",0.04,95.03,4.92,부정
"총리할땐 국민이 뭘원하는지는 관심도 없고 
오로지  대통령권한대행기념시계와
 자기의전에만 관심 있는 인간이 
지가 필요할때만 국민  국민의뜻대로란다.
국민인 내뜻은 
제발  박쥐같은  너같은 사악한인간을
안보는게 내 소원이다..",0.23,58.78,40.99,부정
"황교안 이가 짱구냐?
이낙연 하고 붙으면 박살날텐데..
절대  종로에서 안나올꺼임...",0.1,50.85,49.05,부정
"황교안, 기독교 신자와 함께 광화문 광장에서
시위하는 모습만 생각난다. 황교안씨 팬들인가?
기독교 신자들이 광화문 광장에서 손을 높이 쳐들고
기도하는 모습이 어안이 벙벙.. 뭔일인겨..",0.16,62.21,37.63,부정
황교안 비겁한인간  종로에서  이낙연총리님하고 남자답게 맞장 떠야지 아~.쏴리  당신 남자아니였징  군대도 못간 모지리였징 ㅎ,1.26,55.47,43.27,부정
이낙연 고향은 전라남도 영광군이다,0.11,74.84,25.05,부정
중앙은 관심꺼라. 이낙연 총리님 알아서 하실테니.,23.94,44.19,31.87,부정
이낙연전 총리께서 필승하실것,0.05,67.95,32.0,부정
"이낙연 총리님 더블스코어로
황교활을 이겨주세요~~~",0.0,57.17,42.82,부정
민주당 텃받가서 출마함 좋을텐데......험지중에 험지,0.03,95.74,4.23,부정
"황교안이 강남3구 중에서 출마하려나?
(지난 지방선거를 보면)
거기도 험지라고 우기면서..",0.09,57.45,42.46,부정
"황교안, 저런 인간들이 리더로 있는 나라는 얼마나 불행한가?  군사독재시절, 민주를 위해 목숨바치던 인사들이 즐비할 때 양지만을 좇아, 왜 저딴짓이나 할까, 공부하고 실력쌓아 출세하는게 자기와 나라를 위해 좋은데 말야, 하며 삶을 걸고 투쟁하던 인사들을 조롱한 인간들이다... 이제 지가 정치 일선에서 보니 정치가 만만치 않다는 걸 느꼈겠지.. 대한민국역사상 지금이 가장 위태한 때니, 좌파독재가 어떻느니 해대는 꼬락서니는 과거의 엄혹한 시절을 경험하지 못한자로서 지금 지가 느끼는 감정을 배설하는 것에 불과하지...지금이 가장 엄옥해?",0.4,61.99,37.6,부정
"서울출신의 전총리 황교안과 호남출신의 전총리 이낙연!
두사람중에 한사람은 치명상이 될수도 있겠네요!",24.9,46.95,28.15,부정
이낙연 아들 파보면.....,0.28,81.05,18.67,부정
"황교안이 최근까지 비례를 고민했다는 거 자체가 그릇의 수준을 보여주는 것. 대쫄보 황교안의 출마는 대구 경북 

그것도 한국당이라는 안전빵으로 가능한 고령 영천 같은 지역에서 출마할게 불을보듯 뻔하다 황교안은 절대 일신상의 

무리수를 두지 않을거다 제 한몸 지키기 위해 지금 보수라는 망토를 뒤집어 쓰고 바들바들 떨고있는 범죄자에 불과하다",0.21,58.18,41.61,부정
황교안이 비례는 안 한다고 했으니 불출마 아니면 출마하겠다는 얘긴데...불출마하고 안전하게 가자니 임팩트가 떨어질테고 험지 출마하자니 정치 생명을 건 모험일테고 안정 지역 출마하자니 욕 먹을 거 빤하고...고민 좀 하겠네요. 전 서울 출마에 낙선한다. 여기에 한 표!,0.35,54.87,44.77,부정
이낙연 못나올것 같으니 저러는 황교안,0.78,85.37,13.85,부정
"이낙연 이색기는 도대체 한게 뭐있는데 ㅋㅋㅋㅋ
이색기 지지율이 30프로인건

""가만 있어서"" 인가 ㅋㅋㅋㅋㅋㅋㅋㅋㅋㅋㅋㅋㅋ",0.05,93.89,6.06,부정
"황교안도 종로에 출마해야지.
이기던 지던 살고자 하면 죽고 죽고자 하면 산다는 정신이 없이 이 난국을 어떻게 해결할 것인가?
그 정도 각오도 없으면 정치를 하지 말아야지.",0.04,51.97,47.99,부정
오 종로의 이낙연,17.25,47.04,35.71,부정
황교안이 종로에 출마한다면 한국당도 황교안을 차기로 안본다는 애기네...,0.09,52.08,47.83,부정
"이낙연 국무총리 완전구렁이야
어영부영  ~
답변도 몇일굶은놈마냥 궁시렁궁시렁
회피하다가 ~
이런자가  또어디에  나온다고 ~",0.06,92.22,7.72,부정
"72 : 28 
이낙연 승",26.68,40.09,33.23,부정
"이낙연은 나라경제 말아먹어서 국무총리 바꾼다고 대통령이 말 하지 않았나.
저런자가 국회의원에 출마하면 되겠어.",0.13,75.13,24.74,부정
이낙연님 대통령되셔서 이재명님을 총리로 쓰시길..,0.08,73.28,26.65,부정
"총리님 구두에 집밟히는거 눈 크게 뜨고 봐야지.
그동안 권력믿고 인간 치졸하게 살아왔지.",0.03,90.3,9.68,부정
"황교안 들어라,  머리깍고, 단식하고, 국회에서 떼거지 농성하고  목숨걸겠다고 큰소리 뻥뻥치고 이거 다 공갈,  협박이었나?  이제와서 딴소리냐.",0.34,52.71,46.95,부정
"이낙연과 종로에서 한판 시원하게 붙자!!
이낙연 무서워서 피하면 절대 험지출마 아니다!!
황교안 너 떨고있니?",1.02,55.85,43.13,부정
"총리님께 깜이 안되죠
비교대상이 아님요",0.03,84.51,15.46,부정
"이낙연이가 이길텐데 잘하면 국회의장도 할 수 있는 분
종로 당선자는 늘 국회의장까지 했었지",2.0,66.42,31.59,부정
이낙연이 아들 어디 다니니???,0.03,91.57,8.4,부정
"황교안이 이낙연 피한다에 한표
쫄짱부가 하겠어?
때구나 출마하겠지 깽북이나 ㅋ",0.76,52.41,46.83,부정
끝났넉뭐ㅎ  이전총리님 축하드립니다^^,7.69,56.78,35.53,부정
"이낙연 발바닥에도
못가는 황교안이다.

어디 감히 맞짱뜨겠냐?",0.15,83.83,16.03,부정
"황교안 득표율 25프로
이낙연 63프로
ㅋ
나머지 12프로는 이넘 저놈",0.26,54.82,44.92,부정
황교안을 더디어 날려버릴 절호의 기회가 왔다!,0.03,50.97,49.0,부정
비교가 가능한가? 이낙연 총리 정말 기분 나쁘겠다.,8.93,45.8,45.27,부정
황교안   우파의  대안은     황교안,0.11,56.27,43.62,부정
"이낙연은 거짓말하지마라.  다른지역은 변했지만
절라도는  안변했다.   지역정당에 90%이상  나오는
북한과  너무비슷하다.",0.15,80.44,19.41,부정
황씨 자한당 대표로서 종로에서 이낙연 총리와 진검승부하길 바란다.,3.45,54.18,42.38,부정
"황교안 한놈만 팬다!
권한대행 명패놀이하던 긁적긁적 피부병 미필자 놈이 기승전 빨 갱 이 타령 공안검사하다 최순실한테 포착당해 장관자리 해먹다가 세월호로 눈맞은 수석 우병우랑 쌍으로 검찰을 채동욱/윤춘장 좌천쑈 쪼물딱 쪼물딱 주무르다 나는 책임없다 오리발 내밀고, 아빠챤스 자식놈 취업청탁에 의전병 능력없음을 투사인냥, 단식전 영양제 주사맞고 8일만에 굶주림에 백기투항! 빤스 목사놈이 장로 김앵삼/세멘발 이처럼만들어준다고내란선동조현천은어디로뿅!김형욱처럼분쇄기에갈리셨나?김재규총맞은차지철되시겠냐?종로구궁정동지역구뽑히겠냐?개돼지라면혹하겠쥐",1.18,60.8,38.02,부정
"이낙연 vs  황교안
기대가 되는 총선이군.",0.01,61.94,38.04,부정
"이낙연 종로가면 100%승리한다.
황교안 대표가 거기 출마할려할까? 지면 자깆 정치인생 끝인데",0.07,81.72,18.21,부정
"이낙연 종로 출마 하면은 더블공산당에서 날치기 공산당으로 승격시켜준다
이낙연 몰래 세종시 출마 하려다 여론조사가 10%미만으로
나와서 ㅈ밥되어 쥔나 빡침!근데 종로 출마는 어림도 없다",0.52,85.69,13.79,부정
이낙연도 정신 차려야지 빨개이들 하고 계속 놀다가는 같이 망하게 되어있음,0.01,93.99,6.0,부정
총리로서 문죄인 꽁무니만 따라다닌 야는 바보같은 모습으로 뭐가 될것같나 ㅎㅎㅎ,0.11,88.62,11.27,부정
역대급 총리셨습니다 감사합니다!!,3.92,57.68,38.4,부정
이낙연 총리님 당에 복귀하시면 이해찬 대표님 과 작은 일 하나라도 잘상의해서 하시면 좋겠습니다. 당내 화합이 제1입니다.,0.0,51.58,48.42,부정
"이낙연총리관련기사가 뜨기만하면 덜민주당의 경상도친노당의 대깨문 경상도노빠문빠시들이 

이낙연총리 덜민주당자기네당에 
이용해먹을려고  대통령이네 차기네하며 

마음에도없는칭찬하는척하고 자빠졌는 데 

이기사에도출동했구나",0.02,72.55,27.43,부정
"이낙연 총리님께서 차기 당대표를 맡아주시고 대통령까지 탄탄대로로 가시기를...
내공이 어마어마하신분",0.0,50.52,49.48,부정
서민 총리  이낙연  응원합니다  👍,0.09,56.83,43.09,부정
이낙연 전라도대통령 하게네,0.37,76.42,23.21,부정
이낙연주사서 돈법시다,0.05,84.38,15.57,부정
"이낙연 총리는 인격,  외모,  진중함,  언변,  유머와 재치,
추진력 ,  도덕성  모든  면에서  타 후보들을  압도한다!",0.03,53.85,46.11,부정
이낙연 대통 없다고 또 오바 하네,0.02,90.23,9.75,부정
"황교안이 대통령되면  
내가손에 장지지고 ,삭발하고,단식하고
길에서 온갖 또라이짓은 다하고 다닐꺼다.
아...목쉬어서 소리도 지르고 다녀야지..",0.12,57.59,42.3,부정
"이낙연과
황씨 비교도 하지마라  
비교깜도 안된다
황씨랑전목사지개목사랑
붙여놔라",0.83,55.57,43.61,부정
"이낙연 총리와...견준다고?
총맞았나?
이게 기사냐 똥이냐!
대결구도가 되어야 대결이라고 지꺼리라.
글을 발로치나...
대선 1,2위?
도대체 뭔 근거로 이리 막 쓰노?",0.3,92.09,7.6,부정
"이낙연총리님  ㅡㅡ
인격적으로나  능력으로봐서나  대통령깜이
되지만은  대통령의자리는  능력도 중요하지만
정치적인면과  강력하게  국가를  이끌어가는힘
이것이  국민들의  선택을  받을것이다",0.0,65.03,34.97,부정
"이낙연은
기자로 돌아가
기레기들에게
모범을 보여라. 
당신은
대통령감이 절대 아니다.",0.06,77.66,22.28,부정
"더불어민주당 화이팅!!!
총선 대승리!!",0.0,53.83,46.16,부정
총리님 쫄보 때문에 그런일은 없을겁니다. ㅋㅋㅋ,0.04,81.58,18.38,부정
"총리가 국회로 가는것은  괜찮고
유독
국회의장이 총리로 가는 것만 안되는 건가요,?
웃겨",0.14,80.76,19.1,부정
"제발 이낙연 나와라.
황교안에겐 상대도 안된다.",4.0,57.97,38.03,부정
"이낙연총리 좋아했었는데...조국 집 압수수색때  여성들만 있는집 들이닥쳤다는 말 들으며, 결국 그 밑이였다는것...말빨로 가벼움은 날아갈뿐. 청와대 아님 인싸 아녀~~~",0.01,58.03,41.96,부정
"문재인 정권은  2018년 울산시장 선거관련 
후보매수, 허위형사사건으로 여론조작 등을 통한 민심교란을 통해
부정불법을 자행하였다.
이런 상황에서 내년 총선이 공정하게 치뤄질 가능성이 
별로 없다.
현 정권이 말그대로 민주화를 위해 노력했던 정부라면,
공정한 선거를 위해 '행정안전부 장관', '법무부 장관', '국무총리' 정도는
중립적 인사들로 임명해야 한다.

현 상태로는 4..15선거부정을 자행할 가능성이 높은
문재인 부패정권 퇴진
범국민 총궐기 대회
2019년 12월 21일 토요일 낮 12시
광화문 광장

제주도민 원성호 씀.",0.42,85.36,14.23,부정
"이낙연이랑  종로갈게아니고  종로에는  사과나무만심는다
원래 종로는 절라도  깽깩이 당이다  떠불어공산당  똥이더러워서  안나간다",0.04,89.86,10.1,부정
서민 총리  이낙연  응원합니다  👍,0.09,56.83,43.09,부정
쑈쑈쑈,10.74,49.29,39.96,부정
든든합니다.이낙연국무총리님.,0.74,50.05,49.21,부정
이낙연 전라도대통령 하게네,0.37,76.42,23.21,부정
이낙연주사서 돈법시다,0.01,82.61,17.37,부정
"이낙연 총리는 인격,  외모,  진중함,  언변,  유머와 재치,
추진력 ,  도덕성  모든  면에서  타 후보들을  압도한다!",0.04,55.04,44.92,부정
이낙연 대통 없다고 또 오바 하네,0.03,79.71,20.26,부정
"황교안이 대통령되면  
내가손에 장지지고 ,삭발하고,단식하고
길에서 온갖 또라이짓은 다하고 다닐꺼다.
아...목쉬어서 소리도 지르고 다녀야지..",0.12,58.17,41.71,부정
"이낙연과
황씨 비교도 하지마라  
비교깜도 안된다
황씨랑전목사지개목사랑
붙여놔라",0.86,54.22,44.92,부정
"이낙연 총리와...견준다고?
총맞았나?
이게 기사냐 똥이냐!
대결구도가 되어야 대결이라고 지꺼리라.
글을 발로치나...
대선 1,2위?
도대체 뭔 근거로 이리 막 쓰노?",0.13,94.75,5.12,부정
"이낙연총리님  ㅡㅡ
인격적으로나  능력으로봐서나  대통령깜이
되지만은  대통령의자리는  능력도 중요하지만
정치적인면과  강력하게  국가를  이끌어가는힘
이것이  국민들의  선택을  받을것이다",0.0,64.39,35.6,부정
"이낙연은
기자로 돌아가
기레기들에게
모범을 보여라. 
당신은
대통령감이 절대 아니다.",0.06,77.58,22.37,부정
"더불어민주당 화이팅!!!
총선 대승리!!",0.0,53.49,46.5,부정
총리님 쫄보 때문에 그런일은 없을겁니다. ㅋㅋㅋ,0.06,82.14,17.8,부정
"총리가 국회로 가는것은  괜찮고
유독
국회의장이 총리로 가는 것만 안되는 건가요,?
웃겨",0.14,80.67,19.19,부정
"이낙연총리 좋아했었는데...조국 집 압수수색때  여성들만 있는집 들이닥쳤다는 말 들으며, 결국 그 밑이였다는것...말빨로 가벼움은 날아갈뿐. 청와대 아님 인싸 아녀~~~",0.01,57.83,42.17,부정
"문재인 정권은  2018년 울산시장 선거관련 
후보매수, 허위형사사건으로 여론조작 등을 통한 민심교란을 통해
부정불법을 자행하였다.
이런 상황에서 내년 총선이 공정하게 치뤄질 가능성이 
별로 없다.
현 정권이 말그대로 민주화를 위해 노력했던 정부라면,
공정한 선거를 위해 '행정안전부 장관', '법무부 장관', '국무총리' 정도는
중립적 인사들로 임명해야 한다.

현 상태로는 4..15선거부정을 자행할 가능성이 높은
문재인 부패정권 퇴진
범국민 총궐기 대회
2019년 12월 21일 토요일 낮 12시
광화문 광장

제주도민 원성호 씀.",0.29,85.77,13.94,부정
"이낙연이랑  종로갈게아니고  종로에는  사과나무만심는다
원래 종로는 절라도  깽깩이 당이다  떠불어공산당  똥이더러워서  안나간다",0.05,90.34,9.61,부정
포항 지진 관련 특별법 상정시키고 통과시킨건 더불어민주당입니다.,7.43,49.05,43.53,부정
이총리님 고생 많으셨습니다. 이제 정치판에어 뵙지요,5.03,57.82,37.14,부정
"문재인대통령보다는 이낙연총리가 낫다고 본다.
개인적으로 문통 지지는 철회했으나
지만 이낙연총리라면
다음 대선에 찍을 의사있음.

근데 민주당에 썩은 사람
너무 많은거 같은데.",0.38,57.5,42.12,부정
우리 총리님 ㅠ..존경합니다.,1.54,55.08,43.38,부정
"이낙연 총리가 종로로 출마해 
교안이를 뭉개 버리고 게망신 뻗치게 하고
선대 본부장으로 나서면 과반 이상 차지해
한국당 기를 꺾고 주도권을 잡아 
찍소리 못하게 해야 한다",0.02,61.93,38.05,부정
이낙연국무총리님 지속적으로 나라를위해 혼신의 힘을 다해주세요  지금까지 국정수행하신 그모습 그대로 ~^~,0.22,56.75,43.03,부정
"황교안이 지역별로 여론조사 계속 돌려가며 출마할 곳 찾겠지만 경북말고는 없을 거다. 

종로? 지역주민 무시하냐?",0.48,53.64,45.88,부정
이낙연이관심없다,0.17,86.11,13.73,부정
"이낙연은 동아일보 일본특파원출신으로 전두환찬양글 개제 그러면서 우리민족끼리를 즐겨본다
이게 진짜 친일우파 친북좌파 양쪽을 이해하는 정치인인가?",0.24,80.35,19.41,부정
"이낙연이가 진짜시바 천여명차기대권설문조사에서 

1위해서 진짜대권후보라면 ㅋ

국무총리를 잘했으면 ...

 호남사람들에게내년총선때 덜민주당경상도친노당으로 

표받아먹기위해 총선덜민주당선거위원장 할게아니라 시바 

종로로 가서 황교안이랑맞장떠야지 

또 같으호남친노친문 정세균총리 시킨것도 모자라

같은호남친노친문 이낙연 총리시킨것도모자라  호남사람들에게 표구걸하면 진짜 ,당신네 ..",0.08,89.4,10.51,부정
"이낙연이가 진짜시바 천여명차기대권설문조사이고 

총리를 잘했으면 

1등했으면 호남사람들에게내년총선때 덜민주당경상도친노당으로 

표받아먹기위해 총선덜민주당선거위원장 할게아니라 시바 

종로로 가서 황교안이랑맞장떠야지 

또 정세균총리 시킨것도 모자라

이낙연 총리시킨것도모자라  호남사람들에게 표구걸하면 진짜 ,당신네 ..",0.18,88.64,11.18,부정
"응원합니다~~
차기는 이낙연!!!",5.94,55.93,38.13,부정
이낙연 총리 지역구는 좋겠음..ㅠㅠ조금도 고민할 필요 없응께,0.0,53.51,46.48,부정
"이낙연 국무총리께서  국세청 서울청에
지시 지휘  본인  오늘  지급하도록
특별 당부드립니다 
시작이  잘못되어도  마무리  끝맺임이
좋아야 하는 것처럼  비상행정으로
처리 결제  바랍니다
지금까지  국세청+서울청  본인  지급  
지연으로  나라는 풍지박산  전세계 왕따
현재  전쟁  국면까지  와있습니다
국무총리께서  책임지고  오늘  지급하도록
발벗고  나서서 해결해 주시길 바랍니다",0.63,88.57,10.8,부정
"개그네 시절의 국무총리 황교안은 무능해서 개그네와 최순실과 함께 나라를 망하게 했고
지금의 이낙연 총리는 국민들에게 신뢰받고 인정받은 분이다. 
황교안은 자신의 출세만을 살아온 가짜 기독교인데 이낙연 총리는남을 위해 살아가는 참 기독교인이다.",8.93,57.09,33.98,부정
이낙연 국무총리가 지금 민생 상황도 해결 못하면서 대권을 준비을 위한 민생행보 한다고 하니   꼬라지 알아라,0.12,89.7,10.18,부정
"이낙연 그만하라
빨갱인거  안 이상 접촉하는 국민들위해서  사최하는게 당이다",0.02,88.9,11.09,부정
"호남친노친문 이낙연총리 관련기사마다 

덜민주당경상도친노당지지하고 문재인유시민김경수등 경상도친노들만지지하는 

대깨문 경상도노빠문빠시키들은 

지금도 이낙연총리를  니네당 덜민주당경상도친노당에 입당시켜 대통령커녕 

들러리시키고 이용해먹을려고 이낙연지지하지도않으면서 

맘에도없는칭찬하는척하며 지지자행세하는데 그만해라",31.33,48.52,20.16,부정
이낙연총리님 수고하셨습니다. 전남도지사때 진도에서 헌신하시고 최선을 다하신분인데 갑자기 국가의 부름을 받고 열심하 국정을 수행하심을 깊이감사합니다 항상 몸건강하시고 나의 이익이아닌 국민의 이익을 위해 최선을 다해주세요♥♥♥,0.14,52.78,47.08,부정
총리가 무슨 일을 하는 자리인지 제대로 보여준 분. 품격있고 능력있는 사람. 승승장구 하소서!!!!,1.13,60.58,38.29,부정
최고의 총리,3.01,49.0,47.99,부정
"최고의 대통령과 최고의 총리
이낙연 총리님 어디서든 응원합니다",0.33,62.84,36.83,부정
최고의 파트너인 이낙연총리님을 보내드려야 하는 문재인대통령의 진한 아쉬움이 절절히 나타나고 있는 모습을 보니 마음이 짠하다. 이낙연총리님 최고의 총리님이셨습니다. 정말 감사했습니다. 차기 대통령으로 적극 지지하겠습니다.,0.19,66.73,33.08,부정
"이낙연 총리님 애많이 쓰셨어요
앞으로 행보 응원합니다",0.0,50.65,49.35,부정
"이낙연 총리님 정말 수고많으셨습니다.
악마들과 싸우실때도 흔들림없이 당당하게 쳐내는 지장.덕장으로서 최고였습니다.
내년 총선에서 자한당을 궤멸시켜 주실 것을 확신합니다.",0.15,53.22,46.63,부정
"이총리님 자신을 낮추는 마음의 자세 
존경합니다 ~~",4.34,58.45,37.21,부정
"이낙연총리님  아베와는 격이 다릅니다
존경합니다",0.0,52.08,47.92,부정
"이낙연 총리만큼만 국민을 생각하라고 하세요.

제1야당의 대표라는 자가 석가탄신일때 고개도 안숙인거 봤나요?
본인만의 종교, 본인만의 정당, 본인만을 위한 정책만 고집하는 황교안은 절대 따라가지 못할 클라스입니다.",0.0,54.97,45.03,부정
"대인배.

종신총리 부탁드리고 싶지만 

차기 대통이시라...

존경하고 응원합니다. ^^",7.13,48.72,44.14,부정
총리짱,0.06,69.52,30.42,부정
"총리님
너무 숙이지 마세요~!~

만만한 총리로 보일수도 있습니다",0.23,50.82,48.95,부정
"역시   이낙연  총리의   진정성 있는
행동이 느껴져  훈훈합니다
  예를 받고  상대에게  예를  갖춰  
존중을  표하는게  당연합니다  
문대통령의  훌륭한 인품이  
국민들에게  든든한  힘이  되듯이
이냑연 총리의  인품 또한
대통령을 보좌하고
국민들을  겸손과 예로
묵묵히   받드는  모습에 고맙습니다

자한당 토왜 ♩♬♪♪♬~. 놈들아
더러운 주둥이로 국민을  올리지말고
본받았어봐라    국민들을  저버린
자한당   쓰레기들한테 줄것은
박멸뿐이다  !
토왜당 해체 !
범죄자들 집단체의 특검수사와  구속 !
교도소행이 ",7.34,62.11,30.54,부정
문재인이 따라 시장갔는데 죄댜 불량식품 밖에 없어 엎드려 사죄해야지 안그래?,0.1,89.68,10.22,부정
간지 나신다 ~~!!!!!!!!!!!,26.26,42.6,31.14,부정
"이낙연
황교활비교당하는자체가기분나쁠듯",0.17,87.24,12.59,부정
무슨 빅매치     급이 다르다        감히  이낙연 총리하고 같은 급으로 포장하려는 조선의 술수,11.26,51.3,37.43,부정
황교안선호도 조사결과 이낙연의 반쪽도 안되던데 그 개망신을 굳이 확인하려고 하겠어요?,0.21,51.72,48.07,부정
황교안......   당을 위해 백의종군히네.. 지원유세해야되네.... 어쩌구하면서.....   절대 안나옴,0.11,52.4,47.49,부정
이낙연이가 피할 거같다,0.15,86.42,13.43,부정
"틀림없이 황교안 꼬리세리고 다른지역 선택하겠지 ,국회의원 해쳐먹을라고,,대통령깜으론 택도없고",6.92,51.64,41.44,부정
"황교안이 한국당 대선 후보로 나온다면....
최초로 경제 개판 친 정권이....
정권을 재창출하는 어처구니 없는 사태가 벌어질 거다.",0.32,57.8,41.88,부정
"이낙연 국무총리 : 황교안 대표라....
이게 비교 거리가 될지 먼저 생각을 해 보시오 ㅎㅎ",0.08,90.88,9.04,부정
황교안이 대선에 나오는구부터 문제다,0.09,52.87,47.05,부정
총리했다고 다 같은 총리?,0.06,56.21,43.73,부정
"민주당이원하는대로 안할거야  황교안대표를 종로에 뭌어두려는심산 속보인다
황대표는 전국으로다니면서 유세를해야지
기자야 이런걸 기사거리로쓰지마라 기레기새끼.",0.23,95.74,4.04,부정
"이낙연총리님 ,종로출미해서
황교안,낙동강오리알노떨어터버리시요.
이번에황교안없세버립시다.
국회에오럼된놈들,갈아치워야됨니다.",0.01,63.52,36.47,부정
"이낙연이는 조작 ,사기꾼집단  더불당에서  탈퇴하면 가능성이 있다,",0.15,83.33,16.52,부정
"황교안 필패 아닌가?
황교안이 그걸 아는데 종로  가려나....비례 2번정도 받을듯",0.1,59.18,40.73,부정
총리로 한일이 뭔가?? 언론이나 봉쇄하고 책임은 장관에게 떠넘기고~얍샵한 기회주의 사팔뜨기가 뭐라꼬??,0.14,91.6,8.26,부정
"이낙연은 문씨정권의 부패혐의 
영향으로 결국 디비질겁니다.
2020년의 대한민국 운세는
디비지는 운세입니다.
친중좌빨 사회독재주의자들이
디비집니다.
부패한 대깨문, 달창들이
디비집니다
국익을 위해서는 천만다행 입니다.",0.17,77.11,22.72,부정
응원하고감사합니다!!,0.84,51.28,47.88,부정
"역대 최고 ㅡ 총리  !!
이낙연 총리님 참 고맙고 좋은 분이십니다",0.18,61.02,38.8,부정
"저 사진이 이낙연 총리의 쇼맨쉽이라도 정말로 딱딱한 모습의 
의전을 너무 좋아하는 황교안보다는야 낫지 않나 싶다",4.87,51.93,43.2,부정
"마지막까지 총리역할 멋지게 수행하고 끝내셨음 좋겠네요
그리고 또 한번의 기회가 있다면 멋진도전을",0.43,58.4,41.17,부정
"이낙연 총리만큼만 해라.
발톱에 때만도 못한 시키들이 뭔 말들이 많아.",0.0,66.43,33.57,부정
"이낙연 총리 지금이고
다음은 이낙연 대통렁 각하",0.0,55.9,44.1,부정
"이낙연이색희 동생삼환에처넣고 삼환 관공서 구두약이 4배로뛰였지 
아낙연이 청렴도가 이재명이 발바닥 정도이고
행정수행능력은 발바닥비교도 안돼지
해논게 없잖아 !",0.16,88.86,10.98,부정
이낙연총리님 대통령이 되주세요,0.0,51.84,48.16,부정
"총리님
멋지고 훌륭한 
인격의 소유자십니다
쵝오!!",0.3,54.26,45.44,부정
속좁은 트롬프. . 대인배 이낙연,24.58,45.87,29.56,부정
저도 이낙연 총리가 좋습니다.,3.96,58.77,37.27,부정
"아..

이 총리님

너무 멋집니다.",6.24,53.66,40.1,부정
"총리라고 큰절하면 안되나?
이총리가 너무나 잘하고 있고만
비판댓글단 네티즌아
니들은 총리가 갑인줄아니
저정도 인품이되야 대한민국총리지
화이팅 이낙연총리님",0.2,65.31,34.49,부정
역시 이낙연. 총리님. 겸손함이  아름답게 느껴집니다,0.13,75.11,24.76,부정
멋지세요.총리님 화이팅,0.08,65.6,34.31,부정
"이낙연이 쇼하네
쇼의 명수들 좌빨 더불어쉑쉬당",0.05,84.32,15.63,부정
"문재인 밑에서 경제 파탄낸 총리로서 당연히 경제계 인사들께 큰절 올리고 사죄하는겄은 당연한 일 않인가?  이게 뉴스깜이냐, 이낙연 띄우자는거지 더러운기사다.",0.12,86.18,13.71,부정
"이낙연이 이세이기..,  벌써 대선 돌입했네.., 좌빨들이란.  , ,",0.04,86.93,13.03,부정
"이낙연이 이룬업적이 머가있냐? 그냥 이미지정치. 쇼하는 정치만 잘하지...
저란것도 다 짜여진 각본인걸 모르나",0.09,90.71,9.2,부정
"문재인 때문에 기업들 다 도망가고 있는데 뭔 쇼질에 정신 팔렸냐

미치광이들

문재인은 하야 하라.",0.14,84.21,15.65,부정
이낙연.  대선을 위해 검은 속마음을 감추며. 무슨일이라도 할수있다.  내가 봐온 이낙연은 그렇다.,0.09,78.32,21.59,부정
"이낙연 잘하는거다
나라의 녹을 먹고  국가를 위해서 일하는
기본자세가  된거다
이렇게  자세로  나라와  국민을 섬기면
이 나라는 희망이 보이고  역사에 기리
남을것이다
이나라는  양아치덜이  차고넘친다
이것들을 설겆이해야  나라가 깨끗해진다
또 모든 관공서 책상 의자 부터  바꿔라
일본문화를  배울건 배워야한다
일본 내각 책상의자를  보면 선진국의
단면을  볼수있다
아베나 내각  테이블 의자 크기가 똑같다
이것만 봐도 국민들 을 위하는점이 보인다
희상이 의자를 봐라
희상이 두배는 크다 단상도낮추고
이것이  진정 민주주의  출발이다",0.07,87.35,12.58,부정
"이낙연총리가 국민을 위해 잘한것있으면 답해주세요 
아무리 생각해보아도 생각이 안난다!!!",0.01,50.78,49.21,부정
"이낙연은!!!!!
능구렁이가  열 댓마리가  숨겨져 있디요!
자기진영에  유리한 말 만 하는문제인에 
이어 ..쑈 맨쉽의 2인자 일 뿐!!!! 
무슨 대통령감?
잘 선택해야 한다. 준비된 대통령이라고 외쳤던 문제인을 보십시오.!!!!
그리고 ♪~♬♩♪♪의  몰표!!! 
친문세력이 아닌 이낙연이 
과연 대통령  후보군이 될 수 있을까?",0.23,73.25,26.52,부정
"가짜뉴스  박멸!
이낙연 총리님 존경합니다.",2.54,58.8,38.67,부정
"민주당은 말할것없고 가끔 문통께도 쓴소리한다만,
설마 일국의 총리가 사람많은 카메라앞에서 대놓고 
기업사장한테 돈 달라 구걸했겠어?
어느 꼴통부류가 시비를~,
인사해서 뺨 맞는 경우는 없다는 우리말도 모르나보네.
아~ 왜놈 씨종자는 모를수 있겠군.",0.86,86.34,12.8,부정
이낙연은 애초부터 사람 됨됨이가 된 사람이다. 이런 사람이 정의롭기까지 하면 더이상 무서울게 없다.,0.07,79.68,20.26,부정
이낙연 동생 불법취업 및 4천억 불법대출건은 어떻게 되는건가요?,0.11,92.68,7.21,부정
역시 사람은 생긴대로 논다라는 조상들의 말씀이 옳습니다.  이낙연총리님  최고입니다,2.84,65.52,31.64,부정
이낙연 총리 다시보게 되네요,0.0,51.82,48.18,부정
"총리나 되는 시키가 
거저 아부나 하고",0.25,83.82,15.93,부정
이낙연한테 뭐라하는자는 그인성이 글러먹은자임에 틀림없다,0.05,86.16,13.79,부정
역시 이낙연 총리님 최고입니다,0.04,75.36,24.6,부정
"총리는 중견기업 초청해서 큰 절을 하는데 받는 사람이 아무도 없네요

다음은 문통이 대기업 초청해서 큰 절 하겠네요

칭찬들 하세요

총리처럼 받아주는 대기업은 아무도없고 못 본체하거나 실실 웃을 사람들만 보이네요

총리의 무릎을 가벼이 쓰지 마세요

국민들을 위해서 아끼세요

뭐 하는 겁니까?

허공에 큰 절

어이없네요",0.44,77.48,22.09,부정
총리 괴롭힐 생각 하지도마라,0.05,71.19,28.76,부정
"총리님은 중기업이에게나 답글에 있어 모든면에서 적절하게 대응을 잘하셨구요,
트럼프는 세계의 나쁜사람 선정에서 일등을....",0.04,89.97,9.99,부정
완풍대군21세손이낙연총리자랑.태조형님,1.2,58.43,40.37,부정
"총리입장에서는 상대방이 그렇게 하니 
또한 그렇게  할수밖에 없는데 
회장또한  잘못 했네요
시간 좀늦었다고  바닥에 그렇게 큰절까지 할 필요가  있나요
죄송하다고 일반 절을 하면되지",0.06,89.72,10.22,부정
이낙연과 소녀는 케미가 맞을듯,0.39,55.11,44.51,부정
"이낙연  이명박 보석될때  찿아가
큰절한  사람으로
뭘?  어째다꼬?
이낙연 똑같다  
이명박이닐 지금 뭘 할까?",0.14,92.38,7.49,부정
이낙연총리  한표  획득!,0.0,54.3,45.69,부정
"총리님은 정말로 훌룡하신분이다
자신의 자존심을 다내려놓고 나라를
위한 따뜻한 가슴을 가지고  애국과
국민을 위한  훌륭하신분이다",0.06,86.17,13.77,부정
"훈훈 합니다
이낙연 총리님 진정 대인배 입니다",0.89,54.39,44.72,부정
이낙연은 친일파라고 욕안하네 내로남불 대깨문들.이낙연총리님 파이팅.,0.24,62.53,37.23,부정
총리가절을할수가있지못할꺼는없지나라에기업인들이나라에도움주는거지ㅡ이재용부사장은ㆍ말줬다고ㅡ감옥에갔지만ㆍ기업인들이나라위해도우는데ㆍ문정부는ㆍ기섭인들을북한에대려간것ㆍ국민들이나쁘게보더랍니다ㅡ,0.35,91.78,7.87,부정
"역시 이낙연총리님 인격이 정말 품격있으시네요
존경합니다!",0.06,74.59,25.35,부정
총리님이 직접 밝혀서 뉴스기사로 밝혀줘서 고맙다고 해야하나 뉴스룸?  고마워 뉴스룸.,0.05,76.57,23.37,부정
총리는 부인의 그림을 팔았다는 기억이 제일로 남는다.,0.35,68.93,30.72,부정
역시이낙연총리님최고    황교안은죽어도안할거야,0.07,74.24,25.69,부정
총리계속해야하는데...,0.27,67.35,32.38,부정
이낙연은 전남지사시절에 4대강 정비에 찬성했던 실용주의자입니다.,0.11,72.11,27.77,부정
이낙연이 버티느라 힘드니? ㅋ 좀 더 버티면 권한대행? ㅋ,0.03,92.43,7.53,부정
이낙연 거부감없지만 너무 쇼맨십,0.02,65.93,34.04,부정
"총리나 기업체 회장이나
정말 큰사람들 입니다
아주 큰사람들!!
이런분들이 많아야 
대한민국이  더크게 나아 갈텐데",1.77,52.9,45.32,부정
정말 멋지세요. 존경합니다. 총리님,0.18,62.11,37.71,부정
역시 이낙연 총리님+_+,0.03,71.29,28.68,부정
"이낙연 총리님 담엔 대통령 자격으로서 국정를
잘 부탁 드립니다.",0.0,52.79,47.21,부정
"이 총리도 대단하고.
기업인 따위라니 정말 어이없다.
이 나라를 먹여 살리는 분들인데..",32.56,41.69,25.75,부정
"이낙연씨 사람좋은 선한역하고 싶으시죠? 자원봉사하세요 자한당 황교안같은 소심한 사람뽑아서도 안되겠고 좌우로 갈라치기도 안됩니다 현재 한국은 국민들 기운나게 할수있고 웃게만들수있는 대통령이 20대엔 필요합니다 
우선 지역감정없애고 좌우로 갈라진 국민들 부터 통일시켜야하고 니편내편 없어야합니다 얼굴보면 적어도 웃음이 나와야합니다 이낙연씨는 좀 무겁고 가라앉습니다 현재 대한민국 트럼프같은 사람필요합니다 엉뚱한짓해도 밉진않은 사람 한명있죠? 허경영씨 그 사람 대통령되는게 대한민국 국민들 스트레스 안받게할수있습니다 여야개싸움 보는거 지칩니다",4.75,78.55,16.7,부정
총리의 품격~^^,0.02,51.0,48.98,부정
문재인은 이낙연의 반의반만큼이라도 해봐라,0.02,65.35,34.63,부정
이낙연 총리가 참 괜찮은 사람같어...흥분하지도 않고 ..문통 이어  좋은길을 걸어주셨음 좋겠다. 한국당은 해체하고 제대로 정치하는 국회의원들과 좋은 나라만들어 주시길,0.01,55.94,44.05,부정
역시 우리 총리님!!!,1.34,53.57,45.09,부정
이낙연 총리님  올해도 수고 많으셨어요 변함없는 큰 소나무 같으세요,0.02,50.78,49.2,부정
총리님은 계속해도 될것 같은데 한국은 총리 임기가 너무 짧은거 아닌지,0.04,85.64,14.32,부정
가식과 권위의식에  쩔은 황교안이 보다 100배는 더 훌륭하신 분이심.,32.07,35.42,32.51,부정
"이낙연 총리님 정말 멋진분!
기업 연합회 회장이라는 분도 보통 분이 아니시네..
미안함을 저리 표현하기 쉽지 않고 답례를 그리 하기 역시 쉽지 않은 일일터인데... 
내 평생에 저런 인사를 나눌 수 있을까...
보통 사람은 쫓아갈 수 없는 큰 사람들...",0.42,54.93,44.65,부정
"이낙연 총리님!
자신을 내세우기보다 자신을 낮추는 모습이 보기에 너무  좋습니다.
역대  최고 대통감이라 손색이 없습니다.
한국 경제 발전을 위해 애써는 진정한 기업인이 있다면 총리로서
큰절을 할 수 있는 모습도 보일 수 있는 분입니다.
문통보다 훨씬 소박하고 신뢰가 갑니다.
부디 이 나라의 통큰 리드로서 거듭나셔서
분열된 국론을 통합하시고
경제발전을 위한 비전도 충분히 갖추시리라 믿습니다.
실력과 리드쉽을 지니고 계시니 
속좁은 야당들에게 아량을 베풀어 
화합하고 존중하는 새로운 한국 정치 문화도 
확립해주시기를 거듭빕니다.",0.07,62.38,37.55,부정
최고입니다. 이낙연 총리님^^,0.12,57.73,42.15,부정
"이낙연 홍보하나 보기싫다.
이런것들을 방송하나  공관에서 식사 만찬할땐가?",0.06,94.16,5.78,부정
