"본문 이미지 영역업무협약식에 참석한 윤장현 광주광역시 시장, 정창수 한국관광공사 사장, 이낙연 전라남도 도지사(왼쪽 네 번째부터). /사진제공=한국관광공사한국관광공사(사장 정창수)가 광주광역시, 전라남도, 한국방문위원회와 공동으로 범국민적 친절문화 확산을 위한 관광객 환대 캠페인인 'K스마일 캠페인'을 14일(목) 광주송정역에서 개최했다고 밝혔다.  이날 행사에는 정창수 한국관광공사 사장, 윤장현 광주광역시 시장, 이낙연 전라남도 도지사, 김홍주 한국관광협회중앙회 회장, 광주·전남지역 관광업계 관계자 등 150여명이 참석했으며 '광주·전남지역 K스마일 캠페인 확산 및 관광발전을 위한 업무협약식'과 KTX이용 관광객 대상 K스마일 캠페인, SNS 홍보이벤트 등을 펼쳤다.  K스마일 캠페인은 국민 환대의식 제고와 범국가적 친절문화 확산·정착을 위한 캠페인이다. 특히 숙박, 음식, 쇼핑, 교통 등 외래객 접점 부문의 수용태세 및 관광환경을 개선해 국가 관광 경쟁력을 높이기 위한 사업이며 관광공사가 지난해 8월부터 한국방문위원회와 공동 추진 중이다.  정창수 관광공사 사장은 ""1990년대 초 외래관광객 감소문제에 직면한 프랑스도 1994년부터 2004년까지 문화시민운동으로 '봉주르캠페인'을 추진해 성과를 거뒀다""면서 ""2018 평창동계올림픽과 2016~2018 한국방문의 해를 맞아 K스마일 캠페인을 지속해 관광산업 발전의 기틀을 다지겠다""고 밝혔다.  한편 관광공사는 오는 18일(월) 서병수 부산광역시 시장 등 250여명이 참석하는 K스마일 캠페인을 부산 광복로에서 개최한다.  박정웅 기자 parkjo@mt.co.kr",2.45,87.93,1.41,1.67,6.53,통일
"동영상 뉴스  [앵커]  전남 목포에는 '한국 고아의 어머니'로 불리는 일본인 다우치 치즈코, 한국명 윤학자 여사가 설립한 공생원이 있습니다.  윤학자 여사는 일제 강점기 시절 한국인 고아 3천 명을 돌봐 해방 이후 우리 정부의 훈장을 받기도 했는데요.  전라남도와 윤학자 여사의 고향 일본 고치현은 다양한 분야의 교류를 활성화하고 세계 고아의 날 지정에도 힘을 모으기로 했습니다.  김범환 기자가 보도합니다.  [기자]  유달산 자락에 있는 사회복지시설입니다.  일제 강점기 한국인과 결혼한 다우치 치즈코, 한국명 윤학자 여사는 격동의 역사에도 고아 3천 명을 키워냈습니다.  지난 1963년 광복절 때 독립 뒤 일본인으로서는 처음으로 훈장을 받은 윤학자 여사의 고향에는 윤 여사의 인류애를 기리는 기념비가 세워졌습니다.  [윤 기 / 윤학자 여사 후손 : 한국인의 따뜻한 마음을 담아서 어머니의 고향인 고치 현 이곳을 찾아 주셔서 감사합니다.]  윤학자 여사의 후손 등은 한일 여러 단체와 함께 UN 세계 고아의 날 제정도 추진하고 있습니다.  윤학자 여사의 박애 정신으로 이어진 인연으로 일본 고치 현은 지난 2013년 순천만 정원박람회에 일본 정원을 선보였습니다.  전라남도는 고치 현이 '호빵맨'을 배출한 유명 만화대회에 외국인으로서는 최초로 전라남도 고등학생들을 초청한 데 대한 보답으로 올해 여수 청소년축제에 일본 학생들을 초청하기로 했습니다.  [오자키 마사나오 / 일본 고치 현 지사 : 전라남도와 고치 현의 관계는 단순히 경제 분야뿐만이 아닙니다. 여러 가지 분야에서 교류하고 있습니다.]  '숲 속의 전남' 사업으로 천만 그루 나무 심기를 추진하는 전라남도는 편백 나무로 이름난 고치 현과 관심이 같은 여러 분야에서 교류를 대폭 강화하기로 했습니다.  [이낙연 / 전라남도지사 : 이렇게 교류 협력을 전면적으로 확대, 심화 확대하기 위해서 이제까지 분야별 협력관계를 총괄하고 망라하는 최고 높은 단계의 협력관계로 올해부터 격상시켰으면 합니다.]  전라남도는 일본 고치 현이 이를 받아들임에 따라 오는 10월 윤학자 여사 추모 기념일에 맞춰 일본 자치단체 가운데 처음으로 고치 현과 자매결연을 하기로 했습니다.  YTN 김범환[kimbh@ytn.co.kr]입니다.  [저작권자(c) YTN &amp; YTN PLUS. 무단 전재-재배포 금지]",3.94,74.85,0.53,1.64,19.04,통일
"22일 기획조정실·감사관실·대변인실·도민소통실 업무보고  [아시아경제 노해섭 기자]전라남도는 22일 이낙연 도지사와 외부 전문가가 참석한 가운데 기획조정실, 감사관실, 대변인실, 도민소통실 2016년 업무보고회를 개최했다. 이들 실국은 올 한 해 ‘섬 지역 인터넷·통신망’확충과 ‘신뢰받는 공직사회 조성’에 총력을 다하기로 다짐했다.  기획조정실은 올해 목표를 ‘청년이 돌아오는 전남 실현 뒷받침’으로 정하고, 도정의 기획·조정·평가 기능 강화와 지역 간 상생협력을 확대하겠다고 밝혔다. 도지사 공약사항과 도정 역점시책 추진 상황을 주기적으로 점검해 부족한 사항은 개선하고, 지역에 활기를 불어넣을 신규시책을 발굴키로 했다.  호남권 상생과 경북도, 서울시와 상호 합의한 상생 협력과제를 내실있게 실천하고, 경기도와 상생과제를 조기에 확정해 협의회 구성 등 협력시스템을 본격 가동할 계획이다. 어려운 재정여건 극복을 위해 건전재정 운영, 지방세수 확충, 국고예산 확보활동을 전략적으로 추진하고 농어촌 지역 인터넷·통신망 확충을 위해 올해 73개 섬 등 369개 마을에 초고속통신망을 구축한다.  혁신도시 활성화를 위해 버스 운행 노선 및 KTX 정차 확대, 2개 학교 개교 등 교통·교육 여건을 개선하고, ‘공공기관장협의회’와 ‘지역발전분과위원회’를 내실있게 운영해 이전 공공기관과 지역사회 협력체계를 강화한다.  감사관실은 ▲청렴도 향상 추진체계 강화 ▲부패 발생을 줄이는 공무원 의식·행태 개선 ▲신바람 나는 직장분위기 확산 등으로 2016년이 청렴도 평가 상위권 달성의 원년이 되도록 노력한다는 방침이다. 행정부지사를 본부장으로 하는 ‘청렴대책본부’를 구성해 운영키로 했다. 부패 발생 사후관리체계를 진행관리체계로 변경하는 한편, 부패 발생 기관·부서에 대해서는 성과급 등 불이익을 부여해 청렴의지를 강화키로 했다. 또 즐거운 청렴문화 확산을 위해 청렴연수원의 청렴콘서트 초청, 직원 소통캠프, 공무원 어울림 한마당 등 소통하고 신바람나는 직장 문화를 만들어갈 계획이다.  대변인실은 중점 시책으로 ▲도정 핵심사업의 집중 기획홍보 ▲수요자 중심의 고품격 정보 제공 및 소통 활성화 ▲영상 콘텐츠 제작 및 보존 활용  ▲다양한 매체와 SNS를 활용한 해외 홍보 ▲보도지원 시스템 구축 등 5개 분야 13개 시책을 제시했다. 또 신속·정확한 도정 보도를 최우선으로 언론과의 상시 소통은 물론 주요 사업 현장 설명과 동행 취재로 사실과 다른 왜곡 보도를 사전에 방지하고, 시군 지역 언론도 적극 활용할 계획이다.  도민소통실은 자원봉사 참여율을 높이면서 자원봉사 수요처가 원하는 맞춤형 봉사활동을 추진한다. 이를 위해 공직자가 솔선해 기업체 종사자, 유관기관, 직능단체 회원과 함께 재능 나눔 기부활동을 실시함으로써 자원봉사 참여 분위기를 조성하고, 자원봉사 수요처를 계속 발굴할 계획이다.  소외·취약계층과의 간담회를 지속적으로 추진하고, 향우회를 비롯한 호남미래포럼, 중앙부처 공무원, 중앙 언론인, 서울·경기지역 기업인 등 출향인사와 유대를 더욱 강화하고, 학계와 문화·예술계, 체육계 등 전문분야 종사자와의 만남도 추진한다.  이낙연 도지사는 “빛가람 혁신도시는 난개발을 방지하고 녹지공간을 충분히 확보하는 등 명품도시로 가꿔야 한다”고 말했다. 또한 “도정은 수요자 입장에서 도민에게 설명하고 홍보해 달라”고 당부하고 “인사 과정에 대해서도 직원들에게 잘 설명해주는 노력이 필요하다”고 덧붙였다.  한편 전라남도 업무보고는 9일간 도지사 주재로 외부전문가 5~6명이 참여하는 토론방식으로 진행, 이날 마무리됐다.  노해섭  기자 nogary@",9.25,59.19,2.58,13.3,15.68,통일
"[한겨레]  남종화 전통 계승·경제 활성화 겨냥  주최지 목포권…7월까지 밑그림 마련  전남도가 3년 안에 목포권에서 동양화 비엔날레를 열기로 했다.  전남도는 18일 “조선 후기 소치 허련을 필두로 한 남종화의 전통을 계승할 ‘동양화 비엔날레’를 3년 안에 창설하겠다”고 밝혔다.  도는 “짝수 연도에 열리는 광주비엔날레와 겹치지 않아야 하고, 정부의 승인과 사무국 설치, 전시장 조성, 예산 확보 등에 걸리는 절차를 감안하면 준비가 필요하다”고 설명했다.  개최 장소는 남종화의 맥이 진도 운림산방에서 태동해 목포와 광주로 퍼져나간 경로를 고려해 목포권을 염두에 두고 있다. 참여 범위는 한국과 중국, 일본 등 3국으로 제한하지 않고 타이완(대만)과 북한까지 확대해 동양화의 국제적 발전에 디딤돌을 놓기로 했다.  이를 위해 이달 말이나 다음달 초 동양화 전문가 10여명을 초청해 비엔날레 창설의 타당성과 성공 가능성, 전시 구상 등에 대한 의견을 듣기로 했다. 이어 7월까지 연구용역을 통해 밑그림을 마련하기로 했다.  동양화를 특화한 비엔날레는 1998년 창설한 중국 선전(심천)의 국제수묵화비엔날레가 유일하다. 국내에서 열리는 비엔날레 7곳 중 동양화에 초점을 맞춘 전시는 아직 없다. 광주비엔날레는 종합미술 분야여서 동양화도 일부 전시되지만 현대 쪽에 무게를 두고 있다.  이기환 도 문화관광체육국장은 “용역을 한 뒤 시기, 장소, 구성 등 구체안을 발표하겠다. 예향 남도의 전통을 되살릴 수 있는 행사이다. 다만 동양화가 친숙하지 않은 젊은층들한테 공감을 받을 만한 전시 구상을 내놓는 것이 과제”라고 말했다.  도는 또 동양화를 예술 자원으로 활용해 방문객을 끌어들이고 지역에 활력을 불어넣는 방안을 다듬기로 했다. 이 구상은 이낙연 전남도지사의 신년사를 통해 제안됐다. 이 지사는 ‘남도 문예 르네상스 프로젝트’를 발표하며 동양화 비엔날레 창설과 한국전통정원 조성을 약속했다. 이 프로젝트에는 남도의 고유한 문화자원인 동양화, 도자기, 전통차, 판소리, 정자와 정원 등을 지역 발전의 새로운 동력으로 활용하자는 뜻이 담겼다. 산업화 위주의 발전 전략에서 벗어나 문화 전통을 바탕으로 하는 문예 부흥을 이루겠다는 방향 전환이기도 하다.  안관옥 기자 okahn@hani.co.kr  공식 SNS  Copyrights ⓒ 한겨레신문사, 무단전재 및 재배포 금지",6.86,74.43,1.49,7.43,9.79,통일
"(무안=뉴스1) 김한식 기자 = 전북 김제와 고창에서 잇따라 구제역이 발생한 가운데 전남도는 구제역 유입방지를 위한 긴급 방역대책을 마련해 추진하고 있다고 14일 밝혔다.  도는 구제역 의심축이 발생한 즉시 농가와 협회 등에 문자메시지 등을 통해 상황을 전파했다. 전북과 충남 등 구제역 발생지역에서 생산된 우제류의 입식 및 도축 등 도내 반입을 제한했다.  또 전남지역 15개 가축 시장과 10개 도축장의 거래도 차단했으며 22개 모든 시·군에 축산차량 거점소독시설 운영 및 소독필증 발급 후 이동토록 했다. 모든 우제류 축산농장 및 도축장 등 축산관련 시설에 대해서는 13일 일제 소독을 실시했다.  지난 12일부터 이틀간 13개반 26명을 구성해 구제역 방역 추진실태를 일제점검한 도는 이낙연 지사의 방역소독 현장 방문에 이어 14일에는 부지사 주재 시군 부단체장 긴급 영상회의를 열고 27일까지 돼지사육농가 구제역 긴급 일제접종 계획을 시달하기도 했다.  전북 고창에서 가축을 출하한 담양군 소재 도축장에 대해서는 이동제한과 도축장 내외부 소독, 출입차량 등 역학조사를 진행중이다.  아울러 각 시·군과 협회에는 축산농가 대규모 행사 개최 및 발생지역 방문 자제를 요청하는 한편, 시?군 거점소독시설 운영 및 농가 소독을 위한 예비비 10원을 긴급 지원했다.  도는 전북도와 경계지역 4개 시·군 주요 도로에 이동통제초소를 설치하고 구제역 백신 적기 공급 및 100% 예방접종 을 실시할 방침이다.  농가별 담당공무원 4000명을 동원해 매일 백신접종 등 전화예찰을 실시하고 예방접종, 소독 등 농가 방역의무사항 이행여부에 대해서도 지도·점검을 강화하기로 했다.  한편, 전북에서는 지난 11일 김제에 이어 전북 고창의 한 양돈농가에서 2번째 구제역 확진판정이 나왔다.  hskim@  ), 무단 전재 및 재배포 금지]",3.89,64.17,1.0,2.62,28.33,통일
"【광주=뉴시스】14일 오전 광주광역시 광산구 소재 송정역사에서 한국관광공사 광주전남지사(지사장 이강우)는 한국관광공사, 광주광역시, 광주·전남 관광유관기관 등과 K-스마일 확산 및 광주·전남 관광발전을 위한 협약식을 개최했다. 윤장현(왼쪽네번째) 광주광역시장, 정창수(왼쪽다섯번째) 한국관광공사사장, 이낙연(왼쪽여섯번째) 전남지사가 기념촬영을 하고 있다. 2016.01.14.  photo@newsis.com  [사진 영상 제보받습니다] 공감언론 뉴시스가 독자 여러분의 소중한 제보를 기다립니다. 뉴스 가치나 화제성이 있다고 판단되는 사진 또는 영상을 뉴시스 사진영상부(n-photo@newsis.com, 02-721-7470)로 보내주시면 적극 반영하겠습니다.",3.41,84.33,0.87,8.34,3.04,통일
"14일 협약식 …관광객 무한 만족 위한 범도민 친절운동 벌이기로  [아시아경제 노해섭 기자]전라남도는 14일 광주 송정역에서 광주시, 한국관광공사, 광주·전남 시도 관광협회, 숙박업협회, 외식업협회와 공동으로 ‘K-스마일 확산 및 광주·전남 관광발전협약식’을 개최했다.  전국 처음으로 실시된 이날 K-스마일 확산 등 협약식에는 이낙연 전라남도지사와 윤장현 광주시장, 정창수 한국관광공사 사장, 광주·전남 관광 유관단체장 등이 참석했다.  이날 협약에 따라 전라남도와 광주시, 한국관광공사 등은 국내외 관광객에 대한 시도민의 환대 및 친절 문화 정착을 위해 K-스마일 확산 사업을 공동으로 추진한다. 또한 관광 수용태세 컨설팅 지원과 광주·전남 관광 발전 도약을 위한 협력체제를 구축한다.  이낙연 도지사는 “광주·전남이 관광분야에서 비약적인 발전을 해 연간 방문객 5천만 시대를 앞두고 있다”며 “청결, 친절, 정확, 편의 4가지 키워드를 갖고 준비해나가자”고 당부했다.  이어 “글로벌 광주·전남을 만들겠다는 생각으로 우리 스탠더드가 어디까지 왔는지 점검하고, 오늘 행사가 세레모니로 그치지 않고 전 시도민에게 스며들어가는 지속적인 운동이 됐으면 한다”고 덧붙였다.  협약식에 이어 이낙연 도지사와 윤장현 시장, 정창수 사장 등 참석자들은 송정역을 통해 남도를 방문한 관광객에게 관광 홍보물을 나눠주는 등 미소·친절 캠페인을 벌였다.  K-스마일 캠페인은 정부가 '2016~2018 한국방문의 해’외국인 관광객 유치에 발 벗고 나서면서, ‘한국이 웃으면 세계가 웃어요’라는 슬로건으로 펼치는 범국민 친절 운동이다.  전라남도는 숙박, 음식, 교통, 쇼핑 등 관광객이 몰리는 곳을 대상으로 관광객이 무한 만족할 수 있는 범도민 친절 운동을 대대적으로 전개할 방침이다. 이를 위해 전라남도는 시군별 지역관광협의회를 구성하고 범 도민 친절 캠페인과 직능 단체별 친절 결의대회 등을 진행할 예정이다.  노해섭  기자 nogary@",1.0,92.41,0.31,1.2,5.08,통일
"이어 “요즘 사람들은 자기 몸을 무척 중요하게 생각한다. 옛날 섬 음식이 몸에 좋으므로 옛날 사람들이 먹었던 섬 음식을 개발할 필요가 있다”며 “또한 당제 사진이나 예부터 내려오는 스토리를 지금부터 잘 기록하고 정리해주길 바란다”고 덧붙였다.  이 지사는 취임 후 전남지역 ‘가고 싶은 섬’가꾸기 사업지를 비롯해 경남 외도, 일본 ‘예술의 섬’나오시마, 중국 저우산 군도를 방문하는 등 지금까지 국내외 29개 섬을 방문했다.  노해섭  기자 nogary@",7.71,66.01,1.14,2.17,22.98,통일
"[광주CBS 김형로 기자]광주 전남에 대설 특보가 이어진 가운데 윤장현 광주광역시장은 폭설 이틀째부터 직접 제설작업을 챙기는 등 적극적 행정을 펼쳤으나 이낙연 전라남도지사가 재난 상황실을 잠깐 들르는 데 그쳐 대조를 보였다.  지난 23일부터 25일까지 눈 폭탄이 쏟아지면서 전남 장성 11동과 영광 1동 등 비닐하우스 12동이 내린 눈의 무게를 이기지 못해 붕괴됐으며 화순의 소 축사 1동과 영광의 돼지 축사 1동도 파손되는 전남에 폭설 피해가 속출했다.  ◇ 李 지사, 재난 상황실 잠깐 들러 직원 격려 그쳐  상황이 이런데도 이낙연 전남도지사는 24일 오후 7시쯤 잠깐 도청 재난안전 상황실을 잠깐 들러 직원들을 격려하는 데 그쳤다.  ◇ 李 지사, 25일 뒤늦게 폭설 피해 현장 방문  이 지사는 뒤늦은 25일에야 대설 대응 태세 강화를 지시하고 폭설로 비닐하우스 11동이 무너진 장성 지역을 현장 방문하는 등 늑장 행정을 펼치고 있다.  이 지사는 이어 제설 작업은 전 공무원을 동원해서라도 이른 시일 내 주민들 통행에 지장 없도록 추진할 것을 시달했다.  특히 이 지사는 고립된 민가나 취약주택 등 위험지역을 파악해서 군부대 인원과 민간 장비 등을 지원받아 눈 치우기를 해 달라고 당부했다.  ◇ 尹 시장, 폭설 이틀째부터 제설 대책 직접 챙겨  이에 반해 윤장현 광주광역시장은 24일 새벽 동구 학동 제설작업 현장과 북구 건국동 시 종합건설본부 자재창고를 찾아 제설용품 비축현황을 점검했다.  윤 시장은 또한, 인근 시내버스 차고지에 들러 빙판길 안전운전과 승차 시 낙상사고 예방을 당부하고, 폭설에 붕괴 우려가 큰 건국동 딸기 하우스를 찾아 시설농가 밀집지역에 직접 공무원을 배치해 예찰 활동 강화를 지시하기도 했다.  윤 시장은 이와 함께 24일 시 재난안전상황실에서 주재한 비상대책회의에서 ""가용 가능한 인력과 장비를 총동원해 설해(雪害) 예방에 최선을 다해 달라""고 주문하는 등 이 지사보다 적극적으로 제설 작업을 챙겨 대조를 보였다.  khn5029@hanmail.net  저작권자 © CBS 노컷뉴스(www.nocutnews.co.kr) 무단전재 및 재배포 금지",14.38,60.98,3.99,17.09,3.55,통일
"특히 광주에서 남악신도시로 자가용을 이용해 출근했던 공무원들은 지각을 피하기 위해 빙판길 위에서 식은땀을 흘리며 운전대를 잡아야 했다.  이 지사는 지난 주말과 휴일 공식행사와 가족 일정때문에 서울에서 머물다 24일 오후에 KTX를 타고 전남도청 인근 관사로 돌아왔다.  전남도는 지난 24일 도민안전실장 주재로 13개 협업부서가 재난 상황판단 회의를 가졌으며 제설과 폭설피해 등 분야별 예방 대책을 추진했다.  전남도 관계자는 ""전남도 재난대응 매뉴얼에는 공무원 출근시간 조정이 포함돼 있지 않다""며 ""이낙연 지사는 전화로 폭설 피해 예방에 만전을 기하도록 지시했다""고 말했다.  이 지사는 25일 오전 전남도 재난안전대책본부를 방문해 ""도민의 생명과 재산 보호를 위한 적극적, 선제적 대응이 무엇보다 중요하다""며 ""특히 인명피해가 발생하지 않도록 서민과 취약계층 보호에 만전을 기해달라""고 당부했다. 이어 이 지사는 장성 등 폭설피해 현장을 둘러볼 예정이다.  이번 폭설과 한파로 광주와 전남에서는 비닐하우스·축사 붕괴 등 재산피해와 인명사고가 잇따라 발생했다.  mdhnews@newsis.com",5.81,59.23,1.91,2.66,30.38,통일
"(광양=뉴스1) 서순규 기자 = 김효수 전남 광양상공회의소 회장은 5일 살기 좋고 기업하기 좋은 광양시 만들기에 적극 앞장설 것을 다짐했다.  김 회장은 이날 여수광양항만공사 국제회의장에서 열린 광양상의 신년인사회에서 ""광양의 자원과 가치를 발굴하고 변화와 융합을 통한 창조경제 실현을 위해 최선의 노력을 경주할 것""이라며 이같이 말했다.  그는 ""시민과 기업인 모두가 한마음이 되어 염원했던 '전남도립미술관'과 '전남동부예술고' 유치로 새로운 도약의 신호탄을 쏘아올린 쾌거였다""며 ""도립미술관과 동부예술고 유치로 우리시는 경제·문화·교육이 상호 조화롭게 성장하는 균형 잡힌 도시성장의 요건을 두루 갖추게 됐다""고 주장했다.  다만 ""안타깝게도 글로벌 경기침체상황은 불안정한 국제정세와 함께 올해에도 계속될 것이라는 전망이 나오고 있다""며 ""국내외의 어려운 경제여건을 극복하고 미래성장동력을 확보하기 위해 시민과 기업, 지자체, 그리고 전남도와 국회에 이르기까지 상호 소통하며 단결해 달라""고 당부했다.  아울러 ""세풍산업단지조성과 기능성 화학소재 클러스터 구축은 미래성장을 이끌어갈 핵심사업""이라며 ""지속적인 성장을 위해 단기 성장목표 달성보다 미래를 위한 성장잠재력 확충에 시민 모두의 관심과 지원이 필요하다""고 강조했다.  한편, 이날 신년인사회에는 이낙연도지사, 장만채 교육장, 우윤근 국회의원, 정현복 시장, 서경식 의장, 안동일 광양제철소장을 비롯한, 기업인, 상공인, 유관기관장, 언론인 등 200여명이 참석했다.  sk@  ), 무단 전재 및 재배포 금지]",8.88,59.87,1.76,20.11,9.37,통일
"도청내서 일부 논란도…2심 판결 주목  (무안=연합뉴스) 전승현 기자 = 전남도가 광양LF아웃렛 사업과 관련해 행정소송에서 패소한 데 대해 항소했다.  5일 전남도에 따르면 전남도는 지난해 말 광양LF아웃렛 입점 반대 비상대책위원회(이하 비대위)가 도 지방토지수용위원회와 광양시를 상대로 낸 행정소송에서 원고 승소판결이 나오자 광양시와 함께 항소했다.  도 관계자는 ""2심에서 1심과 다른 판결이 나올 수 있기 때문에 항소했다""고 밝혔다.  전남도의 항소 결정에 앞서 도청 내에서 항소 여부에 대해 일부 논란이 있었던 것으로 알려졌다.  이와 관련, 이낙연 지사는 소송을 제기한 주민과 갈등을 우려해 애초에 항소에 미온적인 입장을 표한 반면 일부 간부공무원은 행정에 대한 신뢰 등을 감안해 항소를 해야 한다는 입장을 제기해 최종적으로 항소하기로 한 것으로 전해졌다.  1심 판결이 나온 직후 광양시민단체는 ""LF아웃렛 사업 추진과정을 투명하게 공개하고 행정절차에 중대한 과실이 있는 관련 공무원을 즉각 징계해야 한다""면서 항소를 하지 말 것을 촉구했었다.  특히 비대위는 광양 LF아웃렛 사업과 관련해 감사원 감사청구를 했고 감사원은 재판 중인 사안이기 때문에 감사를 보류하는 상황에서 앞으로 2심 판결에 따라 파문이 확산할 수 있다.  앞서 광주지방법원 제1행정부는 ""광양시장이 도시관리계획 변경 결정 이전에 토지소유자들로부터 받은 동의서는 사업시행자 지정을 위한 동의로써 효력이 없고, 도시관리계획변경 이후에 토지소유자들로부터 추가적으로 동의를 구하거나 동의의 내용을 확인하기 위한 아무런 노력을 하지 않아 사업시행자 지정의 하자가 중대하고 명백해 무효""라고 판결했다.  재판부는 이어 ""이러한 하자에 기초한 전남도 지방토지수용위원회의 수용 재결(결정) 또한 무효""라고 밝혔다.  한편 LF네트웍스는 지난해 6월 광양시의 건축허가를 받아 광양읍 덕례리 7만8천184㎡ 부지에 내년 초 개장을 목표로 지하 1층, 지상 4층 전체면적 9만8천215㎡ 규모의 LF아웃렛 건립 공사를 진행 중이며, 현재 40%의 공정률을 보이고 있다.  shchon@yna.co.kr",10.03,56.47,2.7,11.55,19.25,통일
"13일 목포서 신년 인사회 …이낙연 전남지사, ""그늘진 곳 햇빛 비추는 정책 추진”  [아시아경제 노해섭 기자]전라남도여성단체협의회(회장 김양희)는 13일 목포 신안비치호텔에서 새해를 맞아 사회 각 분야에서 활동 중인 전남 여성 지도자들과 각계 인사들을 초청해 화합과 새로운 도약을 다짐하는 신년인사회를 가졌다.  이날 행사에는 이낙연 전라남도지사와 명현관 도의회 의장, 박홍률 목포시장, 도의원, 시군 여성의원, 여성단체 회장 등 각계 여성 지도자 300여 명이 참석했다.  김양희 전라남도여성단체협의회장은 이날 신년사에서 “우리는 지금까지 어려운 여건 속에서도 여성의 사회 참여에 많은 성과를 이뤄냈고, 올해는 ‘양성 평등을 실현하는 전남’을 만드는 중요한 한 해가 될 것”이라며 “전라남도여성단체협의회가 새로운 여성의 시대를 열어가는 견인차 역할을 하도록 최선을 다하겠다”고 말했다.  이낙연 도지사는 격려사를 통해 “여자는 약해도 어머니는 강하며, 이런 어머니들이 계셨기에 대한민국이 이만큼 성장할 수 있었다”면서 “평화통일도 여성의 힘이 필요하다. 전남도가 함경북도와 땅끝협력사업을 통해 통일을 위해 노력하고 있으므로 전남 여성들의 적극적인 참여를 바란다”고 당부했다.  이 지사는 이어 “올해는 여성의 일자리 창출, 권익 보호, 양성 평등을 위한 지원을 강력하게 추진하고, 저출산 극복을 위한 출산·육아휴가 장려, 비정규직 공무원 정규직화 등 지금까지 미처 보지 못한 그늘진 곳을 찾아 햇빛을 비추는 정책을 펴나가겠다”고 밝혔다. 또한 “청년 여성들이 지역에서 마음껏 사회생활을 할 수 있는 터전을 만드는데 여성 지도자들의 협조를 바란다”고 당부했다.  이날 행사는 신년하례를 시작으로 축하공연, 신년사, 격려사, 축사, 케이크 절단식, 다과회 순으로 진행, 전남 여성의 화합과 새로운 도약을 다짐하는 장으로 치러졌다.  노해섭  기자 nogary@",5.82,77.39,0.9,6.7,9.18,통일
"또한 발생 지역인 전북, 충남의 모든 우제류 도내 반입 및 도축을 제한하고 있다.  특히 농림축산식품국 팀장급 공무원으로 특별 점검반을 편성해 군 거점소독시설 운영 상황, 구제역 백신접종 및 소독실시 여부 등 농가단위 차단방역 실태를 집중 점검하는 등 긴급 대응체계를 강화하고 있다.  지난 12일에는 축산과 및 전라남도동물위생시험소 소속 공무원 26명이 시군 방역 현장을 둘러보며 방역 추진 이행 여부를 긴급 점검했다.  전라남도는 또 모든 축산농가에 100% 예방접종을 실시하고, 발생 지역에서 생산된 가축은 거래하지 않는 등 차단방역을 철저히 하도록 지도 관리할 방침이다.  노해섭  기자 nogary@",4.93,61.36,1.3,3.35,29.07,통일
"13일 도민안전실·건설도시국·소방본부 업무보고  [아시아경제 노해섭 기자]전라남도는 13일 이낙연 도지사와 정책자문위원 등 안전·지역개발분야 전문가가 참석한 가운데 도민안전실, 건설도시국, 소방본부 업무보고를 개최했다. 각 실국은 ‘도민 모두가 행복한 안전전남’에 총력을 다 할 것을 다짐했다.  보고회에서 도민안전실은 ‘안전 위험요인 해소’와 ‘배려의 교통문화 실천운동’, ‘한빛원전 안전성 강화’등 강력한 재난안전 정책 추진 의지를 밝혔다.  교통 안전의식 개선을 위해 ‘배려의 교통문화 실천 운동’을 전개하고, 조직적이며 강력한 지도·단속과 집중적 교육·홍보를 펼치기로 했다. 원전 안전과 관련해선 방사능 방재 시스템 확충, 감시·감독 기능 강화, (가칭)방사선안전 종합센터 설립을 중앙정부와 협의키로 했다.  오는 2018년까지 교통사고·화재·자살·감염병 분야 사망자를 획기적으로 줄여(237명) 지역 안전지수를 중위권 이상으로 높인다는 방침이다. 재난·재해 대비 현장 적용 매뉴얼(31개)을 정비하고, 재난대응 실제훈련과 생애 주기별 재난안전체험교육도 강화한다. 자연재해 예방을 위해 소하천 정비사업 등 5개 분야 161개 지구에 1천 666억 원, ‘선착장 차막이 시설’등 생활 속 안전위험시설 개선을 위해 재난 특정예산 161억 원을 투자한다.  건설도시국은 도로, 철도, 항공 등 SOC를 확충키로 했다. 광주~완도 간 고속도로 건설 1단계(광주~강진) 사업은 2022년까지 완료하고, 호남선 KTX 2단계 사업 중 광주 송정~고막원 구간은 2018년 준공하며, 남해안철도(목포~보성) 공사는 사업비 500억 원을 투입해 본격 추진할 계획이다.  연륙·연도교 사업은 올해 새천년대교 677억 원을 투입하고, 국도 77호선 등 11개 지구 1천 753억 원을 투입하며, 국도·국가지원지방도·지방도 사업은 67개 지구에 6천 57억 원을 투입키로 했다. 지방도 정비사업은 지난해 대비 100억 원을 증액해 22개 지구 사업을 지속적으로 추진하면서, 사업비의 10% 정도를 마을 앞 보행자 도로와 갓길 확장사업에 추가 투자할 계획이다.  중국~무안~제주 간 등 국내·국제선 노선 유치에 총력을 기울이고, 전남의 미래를 바꿀 흑산공항 건설은 2020년 개항을 목표로 추진한다. 100원 택시를 19개 시군으로 확대하고, 저상버스나 장애인 콜택시 도입을 늘리며, 광역 버스정보시스템도 농어촌지역까지 확대 운영한다. 산업단지와 농공단지 진입도로 기반시설 지원 등에 589억 원을 투입하고, 주거환경 개선사업과 지적재조사 사업도 지속적으로 추진한다.  소방본부는 소방관서 신설 및 소방환경 개선 등 3개 사항을 핵심 목표로 정하고, 섬 주민 보호 등 12개 중점 주요시책 추진계획을 제시했다. 지난해 무안소방서에 이어 올해 고흥소방서를 신설하고, 군 지역에 119구조대를 단계적으로 설치할 계획이다. 또 소방차량 54대를 비롯한 각종 장비를 보강하고 긴급차량 골든타임 확보를 위해 강도 높은 소방통로 확보훈련을 실시한다.  특히 섬 지역에 산불진화차(30대)와 소방용삼륜자동차(10대)를 배치하고, 100가구 이상 섬 20개에 주민 119안전기동대를 만들며, 소방헬기 및 닥터헬기를 활용한 인명구조 및 응급의료 이송체계를 확립할 계획이다. 취약계층 대상 소화기 등 기초 소방장비 보급과 농어촌 밀집지역에 화재 없는 안전마을 조성을 추진하고, 거동 불편자 등에게는 돌봄 서비스 운영을 강화한다.  이낙연 도지사는 “도민 안전을 위해 취약계층 보호와 취약지역 인프라 개선에 많은 관심을 가져달라”고 당부했다. 또한 “청렴도 향상을 위해 비리에는 단호하게 대처하고, 신뢰에 바탕을 둔 밝고 신나는 조직을 만들어가겠다”고 말했다.  노해섭  기자 nogary@",9.08,56.79,2.39,12.98,18.76,통일
"(무안=뉴스1) 전원 기자 = 이낙연 전남도지사를 비롯한 8개 영·호남 시도지사들은 29일 국가 경쟁력 향상을 위해 남해안철도(보성~목포) 조기 건설 등 공동 현안에 협력키로 하는 내용의 공동 성명서를 발표했다.  공동 성명 발표에 참가한 시도는 전남도, 전북도, 광주시, 부산시, 대구시, 울산시, 경남도, 경북도다.  이 지사는 이날 오후 대구 호텔 인터불고에서 개최된 제12회 영·호남 시·도지사 협력회의에 참석해 공동 현안을 논의하고 '공동정책 건의과제와 지역균형 발전과제' 지속 추진을 건의하는 내용의 8개 시·도지사 공동명의의 성명서를 발표했다.  이들은 공동성명서에서 글로벌 시대 영호남지역 발전을 위한 '남부권 초광역경제권' 구축과 남해안철도 조기 건설 등 6개 사업에 공동 협력키로 했다.  또 공동 현안을 보다 효율적으로 추진하기 위해 영·호남 지역 간 과도한 경쟁을 지양하고 상호협력을 통해 상생발전을 도모하기 위해 힘과 지혜를 모아간다는데 의견을 모았다.  이 지사는 이 자리에서 ""그동안 홍동백서(나주배·영주사과) 공동브랜드 추진, 안동과 화순 백신사업 추진, 목포 노벨평화공원에 경북 도민의 숲 조성, 경북 구미에 전남도민의 숲 조성 등 동서화합 사업이 원활히 진행돼왔다""고 말했다.  이어 ""최근 농협중앙회장 선거에서 전남 출신이 당선된 것은 영·호남 연대가 낳은 기적""이라며 ""갈등의 시대를 우리 시대에 끊어야 한다""고 강조했다.  한편 이날 회의에서 이 지사는 제9대 영호남 시도지사협력회의 의장으로 당선됐다. 임기는 2017년 1월 제13회 회의 개최 때까지다.  영·호남 시·도지사 협력회의는 양 지역의 긴밀한 유대와 협조체계를 구축해 동서화합과 공동 발전을 도모하기 위해 지난 1998년 전남도 주도로 결성됐다. 이후 전남도와 광주, 전북, 부산, 대구, 울산, 경남, 경북 전북 등 8개 시·도가 윤번제로 개최해오고 있다.  junwon@  ), 무단 전재 및 재배포 금지]",4.44,76.41,1.0,4.08,14.08,통일
"영·호남 8개 광역단체가 영·호남 지역발전을 위해 ‘남부권 초광역경제권’을 구축하는데 힘을 모으기로 했다.  서병수 부산시장과 이낙연 전남도지사 등 영·호남 시·도지사 8명은 29일 대구 인터불고호텔에서 ‘제12회 영·호남 시·도지사 협력회의’를 열고 경제 교류와 공동 현안 등에 대한 협력을 강화하기로 했다.  이들은 이 날 영·호남의 지역별 주력 산업을 발굴하여 서로 시너지효과를 극대화할 수 있도록 연계하는 ‘남부권 초광역경제권’을 구축, 남부권의 상생과 국가 발전에 기여하는 것 등을 내용으로 하는 공동 성명서를 채택했다.  이들 시·도지사들은 지방재정 건전화와 재정 자율성 확보, 지방공무원 일부 직급의 상향 조정 및 정원 확대, 영·호남 광역철도망과 광역도로망 구축 등을 위해 공동 노력하기로 했다.  이 밖에 ‘2016 대한민국 국제소방안전박람회’ 등 지역별 주요 행사 12건을 성공적으로 치를 수 있도록 서로 지원하고 참여하기로 했다.  이 날 회의는 2015년 1월부터 의장을 맡고 있는 권영진 대구시장이 진행했으며 이 날 이낙연 전남도지사가 차기 의장으로 결정됐다.  영·호남 시·도지사 협력회의는 지난 1998년 구성됐다.  이 날 회의를 마친 시·도지사들은 대구시가 랜드마크로 내세우는 도시철도 3호선 ‘하늘열차’를 타고 대구 도심을 둘러봤다.  - ⓒ 경향신문(www.khan.co.kr), 무단전재 및 재배포 금지  〈경향신문은 한국온라인신문협회(www.kona.or.kr)의 디지털뉴스이용규칙에 따른 저작권을 행사합니다.〉",16.91,50.33,1.46,5.96,25.34,통일
"‘상생과 분권의 균형발전’을 주제로 3세션에서는 정희윤 서울연구원 선임연구위원의 서울시 지역교류 및 연계 협력사업의 실태와 효율적 추진방안, 이상진 충남연구원 선임연구위원 상생과 협력의 물자치권, 류종현 강원발전연구원 선임연구위원의 국토 리디자인과 지역균형발전 과제 등이 발표가 이어졌다.  e123@  ), 무단 전재 및 재배포 금지]",4.34,66.62,1.2,5.37,22.48,통일
"[한겨레]  전남도 “정치권 일부 관심”  추진위 구성 계획 등 밝혀  제주도 “고려 대상 아니다”  폭설로 빚어진 제주공항의 마비사태를 계기로 전남도가 목포~제주 해저터널 추진에 의욕을 보이고 있다.  전남도는 28일 “남해안에 해저터널을 뚫어 서울~제주 고속철도(KTX)를 건설해야 한다. 이틀 전 이 제안을 한 뒤 정치권 일부에서 관심을 보였다”고 밝혔다.  도는 “서울~제주 케이티엑스를 중앙정부와 민간기업이 건설하도록 유도하기 위해 민관추진위원회를 구성하겠다”고 강조했다. 추진위는 기술분석, 정책분석, 실무추진 등 3개 분과를 두고 민관이 공동으로 위원장을 맡게 된다. 토론회와 공청회 등을 통해 이 사업 필요성과 타당성을 검토하고, 그 결과를 국민과 기업, 정부에 알리는 구실을 한다.  이낙연 전남지사는 지난 26일 “서울~제주 케이티엑스가 제주공항의 한계를 보완하면서 제주 관광을 더욱 발전시킬 것”이라며 목포~제주 해저터널 추진을 제안했다. 이 지사는 “제주 2공항의 건설이 확정됐고, 해저터널로 관광객 체류가 줄지 않는다”며 필요성을 역설했다.  이 지사는 이어 “케이티엑스가 기상악화나 자연재해에 따른 공항 마비나 이착륙 지연의 대안이 될 수 있기 때문에 제주 방문자 수가 더 늘어나게 된다”며 △서울과 제주에 편중된 중국 관광객의 남부 분산 △남해안 개발로 국가균형발전 기여 △침체된 한국 경제의 새로운 활로 개척 등을 기대했다.  길이 167㎞인 목포~제주 해저터널은 16년 동안 16조8천억원을 들여야 하는 대규모 토목공사이다. 목포~해남 66㎞는 지상, 해남~보길도 28㎞는 해상교량으로, 보길도~제주도 73㎞는 해저터널로 시공하자는 제안이다. 국토교통부는 2010년 이 사업의 타당성을 조사해 ‘경제성이 없다’는 결론을 내렸다.  이를 두고 제주도는 “고려 대상이 아니다”라며 아예 반응을 보이지 않고 있다. 원희룡 제주지사는 여태껏 해저터널에 반대하는 태도를 견지해왔다. 주민들도 “해저터널을 건설하면 제주도가 섬으로서 특성을 잃게 된다. 지금은 아니고 2공항과 신항만을 건설한 뒤에나 고려해 볼 수 있다”고 마뜩잖아했다.  안관옥 기자 okahn@hani.co.kr  공식 SNS  Copyrights ⓒ 한겨레신문사, 무단전재 및 재배포 금지",9.84,58.65,2.13,5.04,24.33,통일
"본문 이미지 영역목포-제주 해저터널 건설을 위한 추진위원회가 구성된다.  이낙연 전남도지사는 27일 발표문을 통해 ""이번 폭설에 따른 제주공항 마비로 필요성이 재확인된 목포~제주 해저터널을 통한 서울~제주 KTX를 중앙정부와 민간기업이 건설하도록 유도하기 위해 민·관추진위원회를 구성해 가동할 계획""이라고 밝혔다.  추진위원회는 민간 전문가, 정부와 지자체 산하 연구기관 및 전남도청 관계자 등으로 구성된다. 또한 토론회 등을 통해 해저터널의 필요성과 건설 방법 등을 연구하고 그 결과를 국민과 기업과 중앙정부에 확산하는 역할을 하게 된다.  이 지사는 ""추진위원회가 힘차게 일할 수 있도록 민간 전문가와 도지사가 공동위원장을 맡고 추진위원회 구성 내용과 활동 계획은 확정되는 대로 공표할 예정""이라고 말했다.  이 지사는 ""이제까지 제주도에서는 서울~제주 KTX가 △제주 제2공항 건설을 방해하고 △관광객이 제주에 머물지 않게 할 것이라는 등의 이유로 반대 여론이 있었으나 제주 제2공항 건설은 이미 확정됐기 때문에 방해받을 일이 없다""고 설명했다.  또 ""도버해협 해저터널이 영국 체류를, 일본 세이칸 터널이 홋카이도 체류를 줄이지 않은 것처럼 서울~제주 KTX도 제주 체류를 줄이지 않을 것""이라며 ""오히려 서울~제주 KTX는 기상 악화나 자연재해에 따른 비행기 이착륙 지연이나 공항 마비의 대안이 될 것이기 때문에 제주 방문자를 늘릴 수 있을 것""이라고 덧붙였다.  이 지사는 ""지금 한국경제는 수십 년 동안 한국을 먹여 살려온 주력산업들이 동시에 어려움에 직면했으나 새로운 출구는 아직 나타나지 않은 일종의 혼돈기에 진입하려 하고 있다""며 ""목포~제주 해저터널은 이런 한국경제에 새로운 출구로 기능할 것""이라고 말했다.  남악=홍기철 기자 honam3333@mt.co.kr",5.79,75.28,2.93,2.92,13.08,통일
"(무안=연합뉴스) 전승현 기자 = 이낙연 전남지사가 폭설로 제주가 고립된 계기로 목포와 제주를 연결하는 해저터널 건설을 주장하면서 해저터널 건설방식이 주목받고 있다.  이 지사 등이 구상하는 목포-제주 해저터널은 총 연장 167㎞이다. 하지만, 정확히 말하자면 '해저터널' 구간은 73㎞다.  목포에서 해남(66㎞)까지는 지상구간이고 해남에서 보길도(28㎞)까지는 교량이다. 나머지 73㎞가 '해저터널'인 것이다.  총 사업비는 16조8천억원이 들어가고 공사기간은 16년이 소요될 것으로 추산된다.  '해저터널' 공법은 일반적으로 쉴드-TBM(Shield Tunnel Boring Machine), NATM(New Austrian Tunnelling Method), 침매터널 등 3가지가 있다.  쉴드-TBM 공법은 원통 모양으로 생긴 터널 굴착 장비로 머리 부분에 달린 칼날을 회전시켜 구멍을 파는 공법이다.  영국-프랑스 해저터널, 한강 하저터널 등 국내외 터널공사에서 안정성과 시공능력이 검증된 공법이다.  점토, 모래, 자갈 등과 같은 연약 지반이나 이를 포함한 복합 지층에서 지하 공간 개발에 사용한다.  소음·진동 발생이 다른 공법에 비해 현저히 낮고 교통, 통행의 장애 등과 같은 민원, 터널 주변의 밀집된 빌딩과 가옥 등 지반 구조물에 미치는 영향을 최소화할 수 있는 장점이 있다.  NATM 공법은 터널에서 가장 일반적으로 사용되는 공법으로 천공 또는 발파 후 굴착한다. 호남고속철도 터널 구간에서 이 공법이 사용됐다.  침매터널 공법은 바다 밑을 뚫는 게 아니라 제작한 함체(구조물을)를 바다 밑에 설치해 연결하는 것이다.  거가대교 일부 해저터널에서 이 공법이 사용됐다.  목포와 제주 바다는 수심이 깊어 침매터널보다는 쉴드-TBM 공법이 사용될 것으로 전남도는 전망했다.  모 대기업이 목포-제주 해저터널에 관심을 보이고 있다고 이 지사가 전했다.  그럼 목포-제주 해저터널은 '정책적'으로 가능할까.  국토교통부는 2010년 타당성 조사를 벌인 결과, 경제성이 없다는 결론을 내린 바 있다.  하지만, 교통수요가 꾸준히 증가한 만큼 6년이 지난 현재 타당성 조사를 하면 경제성이 있을 것으로 전남도는 내다보고 있다.  특히 해저터널이 건설되면 광주, 목포 등 호남이 KTX 종착지가 아니라 경유지로서 관광객 등에게 주목을 받을 것으로 이낙연 지사는 내심 기대하고 있다.  또한, 남북통일시대와 동북아 정치·경제 지형 변화 등을 감안해 시베리아 횡단철도(TSR), 중국횡단철도(TCR)을 연결하는 고리로서 '호남축'을 견고히 하자는 의미에서도 목포-제주 해저터널이 건설돼야 한다는 게 이 지사의 구상이다.  전남도는 4월 총선과 대선에서 주요 정당에 목포-제주 해저터널 건설을 공약으로 채택해달라고 요구할 계획이다.  이낙연 지사는 28일 ""이틀 전 해저터널 건설 제의를 하자 일부 유력 정치인이 관심을 보이기 시작했다""며 ""여러 의미에서 목포-제주 해저터널은 반드시 건설돼야 한다""고 강조했다.  사업비, 제주도 반대, 정책적 결단 등 넘어야 할 산이 많은 목포-제주 해저터널이 여론의 관심을 받을지 주목된다.  shchon@yna.co.kr",10.86,49.73,2.73,6.42,30.25,통일
"국제교류·관광·농수산 수출·투자 4대 분야 50개 과제 확정  [아시아경제 노해섭 기자]전라남도는 12일 도청 정약용실에서 민·관 전문가로 구성된 ‘대중국 현안과제 대응 TF회의’를 개최, 국제교류·관광·농수산 수출·투자 4대 분야 50개 과제를 추진하는 ‘중국 지향의 전남발전 기본계획’을 확정했다.  이 기본계획은 중국의 일대일로(一帶一路) 정책 추진, 아시아인프라투자은행(AIIB) 출범, 신창타이(新常態)시대 진입, 지난달 20일 발효된 한중 FTA 등 대내외 정책 변화에 대응한 도 차원의 중국 친화적 발전 전략이다.  ‘중국이 찾아오는 활기찬 전남’구현을 비전으로, 2018년까지 연간 ‘대중국 농수산식품 수출 1억 불 달성’과 ‘중국 관광객 33만 명 유캄, ‘누적 투자기업 60개사 유캄를 목표로 하고 있다.  이를 위해 국비와 도비 등 947억 원을 들여 △중국지향 교류역량 확대?강화 △중국 친화 관광경쟁력 강화 △농수산분야 협력을 통한 상생기반 구축 △투자유치 확대 및 인프라 구축 등 4대 분야 50개 과제를 추진한다.  분야별로 ‘중국 지향의 교류역량 확대 강화’를 위해 중국 지방정부와의  ‘상호 교류의 해’를 운영해 우호교류 행사를 집중적으로 실시하고, 산시성과 새로 자매결연을 체결하는 등 교류지역을 확대할 계획이다. 또한 한중 통합의학 교류 활성화와 청소년 상호 교류 확대, 해양 쓰레기 공동 대응 등의 협력을 강화하고, 유학생·결혼 이민자 문화센터와 초등학생 중국어 체험캠프 운영 등 상호 이해를 위한 활동도 적극 전개하기로 했다.  ‘중국 친화 전남관광 경쟁력 강화’를 위해 중국인 운전면허취득프로그램과 전남 관광을 연계하는 체류형 관광상품, 전남 3농 연수관광상품과 휴양·힐링 체험상품 등 차별화된 여행상품을 개발한다는 계획이다. ‘한중 해양교류역사 전시관’건립, 중국과의 역사·문화적 인연유적 정비 등 대중국 관광 인프라도 확대 조성한다. 지난해 9월 발표한 ‘전남관광발전 종합계획’과의 연계 추진을 강화해 상호 보완과 시너지효과를 높인다는 방침이다.  ‘농수산 협력을 통한 상생기반 구축’을 위해 대중국 농수산식품 수출 기반 조성과 한중 농수산분야 기술협력 강화, 대중 수출 확대 지원 강화 등의 시책을 추진한다. 쌀·김칟삼계탕 등 전남이 강점을 가진 농식품의 중국 수출 가능성이 높아짐에 따라 수출검역 실사에 적극 대응하고 중국식품박람회 참가, 판촉행사 개최 등 현지 마케팅을 강화한다.  현재 2개인 전남 농수산식품판매장을 4개소로 증설하고, 중국 온라인판매에 적극 대응하기 위해 콰징통(跨境通)에 개설한 온라인 판매망도 3개소로 확대한다. 특히 중국의 독특한 검역·통관 등 비관세장벽에 대응하기 위해 중국 칭다오(靑島) aT물류센터에 전남상품관을 개설하고 통관 핸드북도 발간·배포한다. 기존에 추진하고 있는 고차가공 수산식품단지와 해삼 씨뿌림사업, 수출전문 스마트팜 온실 조성사업 등 중국시장 공략을 위한 농수산물 생산 인프라 조성도 차질없이 추진키로 했다.  ‘투자유치 확대 및 인프라 구축’을 위해 고부가 농수산가공식품 등 유망 산업과 도내 주요 개발사업에 대한 대규모 중화자본 유치, 목포-중국 간 해운항로 개설 등도 추진한다.  이날 TF회의에서는 △쌀, 김치, 삼계탕 중국 수출 전략 △관광개발 및 식품기업 중국 투자유치 추진 방안 △국제 크루즈관광객 유치 활성화 방안 △목포～중국 간 카페리 운항 추진 방안 등에 대해서도 논의했다.  전라남도는 이낙연 지사 취임 이후 ‘중국협력팀’을 신설하고 그동안 6차례에 걸친 중국 방문을 통해 농수산식품 수출, 관광협력 활성화 등 성과를 거둬 전국 지자체 가운데 중국과의 교류협력에 가장 적극적으로 대응하고 있다는 평가를 받고 있다.  장수철 전라남도 국제협력관은 “중국지향 기본계획은 지금까지 각 부서에서 개별적으로 추진해온 사업의 조정과 연계를 통해 장기적·종합적 관점에서 일관성 있게 추진하게 됐다는 점에서 의미가 있다”며 “정기적으로 추진 상황과 실적을 평가해 성과와 문제점을 면밀히 분석하는 등 2018년까지 목표 달성에 차질이 없도록 노력하겠다”고 밝혔다.  노해섭  기자 nogary@",1.45,49.89,0.39,0.97,47.3,통일
"출연료 일부 기탁, 모금활동에도 참여  [오마이뉴스이영주 기자]  ▲  개그우먼 박나래(31)가 평화의 소녀상 홍보대사를 맡는다. 박나래는 출연료의 일부를 목포 평화의 소녀상 건립 기금으로 내놓을 계획이며 평화의 소녀상 건립 모급활동에도 참여하기로 했다. ⓒ 이영주  개그우먼 박나래(31)가 평화의 소녀상 홍보대사를 맡는다.  목포 평화의소녀상 건립추진위원회(위원장 전성렬)는 11일 개그우먼 박나래를 목포 평화의 소녀상 건립추진위원회 홍보대사로 위촉했다고 밝혔다. 이날 위촉식은 박나래의 어머니가 운영하는 고향 목포의 식당에서 이뤄졌다. 박나래는 목포 평화의 소녀상 건립추진위 전성렬 위원장과 친분이 있는 어머니의 제안을 받고 홍보대사가 됐다.  이날 홍보대사가 된 박나래는 출연료의 일부를 목포 평화의 소녀상 건립 기금으로 내놓을 계획이다. 특히 설 명절을 앞두고 목포역과 버스터미널, 여객선터미널에서 열릴 평화의 소녀상 건립 모금활동에도 참여하기로 했다.  박나래는 위촉식에서 ""평화의 소녀상을 건립하는 데 일조하게 돼 영광""이라며 ""도울 수 있는 일이 있다면 최선을 다해 적극적으로 돕겠다""고 말했다.  목포평화의소녀상건립추진위는 ""한일 위안부 합의문 발표 이후 평화의 소녀상 지킴이 활동과 추가 건립 운동이 전국적으로 벌어지는 가운데 뜻을 함께 해준 박나래씨의 결정에 깊은 감사를 드린다""고 밝혔다.  목포 평화의 소녀상은 목포 독립만세운동 기념일인 오는 4월8일 세워진다. 목포평화의 소녀상건립추진위는 목포교육지원청과 지방자치시민연대 등 목포지역 26개 기관·단체와 개인 등이 참여하고 있다. 그동안 박홍률 목포시장과 박지원 국회의원, 목포시의회 등 기관, 단체와 개인들이 모금에 참여했다.  한편, 전남지역 첫  평화의 소녀상은 지난해 12월 12일 해남군에서 세워졌다. 전남 첫 '해남 평화의 소녀상' 제막식에는 이낙연 전라남도지사와 명현관 도의회의장, 박철환 해남군수를 비롯한 기관단체장, 해남군민 등이 참석했다.  저작권자(c) 오마이뉴스(시민기자), 무단 전재 및 재배포 금지  이 기사를 응원하는 방법!  ☞ 자발적 유료 구독 []",4.98,75.48,1.29,3.02,15.23,통일
"12일 해남 이상귀 씨 황칠 재배지서 황칠 산업화 의견 나눠  [아시아경제 노해섭 기자]이낙연 전라남도지사는 12일 브랜드 시책인 ‘숲 속의 전남’만들기의 소득숲 조성사업을 선도적으로 실천해온 해남 옥천면 선도임업인 이상귀(46) 씨의 황칠 재배지를 방문해 운영 현황을 살폈다.  이 씨는 지난 1998년 고려대학교 산림자원학과를 졸업한 후 해남으로 귀향해 현재 ‘전남 선도임업인 협의회’사무국장과 ‘숲 속의 전남’해남실무협의회 위원장 등으로 활발하게 활동하고 있다.  특히 기후변화에 대한 선제적 대응과 타 시도와 차별화할 수 있는 유망 수종인 황칠 묘목을 연간 10만 그루 생산해 도내 농가에 공급하고 있다.  또한 항암 및 항산화 활성효과와 당뇨병·간질환 등에 효능이 있는 황칠의 잎과 가지 등 원자재를 가공회사에 공급해 연 2억 원의 매출을 올리는 등 유망 임업인으로 주목받고 있다.  현재는 황칠나무 사이에 도라지, 더덕 등 소득작물을 재배하면서 생산량을 증대하고 생산비를 절감할 수 있는 기술 개발에 집중하고 있다.  이낙연 도지사는 이날 박철환 해남군수, 김효남 도의회 농수산위원장, 재배농가 30명과 함께 이 씨가 조성한 10ha의 소득숲 현장을 시찰했으며, 향후 황칠 산업화 전망에 대해 의견을 나눴다.  이 지사는 도라지, 황칠, 더덕 등의 재배 방법 상품화에 대한 의견을 듣고 “황칠을 심는 것은 ‘숲 속의 전남’만들기 등 도정 목표와 일치하는 것 같다”면서 “산림을 활용한 산지 양계를 하는 방안도 생각해볼 필요가 있다”고 제안했다.  한편 산림분야에서 남다른 열정과 노력으로 성공한 임업인 27명이 구성한 전남 선도임업인 협의회는 ‘숲 속의 전남’만들기의 성공과 산림정책 발전을 위해 일반 임업인과 귀농·귀촌인 현장·기술교육 멘토 역할을 하고 있다.  전남 선도임업인 협의회는 또 2월부터 일반 임업인과 산림 공무원을 대상으로 선도임업인의 현장 중심 실무교육을 본격 추진해 도내 전문 임업인을 양성할 계획이다.  노해섭 기자 nogary@",1.74,83.82,0.6,1.83,12.01,통일
"12일 자치행정국·도립대·공무원교육원 업무보고  [아시아경제 노해섭 기자]전라남도는 12일 이낙연 도지사와 정책자문위원 등 외부 전문가가 참석한 가운데 자치행정국과 도립대학교, 공무원교육원 신년 업무보고를 실시했다.  자치행정국은 업무보고에서 기간제 근로자의 정규직 전환 등 사회적 약자를 최우선적으로 배려하는 정책을 펼치겠다고 밝혔다.  전라남도는 지난 1일 도내 기간제 근로자 26명을 정규직으로 전환하는 등 재정 여건을 감안해 연차적으로 확대할 계획이다. 무급으로 규정된 여직원의 보건휴가를 유급화한다. 지역 업체 육성을 위한 가점 부여 등 계약제도를 개선키로 했다. 특히 오는 3월부터 1억 원 이상 관급자재 구매 시 고용 우수기업의 계약 참여 기회를 확대해 청년 고용 증가를 유도할 계획이다.  부서별로 분산된 마을 관련 사업을 효율적으로 추진하도록 전담팀을 신설, ‘마을공동체 활성화’를 위한 컨트롤타워 역할을 수행토록 한다는 방침이다.  지역 인재 양성을 위해 ‘지방대학 육성 조례’를 제정해 대학과 인재, 사회의 상생기반을 마련하고, ‘청년 리더 육성 아카데미’를 권역별로 운영한다. 중·고등학생 인성교육 지원과 다자녀 가정의 교육비 부담 해소를 위해 체험학습비와 교복 구입비도 새롭게 지원한다.  도립대학교는 미래 산업 특성에 맞는 수요자 중심의 맞춤형 교육체제 구축과 학령인구 급감에 따른 대학 구조개혁을 위해 ▲대학 조직 및 운영 전반 외부 진단 ▲지역 미래 산업구조 변화를 반영한 대학 구조개혁 및 특성화 ▲지역 산업체와 연계한 맞춤형 인력 양성 교육 프로그램 확대 ▲지역 특성을 반영한 평생교육 활성화를 추진키로 했다.  국가직무능력표준 기반 현장 직무중심 인재 양성을 위해 ▲학생 취업 보장 산학협력 활성화 지원시스템 ▲현장 직무중심 전문 기술인력 양성을 위한 특성화 프로그램 ▲취업 보장 고교·전문대 통합교육과정을 운영한다. 융복합시대에 적합한 교수 학습 및 학생들의 창의적 활동 공간을 확보하기 위해 기숙사 건립, 학생회관(복합교수학습센터) 건립도 추진한다.  공무원교육원은 ▲기본에 충실한 공직(도정) 가치관 확립 ▲직무역량 강화로 변화에 적극 대응 ▲역점시책 교육 강화로 도정 지원 ▲미래 교육환경에 대비한 기반 구축 등에 나선다.  일반교양 과정은 축소하고 청렴 등 공직자에게 지속적으로 요구되는 공직 및 도정 가치관 교육을 확대하며 도정 핵심가치인 ‘활기’, ‘매력’, ‘온정’및 도정 철학을 공유하는 과목을 운영한다. 기획·홍보, 법률, 일반직무 분야 10개 과정을 신규 편성해 직급별 기본역량을 교육하고, 문제 해결 중심의 현장 밀착 교육을 강화해 교육수료 후 현장에서 활용토록 한다는 방침이다.  전라남도 2대 브랜드 시책 추진의 가속화를 위해 ‘가고 싶은 섬’과 ‘숲 속의 전남’현장중심의 체험교육을 운영하고, 중국 변화에 공무원들이 선제적으로 대응토록 중국 알기 및 중국어 교육과정도 확대한다. 강진 도암면으로의 교육원 이전사업 종합계획 수립 등 행정적 절차를 차질없이 추진할 계획이다.  이낙연 도지사는 “탈북자, 조선족 등 동포를 배려할 수 있는 시책에 대한 고민이 필요한 시졈이라고 말했다. 또한 “도립대학교는 전기자동차와 컴퓨터 관련 교육을 강화해 취업에 실질적인 도움이 되도록 하고, 공무원교육원은 중국은 물론 동아시아 등 세계의 트렌드를 알려주는 교육 프로그램을 강화해줄 것”을 당부했다.  노해섭  기자 nogary@",11.68,42.15,3.0,28.27,14.9,통일
"【목포=뉴시스】박상수 기자 = 목포상공회의소(회장 김호남)는 4일 오후 2시 호텔현대 컨벤션홀에서 신년인사회를 갖고 서남권의 번영을 위해 서로 협력할 것을 다짐했다.  '해양산업을 키워 국제도시를 만들자'란 캐치프레이즈로 열린 이번 신년인사회에는 김호남 목포상의회장과 이낙연 전남도지사, 박지원·이윤석·주영순 국회의원, 박홍률 목포시장 등 500여명이 참석했다.  이날 행사는 새해 서남권의 화합과 번영을 기원하는 덕담과 목포시립소년소녀합창단의 합창, 시루떡 절단, 축하공연 등의 순으로 진행됐다.  김호남 목포상의 회장은 ""병신년 붉은원숭이의 해에는 우리지역 해양산업 육성의 골든타임이 될 것""이라면서 ""옛 장보고의 동아 지중해 해상문명의 길을 다시여는 한국발 동아시아 르네상스가 새롭게 시작되는 한해를 만들어 가자""고 주문했다.  김 회장은 이어 ""그동안 목포상의는 철도와 관광, 물류, 수출 등 핵심과제를 선정해 대정부 활동을 적극 전개해 왔다""면서 ""목포권이 국제도시로 발돋움할 수 있도록 더욱 열심히 뛰겠다""고 말했다.  parkss@newsis.com",3.47,76.53,1.01,3.38,15.61,통일
"(무안=뉴스1) 김한식 기자 = 전남도는 5일 일자리정책실과 경제과학국을 시작으로 업무 연관성이 높은 2~4개 부서를 모아 22일까지 실·국별 새해 업무보고를 실시한다.  업무보고는 이낙연 도지사 주재로 소관 실?국장의 업무보고에 이어 외부 전문가의 정책 제안 및 토론 방식으로 진행된다.  이는 이낙연 도지사 취임 이후 첫 신년 업무보고였던 2015년부터 연초에 업무계획을 도민들에게 소상하게 공개해 도정에 대한 관심과 이해를 높이고 도정의 투명성을 높이도록 한데 따른 것이다.  실·국별 업무보고 내용은 2016년 시정연설과 2015년 송년 기자간담회에서 밝힌 도정 운영 방향을 토대로 이를 실천에 옮기기 위한 구체적인 추진계획이다.  김명원 도 정책기획관은 ""2016년 업무보고를 내실 있게 준비하기 위해 지난해 11월부터 실?국별로 전문가 의견 수렴 등을 거쳐 업무계획을 수립하고, 12월 중 행정부지사 주재로 사전보고회를 갖는 등 철저히 준비해왔다""고 말했다.  이어 ""업무보고를 통해 올해 추진할 시책들을 전문가들과 함께 다시 한번 점검, 지역 발전과 도민 행복을 위해 힘차게 추진해나가겠다""고 강조했다.  hskim@  ), 무단 전재 및 재배포 금지]",11.73,47.34,1.98,30.88,8.07,통일
"[아시아경제 박선강]  목포상공회의소(회장 김호남)가 4일 호텔현대 컨벤션홀에서 신년인사회를 갖고 새해의 희망찬 출발과 더불어 서남권의 번영을 위해 서로 협력해 나갈 것을 다짐했다.  ‘해양산업을 키워 국제도시를 만들자!’를 캐치프레이즈로 열린 이번 신년인사회에는 김호남 목포상의회장, 이낙연 전라남도지사, 박지원·주영순 국회의원을 비롯한 지역 국회의원, 박홍률 목포시장, 도?시의원, 언론인, 기업인, 각급 기관단체장등 500여명이 참석했다.  행사는 새해 서남권의 화합과 번영을 기원하는 덕담과 목포시립소년소녀합창단의 합창, 시루떡 절단, 축하공연등의 순으로 진행됐다.  김호남 목포상의 회장은 “병신년 붉은 원숭이의 해에는 우리지역 해양산업 육성의 골든타임이 될 것이다”며 “옛 장보고의 동아 지중해 해상문명의 길을 다시 여는 한국발 동아시아 르네상스가 새롭게 시작되는 한해를 만들어 가자”고 말했다.  김 회장은 이어 “삼학도에 크루즈터미널을 만들어 면세점을 유치하고 열차페리를 TCR과 연결시키는 프로젝트에 집중해서 환황해 경제블록을 구축해 동북아 허브포트로 개발하는 전략을 세워야 하며 조선·신재생에너지·세라믹·해양관광 등 서남권 신 산업벨트를 만들고 목포항을 수출무역항으로 개발하기 위한 청사진을 만들자”고 덧붙였다.  김 회장은 “조선경기 불황으로 직격탄을 맞고 있는 지역 조선산업의 사업다각화와 경제활성화를 위해 잠수함을 건조할 수 있는 방위산업 유치에도 적극 나서자”고 강조했다.  또 김 회장은 “그동안 목포상의는 철도·관광·물류·수출 등 핵심과제를 선정해 대정부 활동을 적극 전개해 왔으며 여러 차례 박근혜 대통령과 함께 한 자리에서 전남 해양산업 육성의 필요성을 제기했고 국적 크루즈선 취항, 열차페리등 대통령의 관심과 지원을 촉구한 바 있다”며 “목포권이 국제도시로 발돋움할 수 있도록 더욱 열심히 뛰겠다”고 밝혔다.  김호남 회장은 “기업유치에도 적극 힘써 맞춤형 인재가 육성되고 기업희망제작소로 취업일번지가 되도록 노력하겠으며 열정과 창의, 따뜻한 마음 나눌 수 있는 매력적인 도시가 될 수 있도록 열정으로 뛰겠다”고 말했다.  박선강 기자 skpark82@asiae.co.kr",5.27,60.51,1.5,6.54,26.18,통일
"'도자기 고장' 강진군-장시성 징더전시 교류협력  (무안=연합뉴스) 전승현 기자 = 무안공항과 중국 산시성(山西省)과 장시성(江西省)을 오가는 정기성 전세기가 오는 4월과 7월부터 운항한다.  8일 전남도에 따르면 무안공항과 산시성 타이위안공항을 연결하는 정기성 전세기가 오는 4월부터 6월까지 3개월간 총 18회 운항한다.  무안공항과 장시성 난창공항을 오가는 정기성 전세기도 오는 7월부터 9월까지 총 18회 운항한다.  3개월동안 두 항공노선에는 각 3천명가량의 승객이 이용할 것으로 전남도는 예측했다.  도 관계자는 ""정기성 전세기는 중국 규정에 따라 3개월 이상 운항을 하지 못하지만, 단기간에 한두 차례 운항하기도 하는 일반 전세기와 비교해 안정적""이라고 말했다.  또한 전남도는 도자기 고장인 강진군과 장시성 징더전(景德鎭)시와 도자기산업 교류협력도 추진하기로 하고 양 지역에서 열리는 도자기박람회(강진 8월·징더전 10월)에 상호 참여하기로 했다.  양 지역의 도자기 기술연수단도 교류하기로 했다.  전남도는 산시성과의 자매결연과 함께 산시성예술단·전남도립국안단 공연을 교차 추진하기로 했다.  올해 초당대학교 항공계열학과 대학생 등 대학생 30명은 장시성을 방문해 우주항공현장 등을 둘러볼 계획이다.  전남도는 이낙연 지사가 지난해 12월 산시성과 장시성을 방문한 뒤 최근 '후속조치 실문추진단 회의'를 열어 이같은 계획을 확정했다.  한편 전남도는 포스코그린가스텍과 산시성 거멍국제그룹 간 투자양해 각서 체결을 검토했지만, 포스코그린가스텍은 석탄가스화사업(SNG)에, 거멍국제그룹은 석탄가스화복합발전사업(IGCC)에 각각 관심이 있는 등 상호 이해가 달라 추진하기 어렵다는 결론을 내렸다.  shchon@yna.co.kr",4.13,55.5,0.79,1.71,37.86,통일
"[헤럴드경제(무안)=박대성 기자] 전남 동신대학교가 나주혁신도시에 한방병원을 건립한다.  27일 전남도에 따르면 이낙연 지사와 김필식 동신대 총장은 투자협약을 체결하고 오는 2022년까지 광주전남공동혁신도시 산학연클러스터 1만4538㎡에 450억원을 들여 한방병원 및 교육시설을 갖춘 빛가람캠퍼스를 조성키로 했다.  동신대 빛가람캠퍼스가 완공되면 지역 주민들에게 양질의 의료 서비스를 제공할 뿐만 아니라 혁신도시의 중요한 의료 기반시설로 자리잡을 전망이다.  또한 빛가람 캠퍼스 조성을 계기로 한전 등 혁신도시 입주 공기업과 에너지ICT 분야에서 산학 협력의 가시적 성과도 기대된다.  또한 광주전남공동혁신도시 부지 6312㎡에 400억원을 투자하는 (유)예가람(대표 박경석)은 300실 규모의 관광호텔을 건립한다.  KTX 나주역과 무안국제공항을 통해 전남을 방문하는 국내ㆍ외 관광객과 한국전력공사 등 16개 공공기관을 방문하는 손님들에게 최고급 숙박 서비스를 제공할 계획이다.  parkds@heraldcorp.com  - Copyrights ⓒ 헤럴드경제 &amp; heraldbiz.com, 무단 전재 및 재배포 금지 -",14.47,52.65,13.04,8.45,11.39,통일
"연령대별 관심 질환에 대한 정보와 상담, 체험을 제공할 뷰티미용관, 스트레스통증관, 만성성인병관도 조성된다. 통합의학국제관에서는 외국 의료기관과 협회단체 등이 참여해 세계의 통합의학 현황과 다양한 체험 프로그램을 선보인다. 이외에도 의료기기, 건강제품 관련 기업이 참여하는 통합의학산업관, 보건기관 및 협회단체 등이 참여하는 건강증진관, 야외 체험시설인 약초테마공원과 숨쉼터(치유의 숲) 등도 조성된다.  이낙연 도지사는 “생명의 땅 전남의 핵심사업으로 장흥, 나주, 화순을 연결하는 중부지역에 바이오메디컬 산업을 육성할 계획”이라며 “장흥국제통합의학박람회는 생물의약 집적단지를 성공시킬 좋은 출발점이 될 것으로 기대한다. 충분히 성공할 수 있다는 확신을 가지고 준비하기 바라며 도에서도 적극 지원하겠다”고 말했다.  또한 “조직위원들의 전문적 식견과 네트워크를 한 톨도 남기지 말고 가을철에 개최되는 장흥국제통합의학박람회에 다 쏟아주길 당부한다”고 덧붙였다.  국제통합의학박람회 입장권은 사전 예매 시 성인 8천 원, 청소년 7천 원, 어린이 5천 원이며 4인 가족권은 1만 8천 원이다. 단체할인과 특별할인 제도를 운영하고 있으며 현재 사전 신청서를 통해 구매 신청이 가능하다. 오는 2월 입장권 판매 대행사가 선정되면 본격적으로 온라인 예매를 시작할 예정이다.  노해섭  기자 nogary@",4.25,71.29,1.85,7.46,15.14,통일
"김성 군수는 “박람회의 성공개최를 통해 통합의학에 대한 국민적 인식과 공감대를 확산하고, 장흥군이 통합의학의 메카와 발상지로 발돋움하는 기회로 삼겠다”고 말하며 성공개최를 위해 모두의 힘을 모아 줄 것을 부탁했다.  이귀남 전 법무부장관은 “성공적인 박람회 개최를 위해서는 수도권을 중심으로 한 홍보가 중요하다”며 관련 분야의 활발한 활동을 당부했다.  2016 장흥국제통합의학박람회는 오는 9월 29일부터 10월 31일까지 장흥군 안양면 기산리 일원에서 “통합의학, 사람을 향하는 새로운 길을 열다”라는 주제로 개최된다.  현재 해외 26개국 64개 기관과 국내 95개 기관을 합해 총 159개 기관이 참가를 확정 지으며 박람회 성공개최의 기대감을 높이고 있다.  올해 장흥국제통합의학박람회는 참여국가 40개국, 관람객 95만명 유치를 목표로 하고 있다.  박람회로 인한 경제적 파급효과는 생산유발 2천3백6십5억원, 부가가치유발 9백6십8억원, 고용유발 3,861명에 이를 것으로 전망하고 있다.  (재)장흥국제통합의학박람회 조직위는 통합의학산업의 비전과 미래를 한 자리에서 관람할 수 있도록 다양한 콘텐츠를 마련하고, 관람객 위주의 의료체험 프로그램을 중점 구성한다는 방침이다.  노해섭  기자 nogary@",2.68,74.66,0.55,2.08,20.02,통일
"(무안=뉴스1) 김한식 기자 = 이낙연 전남도지사는 11일 영암 대불산단 (재)중소조선연구원(원장 김성환)을 방문해 정부로부터 200억 원대 '레저선박 부품기자재 고급화 기술기반구축' 사업에 선정된 것을 격려하고 조선산업 활성화를 당부했다.  레저선박 부품기자재 고급화 기술기반구축은 정부의 지역 산업정책과 부합하고, 지역 신성장동력산업 적합성 및 지역경제 파급효과에 크게 기여할 것으로 평가되고 있다. 지난해 말 산업통상자원부의 2017년 광역경제권 거점 기관 지원사업으로 선정됐다.  도는 이 사업을 통해 레저선박 건조 비용의 60% 이상을 차지하는 레저선박 부품·기자재 개발과 성능 향상을 위한 시험인증 기반을 구축해 부품·기자재 국산화를 앞당기고 레저선박 가격 경쟁력을 확보할 것으로 기대하고 있다.  특히 해외 고급 선진기술 접목을 위해 해외 선급과도 협력체계를 갖추는 기회가 될 것으로 보인다.  또한 레저선박 관련 기업 유치, 마리나 산업 및 관광산업 동반 성장으로 이어져 조선산업은 물론 지역경제에 크게 기여할 전망이다.  이 지사는 ""조선산업의 새로운 활로 모색을 위해서는 지난 50년간 축적된 조선 기술과 레저선박 부품기자재 고급화 기술기반구축 사업을 접목해 요트·보트 등 레저선박분야로 사업을 다각화해야 한다""며 ""사업이 성공적으로 추진되도록 도와 해당 지자체가 공동으로 노력할 것""이라고 말했다.  본원이 부산에 있는 (재)중소조선연구원은 중소 조선 및 해양레저선박분야 생산 기술을 지원하는 전문 기술연구소다.  지난 1999년 대불산단에 서남권본부를 개소해 전남을 레저선박 생산 전진기지로 조성하기 위해 25억 원을 호가하는 5축 플러그가공기 등을 비롯해 총 52종의 생산기술 장비를 구축, 기업 지원을 하고 있다.  레저 선박 생산, 설계, 인력 양성, 애로기술 지원 등 전남 레저선박산업의 기반을 다지는데 기여하고 있다.  hskim@  ), 무단 전재 및 재배포 금지]",3.58,73.58,1.04,3.66,18.14,통일
"셔틀 운영, 자원봉사, 행사 홍보 등 지원 공로  【광주=뉴시스】송창헌 기자 = 2015 담양세계대나무박람회 조직위원회(공동위원장 이낙연·이만의·최형식)가 윤장현 광주시장에게 감사패를 전달했다.  박람회가 열린 지난해 9월부터 10월까지 입장권 구매와 셔틀버스 운행, 시립예술단 문화공연, 자원봉사, 박람회 홍보 등 다각적인 지원을 통해 성공 박람회에 특급 도우미 역할을 해줬다는 판단에서다.  실제 시는 대나무박람회와 관련, 입장권 3406매를 구매하고 문화전당에서 박람회장까지 셔트버스를 운행하고, 시립국악관현악단의 문화공연과 통역 등 연인원 600여명의 자원봉사자를 지원했다. 또 간행물과 홈페이지, 영상매체, SNS, 블러그 기자단을 통해 대나무박람회 알리미 역할을 톡톡히 했다.  시의 지원 노력에 힘입어 담양세계대나무박람회는 첫 행사임에도 관람객 104만명(외국인 5만명 포함)으로 목표치 90만명을 초과 달성하고 수익사업을 통해 54억원의 자체 수입을 거둬들이는 등 성공 박람회로 평가받고 있다.  최형식 담양군수는 ""대회의 성공 개최에 실질적인 보탬이 되는 지원에 담양군민의 뜻을 담아 감사패를 전달했다""며 ""상생발전의 큰 성과로 기록될 것""이라고 말했다.  앞서 광주시와 광주 인접 5개 시·군(나주·담양·장성·화순·함평)은 지난해 9월 상생협력의 중요성을 공감하고 체계적이고 조직적인 활동을 위해 지방자치법에 따라 빛고을생활권행정협의회를 구성, 15개의 상생발전 협력사업을 추진하고 있다.  goodchang@newsis.com",2.98,79.77,0.58,2.48,14.19,통일
"광주시 경쟁 치열·전남도 기피…대변인실 선호도 차이 확연  (무안=연합뉴스) 전승현 기자 = 광주시와 전남도의 역대 대변인(4급 서기관) 출신 인사가 대조를 보이고 있다.  광주시 대변인 출신 인사들은 대부분 승진하는 데 반해 전남도 대변인을 지낸 인사 상당수는 빛을 보지 못하고 있다.  7일 광주시와 전남도에 따르며 민선 5기(2010년) 이후 지난해 말과 이달 초 인사가 단행되기 전까지 대변인을 지낸 공무원(개방형 포함)은 광주시와 전남도 각 6명이었다.  광주시의 경우 이 중 한 명을 제외한 5명이 모두 3급 부이사관으로 승진했다.  이 중 3명은 대변인 6개월 만에 부이사관으로 초고속 승진하는 기염을 토했고 한 명은 2급 '고위공무원' 자리까지 올랐다.  반면, 전남도의 경우 비서실장(4급 상당)으로 '영전'한 개방형 대변인을 제외한 5명 모두 승진하지 못했다.  한 명은 부군수(4급)로 전보돼 그나마 체면치레를 했지만, 나머지 4명은 도립도서관장, 명퇴, 교육(2명) 등 다른 자치단체와 기관들의 대변인 인사와 비교해 '한직'으로 밀려났다는 평가가 나온다.  이같은 대조적인 대변인 인사와 발맞춰 광주시 대변인실 5급 이하 공무원들은 동기들보다 6개월 이상 승진이 빠르지만, 전남도 대변인실 직원들은 인사에서 인센티브를 크게 받지 못하는 것으로 전해졌다.  상황이 이렇자 이번 정기 인사에서 광주시는 '3급 승진 코스'인 대변인 자리를 노리고 4명이 물밑에서 치열한 경합을 벌인 반면, 전남도는 대변인을 하겠다고 선뜻 나서는 공무원이 한 명도 없었던 것으로 알려졌다.  특히 민선 5기와 6기 전남도지사 두 명(박준영·이낙연) 모두 기자 출신인데도 언론과 밀접한 관련이 있는 대변인들이 승진하지 못하는 것은 이채롭다.  전남도 공무원은 ""광주시와 전남도의 인사원칙과 대변인실 문화가 달라서 이처럼 확연한 차이가 나는 것 같다""며 ""광주시 대변인실은 활력이 넘친다는 말이 있는데 전남도 대변인실은 선호하는 공무원이 거의 없고 광주시와 비교해 상대적으로 매력과 활력이 떨어지는 것 같다""고 말했다.  shchon@yna.co.kr",9.48,63.55,2.76,12.54,11.68,통일
"7일 해양수산국·해양수산과학원 업무보고 …해양수산기술 지원 집중  [아시아경제 노해섭 기자]전라남도는 7일 이낙연 도지사와 정책자문위원 등 외부 전문가가 참석한 가운데 해양수산국·해양수산과학원의 2016년 업무보고를 갖고 해양수산 융·복합벨트 조성, 현장 중심 해양수산기술 지원에 총력을 기울이기로 했다.  해양수산국은 ‘해양수산 융·복합벨트’기반 구축과 ‘가고 싶은 섬’가꾸기 입체화·과학화 등 핵심과제를 추진키로 하고, 이를 위해 올해 154개 사업에 3천 84억 원을 투입할 계획이다.  해양수산 융·복합벨트 조성은 수산업 생산·가공·유통 간 융·복합을 통해 단순생산에서 고차가공으로 고도화하고, 수산기자재와 레저·관광, 요식업 등 산업 간 융·복합을 통해 전후방 연계 효과를 강화하기 위한 것이다. 중국과 인접한 목포권에 대중국 수산물 수출 전진기지화를 위한 고차가공수산식품 클러스터 구축, 수산기자재 단지 조성, 김 산업 연구소 건립, 친환경 수산물 종합지원단지 조성 등을 통해 현재 2조 원 수준인 수산물 생산액을 2025년까지 5조 원까지 늘리겠다는 계획이다.  브랜드시책 ‘가고 싶은 섬’가꾸기는 사업의 입체화·과학화를 위해 주민 참여 누리소통망(SNS) 홍보, 스마트폰 ‘앱’개발, 2017년까지 50세대 미만 모든 섬 마을(216개)에 초고속 인터넷망 구축 및 방범용 CCTV 설치(탐방로·해수욕장) 등 편의시설도 확충한다.  동북아를 선도할 복합 물류항만 조성을 위해 광양항에 360억 원을 들여 24열 크레인(3기)을 추가 설치해 컨테이너 물동량을 창출하고, 목포신항은 자동차, 철재 운송항으로 육성, 중국 등 동남아 교역 거점항으로 개발한다.  한·중 FTA 발효에 대응해 FTA를 위기가 아닌 전남 수산물의 대중국 수출 기회로 삼기 위한 지원 대책도 마련했다. 수산정책자금 대출이자 일부를 지원해 어업인의 이자 부담을 덜어주고 양식수산물 재해보험 확대, 피해보전직불제 및 폐업지원제 등을 추진한다. 또 대중국 수출 확대가 예상되는 김, 미역, 전복, 해삼 등은 새 기술을 도입한 친환경 양식어업 육성, 양식장 자동화 설비·고효율 에너지 절감장칟노후 어선 장비 지원 등으로 경쟁력을 강화할 방침이다.  해양수산과학원은 수산분야 연구개발을 통한 대외 경쟁력을 높이고, 수산 현장기술 지도 강화로 생산성 향상에 기여키로 했다. 인공종묘 생산 방류를 통한 자원 조성과 어촌지역 청년 일자리 창출로 정주인력 양성 등 전남을 해양수산업의 중심지로 육성키로 하고, 현장 중심의 해양수산기술 연구·지도·보급업무 수행 추진전략을 제시했다.  주요 시책사업은 ▲청년이 돌아오는 어촌 여건 조성 ▲FTA 체결에 따른 수출 전략 품종 육성 ▲기후변화 대비 미래 수산 연구 개발 ▲지역 특화 품종 현장 기술 개발 ▲새로운 수산 기술 연구 개발 ▲내수면어업 활성화를 위한 연구 개발 강화 ▲전남 해양수산 융복합벨트 조성 등이다.  어촌으로 돌아오는 청년의 수산업 창업 지원 시책사업으로 수산업경영인 육성, 수산업 청년 창업 성공사례 심포지엄 개최, 귀어·귀촌인 유치 및 지원, 창업어가 후견인 지원 등을 중점 추진한다.  특히 올해는 수산물 명품화를 위한 원천기술 개발로 수출시장 확대 및 글로벌 산업으로서의 경쟁력 확보에 주력키로 했다. 새로운 수산양식기술 개발로 풍요로운 수산자원 조성을 강화하고, 수산 현장 순회방문을 통한 어업인 밀착 지도 강화로 현장 애로사항을 해결하며, 수산물 안정 생산, 어업인 소득 향상에 최선을 다할 계획이다.  노해섭  기자 nogary@",3.93,62.09,0.97,3.01,30.0,통일
"[헤럴드경제(해남)=박대성 기자] 지난해 10월 기업회생절차를 종결한 대한조선은 스콜피오 벌커스(Scorpio Bulkers) 사로부터 수주한 18만t급 벌크선 ‘SBI BEHIKE’호를 최근 인도했다고 7일 밝혔다.  대한조선에 따르면 이번 선박은 지난 2013년 11월 수주한 2척의 시리즈선 중 첫 번째 선박으로, 길이 292m, 너비 45m, 높이 24.8m의 제원을 갖추고 있다.  대한조선은 스콜피오사와 오랜 협력관계를 유지하며 지난 2년간 11만5000t급 석유제품운반선(PC) 7척을 인도했다.  올 해에는 이번 인도 선박을 포함해 18만t급 벌크선 2척, 11만5000t급 석유제품운반선 2척을 스콜피오사에 추가 인도할 예정이다.  대한조선은 ‘SBI BEHIKE’호를 비롯해 1월에만 모두 4척의 벌크선을 골든오션그룹사 등에 인도할 예정이며, 다음달에도 주력제품인 석유제품운반선과 원유운반선(COT)도 순차적으로 인도한다.  한성환 대표이사는 앞서 신년사를 통해 “신주력제품 개발과 최적의 P-Mix(프로덕트믹스) 구축으로 연간 20척 건조체계를 완성해 세계 최고의 중형조선소로 발돋움하자”고 독려했다.  불황을 겪고 있는 조선업계가 인도 지연과 계약 취소 등으로 몸살을 앓고 있는 가운데 중형규모의 대한조선의 선전은 고무적이라는 평가다.  한편, 이낙연 전남지사는 최근 목포상의 신년인사회에서 “올해 안에 대한조선 진입도로 4차선 개설을 해결하겠다”고 말해 관심을 받았다.  대한조선 진입도로는 현재 별암삼거리에서 구림마을까지는 4차선도로가 연결돼 있지만, 구림에서 조선소까지 약 2.4km는 협소해 조선소 부품(블럭)을 수송에 어려움을 겪어 사측에서는 수년간 관련기관에 도로확장을 건의해 왔다.  대한조선은 해남군 화원면에 사업장이 있지만 영암 대불산단에도 제1,2 블럭공장이 운영되고 있다.  parkds@heraldcorp.com  - Copyrights ⓒ 헤럴드경제 &amp; heraldbiz.com, 무단 전재 및 재배포 금지 -",10.32,48.89,3.21,9.45,28.13,통일
"(무안=뉴스1) 김한식 기자 = 이낙연 전남도지사는 9일 휴일을 이용해 2016년 '가고 싶은 섬' 가꾸기 사업지로 선정된 완도 생일도를 방문했다.  '다시 태어나는 힐링의 섬'으로 불리는 생일도는 완도 약산면 당목 선착장에서 뱃길로 25분 거리에 있으며, 459세대 878명의 주민이 살고 있다.  국내 유일하게 '생일'이라는 지명을 사용하고 있어 여객선에서 내리면 대형 생일 케이크 조형물이 섬 방문객을 반긴다.  용출-금곡 해안길은 보리수, 후박, 동백 군락지가 절경을 이루고 섬 전체가 상록수림으로 가득 차 있다. 포근한 해수욕장, 문화재로 지정된 상서로운 학이 머문다는 ‘학서암’ 등 발길 닿는 곳마다 한 폭의 수채화를 연상케 한다.  과거 제주도에서 말을 보낼 때 말의 기력 회복을 위해 잠깐 쉬었다 가는 말을 지키는 '마방할머니'를 당신으로 모시는 당제를 비롯해 서성마을 풍어제, 금곡마을 당산제, 용출마을 용황제 등 섬의 고유한 전통문화가 잘 보존됐다.  이 지사는 이날 마방할머니 당숲, 너도밤나무 군락지, 용출해변을 둘러본 후 가고 싶은 섬 사업으로 추진 예정인 봉선폐교, 금곡마을 펜션, 금곡해수욕장 등을 살폈다.  특히 해수욕장 인근 배수로 시설, 생일 백운산 힐링 숲길 개설 등과 관련한 주민들의 현장 애로사항을 들었다.  이 자리에서 이 지사는 ""생일도는 매력 있고 아름다운 섬이다. 주민들이 합심해 섬을 예쁘게 꾸미고, 후대 아들 손자대에 어떤 섬을 물려줄 것인가를 생각하면서 '가고 싶은 섬'을 가꿔야 성공한다""며 ""어르신들이 청년들을 격려하고 마음을 모아 함께 해주면 좋겠다""고 당부했다.  이어 ""요즘 사람들은 자기 몸을 무척 중요하게 생각한다. 옛날 섬 음식이 몸에 좋으므로 옛날 사람들이 먹었던 섬 음식을 개발할 필요가 있다""며 ""또한 당제 사진이나 예부터 내려오는 스토리를 지금부터 잘 기록하고 정리해주길 바란다""고 덧붙였다.  이 지사는 취임 후 전남지역 '가고 싶은 섬' 가꾸기 사업지를 비롯해 경남 외도, 일본 '예술의 섬' 나오시마, 중국 저우산 군도를 방문하는 등 지금까지 국내·외 29개 섬을 방문했다.  hskim@  ), 무단 전재 및 재배포 금지]",4.31,65.65,1.05,2.94,26.05,통일
"김 위원장은 ""6·25 한국전쟁 당시 광주로 피난을 와 국민학교와 중학교 1학년까지 마친 뒤 다시 서울로 올라갔다""며 ""외가도 이 근처다. 광주와 인연이 깊다""고 말했다.  이에 대해 5월 단체 대표들은 ""국보위 참여 전력에 대해 다시 한 번 진심을 다해 사과한 점에 대해 다행이라고 생각한다""며 ""5·18과 관련해 사법처리된 15명을 제외한 모든 사람에게 광주 정신은 열려 있다""고 답했다.  이어 ""호남의 민심이 왜 떠났는지 잘 헤아리길 바란다""며 ""광주와 전남지역민들에게 희망의 메시지를 줄 수 있길 바란다""고 당부했다.  앞선 지난 27일 김 위원장은 신군부의 국보위 참여 전력에 대해 ""광주 시민분들께 죄송하다는 말씀을 드린다""고 한차례 사과한 바 있다.  그는 ""민주주의 국가에서 급작스럽게 (5·18 같은) 사태를 발생시켜 많은 인명 피해를 낸 데 대해서는 다른분들과 마찬가지로 절대 있어선 안될 일이라고 생각한다""고 밝힌 바 있다. 또 ""5·18 민주화운동으로 인해 대한민국이 87년 개헌을 하고 민주주의 국가로 탈바꿈하는 과정에 있었다""며 ""과정을 길이 받들어 더많은 민주주의 실현에 최선을 다해 보답할 것이다""고 5·18 정신 계승을 강조했다.  국보위 참여 논란에 대해 공식사과하는 것으로 광주 첫 일정을 소화한 김 위원장은 31일 지역기자와 조찬 간담회를 갖고 광주를 찾은 배경에 대해 설명한다.  또 4·13 총선지도부와 함께 국립5·18민주묘지를 참배한 뒤 더민주 광주시당 회의실에서 선거대책회의를 진행한 뒤 경남 김해 봉하마을로 건너가 노무현 전 대통령의 묘소를 참배하고 권양숙 여사를 예방한다.  한편 이날 식당 앞에서 5·18정신실천연합 회원 10여명은 김 위원장의 5·18민주묘지 참배 등을 반대하는 집회를 열었다. 이 과정에서 5월 단체 회원간 고성이 오가는 다툼을 벌이도 했다.  hgryu77@newsis.com  guggy@newsis.com",26.77,27.85,1.87,25.89,17.62,통일
"남도문예 르네상스 앞장~문화관광분야 무보수 정책자문  [아시아경제 노해섭 기자]이낙연 전라남도지사는 ‘훈요십조의 진실’저자인 김동선 소설가를 ‘도지사 관광문화정책고문’으로 위촉, 26일 위촉장을 수여했다.  김동선 문화관광정책고문은 앞으로 남도문예 르네상스 프로젝트 추진과 전남 관광 5천만 시대 조기 실현 등을 위해 전남 역사·문화 자원을 활용한 관광 상품 개발에 무보수 자문 역할을 하게 된다.  김 고문은 호남 홀대와 차별화의 빌미를 제공해왔던 고려 태조 왕건의 ‘훈요십조’에 대한 치밀한 역사적 고증을 통해 훈요십조가 호남인을 중용하지 말라는 뜻이 아니었다고 재해석해 ‘훈요십조의 진실’을 저술, 전국적으로 큰 반향을 불러일으켰다.  노해섭  기자 nogary@",1.43,85.41,0.54,2.77,9.85,통일
"기상악화시 제주공항 제 역할 못해  정부·제주와 교감없는 일방적 의견  【무안=뉴시스】맹대환 기자 = 최근 폭설로 인한 제주공항 결항사태와 관련해 이낙연 전남지사가 26일 서울~제주간 고속철도(KTX) 개통 필요성을 주장하는 성명을 발표했다.  하지만 대규모 국가적 사업을 두고 정부나 제주도와 별다른 교감 없이 즉흥적으로 성명을 발표했다는 지적이 나오고 있다.  이 지사는 이날 성명을 통해 ""이번 폭설과 강풍으로 인한 제주공항 마비사태로 목포~제주간 해저터널을 통한 서울~제주간 KTX 개통의 필요성을 재확인했다""고 밝혔다.  이어 이 지사는 ""중앙정부와 제주도, 한국공항공사 등의 노력에도 불구하고 2박3일 동안 9만명이 제주공항에 발이 묶임으로써 기상이변의 시대에 맞는 새로운 대처 방식이 절실해졌다""고 말했다.  이 지사는 ""이번 사태가 아니더라도 제주공항은 기상 악화로 비행기가 제 시간에 이착륙하지 못하는 날이 해마다 평균 50일을 넘는다""며 ""제주도 제2공항 건설 계획을 이해하고 찬성하지만 공항 증설만으로는 기상 악화, 특히 갈수록 심각해질 기상이변에 대처할 수 없다""고 지적했다.  그는 ""이번 일을 겪으면서 제주도 내부에서도 목포~제주간 해저터널을 통해 서울~제주간 KTX를 연결하자는 주장이 나왔다""며 ""제주도의 미래를 위해서도 대한민국 관광산업의 발전을 위해서도 서울~제주간 KTX 개통을 서두를 것을 중앙정부에 요청한다""고 밝혔다.  이 지사는 ""기상이변이 일상화되는 시대에 제주공항과 인천공항 등의 대안 공항을 확보하기 위해서도 호남선 KTX 2단계 노선이 무안공항을 경유해야 한다""고 주장했다.  이날 이 지사의 성명은 최근 발생한 기상이변에 따른 것으로 대규모 국가적 사업 추진에 필요한 정지작업이 부족한 것 아니냐는 지적이다.  수년간 논의가 중단됐던 국책 사업에 다시 불씨를 살리려는 의도는 좋지만 사업 여건이 개선되지도 않은 상황에서 섣불리 일방적 주장을 제시해 여론만 악화시킬수도 있기 때문이다.  목포~제주간 해저터널은 지난 2011년 검토 결과 타당성이 없는 것으로 결론이 나 현재까지 정부가 단 한발짝도 움직이지 않고 있다.  지난 2014년에는 중국 국영회사 4곳이 목포~제주간 해저터널에 20조원 규모의 투자 의향을 밝히기도 했으나 정부가 건설비용과 해저터널 수요 등 경제성을 낮게 봐 무산됐다.  또 원희룡 제주지사도 신공항 건설이 우선이고 해저터널은 시기상조라며 일축하고 있다.  광주전남환경운동연합은 ""남도만의 특색 있는 관광자원을 발굴해 활용하고 국가 예산을 적절한 곳에 투자하는 것이 관광객 유치와 지역경제 활성화에 도움이 된다""며 ""해저터널 건설은 타당성과 정당성이 입증되지 않았다""고 반대 입장을 보이고 있다.  전남도 관계자는 ""이 지사의 성명은 기상이변에 대응하기 위한 국가적 발전을 염두한 것이다""며 ""이번 성명을 발표하기 앞서 정부나 제주지사와 별도의 교감은 없었다""고 말했다.  이 지사는 취임 후 2014년 7월 청와대에서 열린 시·도지사 간담회에서 박근혜 대통령에게 해저터널 사업 방안을 건의했으나 구체적인 확답을 받지 못했다.  목포~제주간 해저터널 사업은 지난 2007년 9월 당시 박준영 전남지사와 김태환 제주지사가 대정부 공동건의문을 발표하면서 본격화됐다. 목포~해남은 지상 66㎞, 해남~보길도는 교량구간 28㎞, 보길도~제주도는 해저터널로 73㎞를 건설하는 방안이다.  mdhnews@newsis.com",2.82,49.98,0.87,1.84,44.5,통일
"‘제주 폭설 고립’으로 관광객 9만여명이 발이 묶이는 사태가 벌어지면서 해저터널을 통한 고속철도 건설을 요구하는 목소리가 다시 높아지고 있다. 항공기와 여객선이 뜨지 않으면서 겪게 되는 ‘교통대란’을 철도 개통으로 풀어야한다는 주장이다.  이낙연 전남도지사는 26일 도청 업무보고 회의에서 “서울~제주 사이에 고속철도가 달리는 시대를 열어야 한다”고 밝혔다.  이 지사는 “이번 폭설과 강풍으로 인한 제주공항 마비사태로 목포~제주 해저터널을 통한 서울~제주 KTX 개통(도표)의 필요성을 재확인했다”면 “이제 (논의가 중단된)목포~제주 해저터널을 뚫어야할 때가 됐다”면서 이같이 말했다.  이 지사는 “중앙정부와 제주도, 한국공항공사 등의 노력에도 2박3일 9만명이 제주공항에 묶임으로써 기상이변의 시대에 맞는 새로운 대처방식이 절실해졌다”고 강조했다.  이 지사는 “제주도는 이번 사태가 없다고 하더라도 날씨 때문에 비행기가 제시간에 이·착륙을 하지 못하는 날이 이미 연중 50일을 넘는다”면서 “제주도 제2공항건설계획을 이해하고 찬성하지만 공항증설만으로 기상악화, 특히 갈수록 심각해질 기상이변에 대처할 수 없다”고 지적했다.  이 지사는 “진즉부터 이런 주장을 했었는데, 제주도 분들이 제2공항 건설을 우선시하는 바람에 KTX문제를 뒤로 늦춰놨다”면서 “이번에 경험이 제주도나 중앙정부에서도 공항증설로 해결되지 않은 문제가 있다는 것을 확실히 인식하게 됐을 것”이라고 말했다.  이 지사는 “목포~제주 해저터널을 빨리 뚫어서 KTX시대를 앞당기지 않으면 중국관광객이나 월요일 출퇴근할 사람들이 맘놓고 제주에서 주말을 즐길 수 있겠느냐”며 “이제는 제주도를 위해서도 해저터널 건설을 미룰 때가 아니다”고 강조했다.  이 지사는 “이번 일을 겪으면서 제주도 내부에서도 해저터널을 통해 KTX를 연결하자는 주장이 나왔는데, 옳을 지적”이라며 “대한민국 관광산업 발전을 위해 중앙정부에 KTX 개통을 서두를 것을 요청한다”고 말했다.  목포~제주 해저터널은 2007년 9월 전남도와 제주도가 대정부 공동건의문으로 국책사업에 포함해줄 것을 건의하면서 처음 제시됐다. 그러나‘신공항 건설’과 섬 정체성 훼손 등의 여론에 밀려 제주도가 반대하면서 추진이 중단됐다.  전남도는 총 길이 167㎞인 목포~제주 구간을 해남까지는 지상(66㎞)으로, 해남~보길도 사이는 교량(28㎞), 보길도~추자도~제주도 구간은 해저(73㎞)로 놓자는 계획을 세워놓고 있다.  정부도 이를 국책사업에 포함시킬지를 확정하는 제3차 국가철도망 구축계획(2016~25년)을 6월말까지 고시하게 된다. 2010년 한국교통연구원은 해저철도 사업비가 14조6000억원, 사업기간 11년이 된다고 설명했다. 제주~목포 40분, 제주~서울 2시간 25분에 오갈 수 있다고 덧붙였다.  - ⓒ 경향신문(www.khan.co.kr), 무단전재 및 재배포 금지  〈경향신문은 한국온라인신문협회(www.kona.or.kr)의 디지털뉴스이용규칙에 따른 저작권을 행사합니다.〉",2.97,70.19,1.17,2.75,22.92,통일
"[광주CBS 김형로 기자]사흘째 폭설로 전남에서 비닐하우스와 축사가 붕괴되고 가축 폐사가 잇따르는 등 16억여 원 상당의 재산피해가 난 것으로 잠정 집계됐다.  전라남도 재난안전대책본부에 따르면 지난 24일부터 사흘째 내린 폭설로 함평과 영암, 나주 등 7개 시·군 142 농가의 229동 비닐하우스가 내린 눈의 무게를 이기지 못해 무너져 13억 원 상당의 재산피해가 발생했다.  또, 장성과 화순 등 4개 시·군 12개 농가의 소와 돼지 축사 20동이 파손돼 3억 원의 재산피해가 발생했고 장성 축사가 부서지며 기르던 한우 101마리, 시가 7천만 원어치가 폐사하기도 했다.  이와 함께 전남 목포와 진도, 구례 등 4개 시·군 7개 노선의 41.7㎞의 교통이 통제됐다.  이 밖에 전남지역에 한파특보가 이어지면서 신안 등 16개 시·군 수도계량기 144건의 동파사고가 나기도 했다.  전남도 재해안전 대책본부는 26일 비닐하우스, 축사시설, 수산 양식시설 등 사유시설의 피해 상황을 추가 확인에 나서기로 해 설해 피해는 더 늘어날 전망이다.  khn5029@hanmail.net  저작권자 © CBS 노컷뉴스(www.nocutnews.co.kr) 무단전재 및 재배포 금지",7.74,71.44,2.69,14.9,3.23,통일
"(무안=뉴스1) 김한식 기자 = 전남도동물위생시험소(옛 축산위생사업소)는 전북 김제와 고창에서 돼지 구제역이 발생함에 따라 사전 혈청검사와 의심축 신고 시 신속히 대응토록 역학조사반을 운영하는 등 검사 대비에 온 힘을 쏟고 있다고 17일 밝혔다.  시험소는 그동안 구제역 청정지역을 지키기 위해 5월까지를 특별방역대책기간으로 정해 방역활동을 펼쳐왔다.  이런 가운데 이번에 전북에서 구제역이 발생함에 따라 소?돼지 등 도내 반입 및 도축을 제한하고 도축장에서 도축되는 가축에 대해서도 출하 농가별 임상검사 등 생체검사를 통해 이상이 없는 개체에 한해 도축을 허용하고 있다.  도축장에 출입하는 가축 수송차량은 반드시 거점소독시설에서 철저히 소독한 후 이동토록 조치했으며, 도축장 내 계류장과 주변에 대해서도 매일 일제 소독을 실시하고 있다.  구제역 발생 시 방어능력인 백신항체 형성률이 무엇보다 중요한 만큼 전북도와 인접한 담양, 곡성, 구례, 영광, 장성 5개 군에서 사육된 도축장 출하돼지 1500마리에 대해 긴급 혈청검사를 실시해 적정 항체 형성률을 유지한다는 방침이다.  검사 결과 백신항체 양성률이 기준 미만 시 해당 농장에 대해 확인검사를 실시하고, 항체 형성률이 저조한 양돈농가에는 즉시 예방접종토록 조치할 계획이다.  또한 시·군과 협조해 도축장 주변은 물론 돼지 집단 사육단지와 방역 취약지역에 대해 광역 방제차량과 소형 소독차량을 이용해 매일 소독을 실시하고, 우제류 사육농가에 구제역 차단방역 홍보 문자 메시지(SMS)를 발송했다.  김상현 시험소장은 ""소·돼지의 입과 발굽 주위에 수포가 생기는지 임상관찰을 매일 철저히 하고 의심축 발생 시 신속히 해당 시·군과 동물위생시험소로 신고해 줄 것""을 당부했다.  hskim@  ), 무단 전재 및 재배포 금지]",2.73,72.95,0.76,1.9,21.66,통일
"지난 22일 옛 88고속도로를 확장해 이름을 바꾼 ‘광주∼대구고속도로’가 개통했다. 왕복 2차로에 급경사·커브 구간이 많은 데다 중앙분리대마저 없던 88고속도로는 사고가 빈번해 ‘죽음의 도로’로 불리며 영호남 지역감정의 상징처럼 여겨졌다. 하지만 이제 영호남은 뻥 뚫린 고속도로로 마음껏 오갈 수 있게 됐다. 광주∼대구고속도로 개통에 즈음해 지역감정의 대명사였던 영호남 분위기도 크게 달라졌다.  ◇동서 화합의 시작 ‘달빛동맹’=“전라도가 안 뭉치면 꽉 막힌 경상도에 계속 당한다” “전라도 똘똘 뭉치는 것 봐라. 경상도도 안 뭉치면 큰일 난다” 과거 영호남이 서로를 바라보는 시선이었다. 하지만 영호남의 대표 도시 대구와 광주 경제가 전국 꼴찌를 다투는 상황이 되자 “이래서는 안 된다”는 분위기가 생겨났다. ‘달빛동맹’의 탄생 배경이다.  대구와 광주의 옛 지명인 달구벌과 빛고을의 앞 글자를 딴 달빛동맹은 2009년 두 도시의 공동번영을 위해 시작됐다. 간헐적으로 교류를 이어오다 2013년 3월 달빛동맹 교류협약을 공식 체결하면서 본격화됐다. ‘군공항 이전’ ‘88고속도로 조기 확장’ ‘달빛 야구 제전 개최’ ‘공무원 교차 견학’ 등 각 분야에서 23개 협력사업을 추진 중이다.  두 지역 시장이 2013년 이후 대구 2·28, 광주 5·18민주화운동 기념식에 교차 참석하고 2014년 두 지역에 상대 지역 이름을 딴 상징 숲을 조성하는 등 광폭 행보를 이어가고 있다.  특히 지난 5월에는 ‘달빛동맹 민관협력 추진 조례 제정·공포’ ‘달빛동맹민관협력위원회 출범’ 등 민간 차원으로까지 활동영역을 넓혔다. 최근에도 두 도시의 미래전략산업인 친환경자동차산업과 신재생에너지 분야 협력을 위한 ‘미래자동차 동맹’도 맺었다. 이밖에도 스포츠 교류, 시립무용단 교류공연, 영호남 청년 미팅 주선 행사 등 문화·예술·스포츠 전 분야로 교류가 확대되고 있다.  권영진 대구시장은 “달빛동맹이 이제는 인적교류 차원을 넘어 공동의 경제 발전과 번영을 위한 이익동맹으로 발전했다”고 말했다.  ◇영호남 잇는 ‘광주∼대구고속도로’=죽음의 도로로 불렸던 광주∼대구고속도로는 기능 개선 차원을 넘어 영호남 교류의 새 상징이 될 전망이다.  영호남 지역감정이 1984년 개통된 88고속도로 때문이라는 말이 있을 정도로 도로 사정은 엉망이었다. 이에 2001년부터 최근까지 순차적으로 170여㎞ 구간을 4차로(일부 6차로)로 확장했다. 일부 급경사·곡선 구간을 직선화해 전체 운행거리가 줄고 제한 속도도 높아져 운행 시간이 2시간12분에서 1시간40분대로 30분 정도 단축됐다. 도로 확장으로 통행량이 일평균 1만3800대에서 2만대 이상으로 늘고 연간 물류비용 절감액도 760억원에 달할 것으로 전망된다.  윤장현 광주시장은 “광주∼대구고속도로 확장 개통은 광주가 대구와 더불어 발전하는 전환점이 될 것”이라고 말했다.  아쉬움도 남아있다. 대구와 광주 등은 도로의 상징성을 감안해 ‘달빛고속도로’로 이름을 붙여달라고 요구했지만 국토교통부는 이를 수용하지 않았다.  ◇동서 화합 분위기 확산=고 김대중 전 대통령의 부인 이희호 여사가 지난 9월 23일 ‘실크로드 경주 2015’ 행사장을 찾았다. 경북도가 행사기간 중 이날을 ‘전라남도의 날’로 정해 이 여사를 초청한 것이다. 행사장에서 김관용 경북도지사와 이낙연 전남도지사는 김대중평화센터(이사장 이희호 여사)에 각각 1억원씩을 기탁해 ‘영호남 상생 장학기금’을 만들기로 했다.  김관용 지사는 지난 11월 13일 경북의 종가음식 전수자, 전통식품 명인 등 35명과 함께 전남 담양군 죽녹원 일원에서 열린 ‘제22회 남도음식문화 큰잔치’ 행사장을 찾았다. 영남에서 대규모 사절단이 축제장을 찾은 것은 처음이었다.  경북도와 전남도도 달라지고 있다. 공생을 위해 ‘아름다운 동행’에 나선 것이다. 두 지역은 경북의 종가음식과 전남의 남도음식 간 상생을 도모하기로 했고, 내년도 국비예산 확보를 위한 공조체제도 가동하기로 했다. 상주∼나주 조선감영 복원, 안동∼화순 백신 글로벌 산업화 기반구축, 울릉도∼가거도 국토 끝 섬 주민 간 교류, 동서화합 천사프로젝트 등 10대 상생과제도 추진하고 있다. 두 지역 최대 현안인 경북의 동해중부선 철도와 전남의 남해안 철도부설 사업 등 사회간접자본(SOC) 국비예산 확보에도 나서고 있다.  경북도는 전북도와도 힘을 모으고 있다. 지난 3월 ‘융복합탄소성형 첨단 부품산업 클러스터 조성사업’의 원활한 추진을 위해 전북도와 ‘탄소성형 클러스터 조성사업’ 업무협약을 체결했다. 광주·대구=장선욱 최일영 기자  mc102@kmib.co.kr  GoodNews paper ⓒ 국민일보(www.kmib.co.kr), 무단전재 및 재배포금지  [뉴스 미란다 원칙] 취재원과 독자에게는 국민일보에 자유로이 접근할 권리와 반론·정정·추후 보도를 청구할 권리가 있습니다. 고충처리인(gochung@kmib.co.kr)/전화:02-781-9711",25.51,34.26,4.49,23.79,11.95,통일
"본문 이미지 영역전라남도는 행정자치부가 주관한 ‘2015년 공무원노사문화대상’에서 상생과 화합의 노사문화 정착 노력과 각종 노사 협력 사업이 우수한 평가를 받아 영예의 대상인 ‘대통령상’을 수상했다고 21일 밝혔다.  공무원노사문화대상은 행자부가 모범적 노사문화를 가꿔온 행정기관을 선정해 인증하고, 이를 타 행정기관에 확산함으로써 공직사회 전반에 협력적인 노사관계가 정착되도록 하기 위해 지난 2010년 도입됐다.  이낙연 전남도지사는 “건강한 노사문화를 만들어준 전라남도 직원들께 감사드린다”며 “앞으로도 더욱 건전한 노사문화가 정착되도록 힘써나갈 것”이라고 말했다.  김현진 전남도노조위원장은 “노동조합을 도정 발전의 파트너로 존중해주고 노조활동에 대해 적극적인 지원을 해준 이낙연 도지사와 전라남도 1800여 조합원들이 적극적으로 참여하고 지지해준 결과”라고 소감을 밝혔다.  남악=홍기철 기자 honam3333@mt.co.kr",3.91,72.57,1.43,1.83,20.26,통일
"[광주CBS 김형로 기자]전라남도가 이낙연 도지사와 시·군을 돌며 진행하는 도민과의 대화를 ‘민생현장 방문 위주의 대화'로 꼼수 변경해 추진하기로 했다.  이는 4· 13 국회의원선거로 선거법상 60일 전부터 단체장이 선거 전 유권자와 대화를 개최하면 선거에 영향을 미치는 행위에 해당돼 유권자와의 대화 개최를 할 수 없도록 규정하고 있기 때문이다.  이에 따라 전남도는 오는 2월 하순부터 시·군 형편에 따라 시기를 조정, 시·군별 현안사업의 건의 방문 대상지를 사전 조사 검토, 이 지사가 시· 군 민생현장을 방문해 도민 숙원 사업 등을 듣고 도정에 반영할 방침이다.  전남도는 또, 사업비 44억 원을 미리 확보해 이번 민생현장 방문 대화를 통해 시·군으로부터 건의사업을 수렴한 뒤 관계부서와 타당성 및 내부 검토를 거쳐 지원하기로 했다.  그러나 전남도가 총선에 따른 선거법 규정으로 도지사와 도민과의 대화 개최가 불가 되자 편법을 동원해  민생 현장 대화 위주로 변경한 것 아니냐는 논란이 일고 있다.  이에 대해 전남도는 ""선거법상 제한도 있지만, 다수 주민을 초청해 의례적 대화 방식을 탈피해 시·군 특성에 맞는 현장 대화를 위해 기존 도지사와 도민과 대화를 민생 현장 방문 위주의 대화로 변경했다""라고 밝혔다.  khn5029@hanmail.net  저작권자 © CBS 노컷뉴스(www.nocutnews.co.kr) 무단전재 및 재배포 금지",8.44,73.7,2.23,7.0,8.62,통일
"이어 윤학자 여사의 장남인 윤기 이사장이 운영하는 복지시설 ‘고향의 집’을 방문해 동포 어르신들과 관계자를 격려했으며, 고향의 집 뒤뜰에 추진하는 ‘평화의 공원’조성 계획을 청취하고 관계 공무원에게 전남 차원의 지원 방안을 검토하도록 지시했다.  한편 이 지사는 이날 오후 오사카 전라남도 도민회(회장 정영철) 환영 간담회에 참석해 향우들을 격려한 후 4일간의 일본 방문 일정을 마무리 했다.  노해섭  기자 nogary@",3.83,78.88,0.65,1.41,15.24,통일
"안전실과 각 실국 손발 안맞고, 컨트롤 타워도 없어  [광주CBS 김삼헌 기자]전라남도가 각종 재난재해와 사고에 대응하기 위해 도민안전실을 신설했으나 컨트롤타워 역할을 하지 못하면서 오히려 재난대응에 허점을 드러내고 있다.  이낙연 전남지사가 출장차 일본에 머물던 지난 18일 기상청은 오전 10시를 기해 무안과 화순 등 13개 시군에 대설주의보를 발효하고 19일까지 5~20㎝의 폭설이 내릴 것이라고 예보했다.  물론 이에앞서도 기상통보를 통해 이같은 폭설을 예고 했고 이날 오후 1시 30분에는 전남 서남해안 모든 해상과 일부 육상지역에 강풍경보와 풍랑 경보를 발효했다.  그러나 전라남도는 이렇다 할 재해 예방대책을 추진하지 않았다.  지난해 7월 조직개편을 통해 신설한 도민안전실이 있지만 모든 통보는 국민안전처에서 각 시군구까지 하기 때문에 이전의 상황실을 꾸려 비상근무에 들어가는 모습은 보이지 않았다.  도민안전실 한 관계자는 ""직원 2명이 한조로 24시간 상황유지를 하며 119상황실과 서해해경 상황실, 각 시군에서 취합된 상황을 각 실국으로 전달해주는 역할을 하고 있다""며 "" 그 상황에 맞게 예방이나 조치는 각 실국에서 해야 한다""고 밝혔다.  그러나 전남도청 각 실국에서는 발생이 우려되는 비닐하우스와 축사 붕괴 예방 요령 전파 등 어떠한 재해예방 대책을 추진하지 않았다.  조직개편이 되기 전에는 건설국 산하에서 상황실을 꾸리고 일사분란하게 비닐하우스, 축사관리 요청과 출항 금지를 알리는 내용을 각 시군과 언론에 전파했던 것과 사뭇 다른 모습이다.  똑같이 안전실이 신설된 광주시는 산하 공무원들에게 집앞과 동네 제설작업 후에 오전 10시까지 출근하라는 문자 발송하고 제설작업이 이뤄지도록 했다.  즉, 전남 도민안전실이 2급 지방이사관으로 직급만 상향만 됐을뿐 컨트롤타워 역할을 전혀 하지 못한 말년 공무원 승진자리로 전락하고 있다는 지적과 함께 광주시보다 재난재해 발생이 더 많은 전남지역 상황을 고려할 경우 제대로 재난재해에 대응할 수 있을지에 대한 우려가 나오고 있다.  gondang@hanmail.net  저작권자 © CBS 노컷뉴스(www.nocutnews.co.kr) 무단전재 및 재배포 금지",11.57,52.14,3.33,12.66,20.3,통일
"[광주CBS 김형로 기자]일본을 방문 중인 이낙연 전라남도지사는 20일 오전 마쓰이 이치로(松井 一郎) 오사카부 지사와 회담을 열고 투자·관광 등 양 지역 현안 관심사에 관해 의견을 나눴다.  오사카부는 일본에서 경제규모가 동경에 이어 두 번째로 큰 광역 자치단체로 가장 많은 한국동포(약 30만 명)가 살고 있으며, 한일 교류역사 1천600년 동안 전남과 깊은 인연이 있는 지역이다.  이날 회담에서 이 지사는 ""오사카의 스미토모 세이카사가 지사 취임 뒤 전남에 투자한 첫 외국 기업""이라고 인연을 강조하며 ""많은 기업이 전남에 관심을 두도록 해줄 것""을 당부했다.  이에 대해 마쓰이 지사는 ""오사카부는 2020년 동경 하계 올림픽이 열릴 때까지 연 1천만 명의 관광객 유치를 목표로 하고 있으며, 최근 한국인 관광객이 느는 추세""라면서, ""전남에서도 더 많은 관광객이 오사카에 방문할 수 있도록 협조를 구한다""라고 말했다.  이 지사는 회담에 앞서 지난해 12월 전남에 50만 그루에 해당하는 편백 씨앗을 기증한 쓰치야 시나코 일본 중의원 외무위원과 조찬을 하고, 쓰치야 시나코 의원의 전남 사랑에 대해 감사를 표했다.  이어 고아의 어머니로 불리는 윤학자 여사의 장남인 윤기 이사장이 운영하는 복지시설 '고향의 집'을 방문해 동포 어르신들과 관계자를 격려했으며, 고향의 집 뒤뜰에 추진하는 '평화의 공원' 조성 계획을 청취하고 관계 공무원에게 전남 차원의 지원 방안을 검토하도록 지시했다.  한편 이 지사는 이날 오후 오사카 전라남도 도민회 환영 간담회에 참석해 향우들을 격려한 뒤 4일간의 일본 방문 일정을 마무리했다.  khn5029@hanmail.net  저작권자 © CBS 노컷뉴스(www.nocutnews.co.kr) 무단전재 및 재배포 금지",5.28,48.93,1.8,2.55,41.45,통일
"한국관광공사, 관광객 환대 캠페인  “평창올림픽 성공·관광발전 기틀 기대”  2016~2018 한국방문의해를 맞아 범국민적인 친절문화 확산을 위해 벌이고 있는 ‘K스마일’ 관광객 환대 캠페인이 부산과 광주, 전남으로 영토를 넓혔다.  한국관광공사(사장 정창수)는 최근 부산 광복로에서 서병수 부산광역시장, 지역 관광 음식 운송업계 대표 등 250여명이 참석한 가운데 ‘K스마일 캠페인’ 행사를 진행했다고 20일 밝혔다.  또 광주송정역에서는 정 사장과 윤장현 광주광역시 시장, 이낙연 전라남도 도지사, 김홍주 한국관광협회중앙회 회장 등 150여명이 참석한 가운데, ‘광주·전남지역 K스마일 캠페인 확산 및 관광발전을 위한 업무협약식’을 진행했다.  정 사장은 “1990년대 초 외래관광객 감소문제에 직면한 프랑스도 1994년부터 2004년까지 문화시민운동으로 ‘봉주르캠페인’을 성공적으로 추진해 방문객 수가 다시 증가하고, 프랑스 관광 이미지를 높인바 있다”며, “K스마일 캠페인이 평창올림픽 성공과 관광산업 발전의 기틀이 되기를 기대한다”고 밝혔다.  함영훈기자/@heraldcorp.com  - Copyrights ⓒ 헤럴드경제 &amp; heraldbiz.com, 무단 전재 및 재배포 금지 -",1.59,68.28,0.69,1.04,28.4,통일
"거점소독시설 35개까지 확대 운영  [아시아경제 노해섭 기자]전라남도(도지사 이낙연)는 전북 김제에 이어 고창까지 구제역이 추가 발생함에 따라 도내 주요 도로에 거점소독시설을 설칟운영하기 위해 예비비 10억 원을 긴급 투입한다고 16일 밝혔다.  이는 그동안 구제역 비발생지역을 유지하던 전북에서 구제역이 발생했고, 영광과 불과 5㎞ 가량 근접한 고창까지 발생함에 따라 초긴장 상태를 유지하고 지속적으로 구제역 청정지역을 유지하기 위한 조치다.  구제역의 도내 유입을 차단하기 위해 도 경계지역은 물론 시군 간 주요 도로 35개소에 거점소독시설을 설치하고 예비비 10억 원을 긴급 투입해 소독약품 등 운영에 필요한 경비를 지원키로 한 것이다.  전라남도는 또 각 시군에 방역초소 운영으로 인한 안전사고 발생 및 도민 불편 사항이 없도록 겨울철 결빙 방지, 축산차량 사전 유도 등 안전을 최우선적으로 조치해줄 것을 요청했다.  권두석 전라남도 축산과장은 “방역초소 운영으로 도민들이 다소 불편하겠지만 구제역 조기 종식을 위해 차단방역이 무엇보다도 제일 중요한 만큼 적극 협조해달라”며 “축산농가에서는 한 마리도 빠짐없이 예방접종을 철저히 하고, 농장 내·외 소독과 함께 발생지역 방문 및 거래 자제 등 차단방역 조치를 철저히 이행해줄 것”을 당부했다.  노해섭  기자 nogary@",4.03,60.04,0.94,2.42,32.57,통일
