"﻿""8년 연속 합계 출산율 전국 1위 걸맞게 공무원 출산 장려대책 추진키로  [아시아경제 노해섭 기자]전라남도(도지사 이낙연)는 8년 연속 합계 출산율 전국 1위 지역에 걸맞게 여성만을 위한 특별휴가인 ‘보건휴가 유급화’등 가족계획을 앞둔 공무원의 출산 장려대책을 1월부터 시행한다고 3일 밝혔다.  이에 따라 여성들이 정당한 권리를 행사할 수 있도록 생리기와 임신한 경우 월 1일 보건휴가를 보장하고 현재 ‘무급’으로 규정된 ‘공무원 복무조례’를 ‘유급’으로 개정해 전국 17개 시도 가운데 처음으로 명문화할 방침이다.  또한 출산 준비부터 육아휴직까지 설계할 수 있도록 연 2회에 걸쳐 정기적으로 전문 강사 초청강의를 하는 등 적극 지원에 나설 계획이다.  남성 공무원의 육아에 대한 사회적 인식과 분위기를 개선하기 위해 도와 시군 공무원을 대상으로 세미나를 개최하는 등 남성 공무원 육아휴가도 적극 권장키로 했다.  전라남도 소속 여성 공무원 485명 가운데 최근 3년간 육아휴직을 실시한 직원은 16.3%인 79명으로 매년 늘고 있으며",6.17,2.86,1.19,89.03,0.76,최저임금
"(광주=연합뉴스) 손상원 기자 = 박성수 광주·전남연구원장은 15일 광주시 공무원교육원 강당에서 취임식을 하고 공식 업무에 들어갔다.  취임식에는 윤장현 광주시장, 이낙연 전남지사, 조영표 광주시의회 의장, 장휘국 광주시 교육감 등 400여명이 참석했다.  박 원장은 취임사에서 ""연구원 정체성 확립과 위상 정립을 위한 비전을 세우고 자치단체, 의회 등 주요 이해관계자와의 연계도 강화하겠다""며 ""연구수요, 전문성을 고려해 인력을 배치하고 업무중복을 최소화해 경영효율성을 높이겠다""고 밝혔다.  박 원장은 35년간 전남대 경영학과 교수로 재직했으며 사단법인 한국산학협동연구원장, 대한경영학회장, 중앙인사위원회 위원, 기아자동차 광주공장 발전자문위원 등을 역임했다.  sangwon700@yna.co.kr",6.12,2.57,1.1,89.82,0.4,최저임금
"[아시아경제 서영서]  지난해 12월 전남도와 신협중앙회는 전남도청 서재필실에서 이낙연 지사와 문철상 신협중앙회장, 박우영 목포신협 이사장(신협중앙회 이사)이 참석한 가운데 ‘영세 소상공인 금융지원 업무협약’을 체결, 고리채 해소의 첫걸음을 내디뎠다.  목포신협은 이 협약을 통해 일일상환대출의 평균금리를 14.8%에서 5.9% 이내로 하향 적용했다.  목포신협은 지난 11일 소상공인 일일수납 대출을 목포시 상동 '11번 청과’에 최초로 실시해 기념식을 가졌다.  김영조 신협중앙회 전남지역본부장, 박우영 목포신협 이사장과 이계연 전남신용보증재단 이사장이 참석한 가운데 소상공인 금융지원 대출 사업장 1호점 간판을 수여했다.  박우영 이사장은 이날 “신협-신용보증재단 영세 소상공인 일일상환대출의 첫 시작을 전남지역 소상공인에게 널리 알림으로써 조합원들의 자금난이 해결되는 원동력이 되었으면 좋겠다”고 밝혔다.  그는 또 “영세 소상공인 일일상환대출은 2년 이내 최대 3000만원까지 가능하다”며 “자금이 필요한 소상공인들은 신협을 찾아 상담받으면 도움이 될 것”이라고 덧붙였다.  서영서 기자",2.78,1.02,0.38,95.52,0.3,최저임금
"[광주CBS 임영호 기자]광주전남연구원 박성수 원장이 취임했다.  박성수원장은 15일 광주시공무원교육원 강당에서 윤장현 광주시장과 이낙연 전라남도지사 등 400여 명이 참석한 가운데 취임식을 갖고 공식업무를 시작했다.  박 원장은 취임사에서 “연구원의 정체성 확립과 위상정립을 위한 통합연구원의 새로운 비전 설계와 함께 자치단체 및 의회 등과 네트워크를 강화할 것”이라며 “이를 위해 광주․전남의 연구수요와 연구인력의 전문성을 고려하여 인력을 배치하고, 중복업무 최소화를 통한 연구역량 결집 등 통합과 경영효율성 향상을 위한 조직재편 등 인사조직 전문가로서 새로운 조직문화를 창출할 계획이다”고 말했다.  또 “지역 및 지역특화산업 전문연구를 위한 우수 연구인력 충원 및 전문성 강화와 학제 간 공동연구 유도, 정책수요자와의 쌍방적 소통과 참여를 통해 연구성과의 실천성을 제고하는 등 연구역량을 강화할 것”이라고 강조했다.  박성수 원장은 35년간 전남대학교 경영학과 교수로 재직하였으며, (사)한국산학협동연구원장, 대한경영학회장, 중앙인사위원회 위원, 기아자동차 광주공장 발전자문위원 등을 역임했다.  imboss@cbs.co.kr  저작권자 © CBS 노컷뉴스(www.nocutnews.co.kr) 무단전재 및 재배포 금지",12.83,27.52,3.03,55.48,1.14,최저임금
"【무안=뉴시스】맹대환 기자 = 전남도는 설 명절을 맞아 농가 소득증대와 안정적 판로 확보를 위해 온-오프라인을 통한 농수특산물 판촉 활동을 추진한다고 19일 밝혔다.  오프라인으로 운영하는 직거래장터는 서울과 인천, 광주 등 대도시를 중심으로 관공서 광장, 백화점, 대형마트 등에서 82회에 걸쳐 진행한다.  온라인 판촉은 도와 시·군 쇼핑몰 집중 마케팅 24회, TV홈쇼핑 5회 등 다양한 판촉활동을 추진한다. 판촉활동에는 790여 업체가 참여하며 매출 목표는 100억원이다.  전남도 온라인 쇼핑몰인 남도장터에서는 전남우정청, G마켓 등과 연계한 오픈마켓 판매를 통해 제수용품, 과일, 한우세트 등 300여 품목을 7~40% 할인한다.  또 시·군, 농협과 합동으로 2월5일부터 10일까지 서해안고속도로 요금소, 시·군 버스터미널, 기차역 등에서 귀성객을 대상으로 전남산 고품질 브랜드쌀을 홍보한다.  전남도는 우수 농수특산물 브랜드 책자를 지난해 12월 말 제작해 전국 정부기관과 재외공관, 기업체, 재경향우회, 유통업체 등 3200곳에 배부했다.  이낙연 전남지사도 서한문 2000부를 발송해 전남산 우수 농수특산물로 설 선물과 제수용품을 구매하도록 요청했다.  mdhnews@newsis.com",4.64,3.25,1.03,90.52,0.56,최저임금
"22일 이용호 전남지적발달장애인복지협회 대표 전달  [아시아경제 노해섭 기자]이낙연 전라남도지사가 22일  (사)한국지적발달장애인복지협회 전남협회(대표 이용호)로부터 장애인 복지 증진 공로로 감사패를 받았다.  감사패는 도자기 형태로 ‘포덕행혜, 복지흥국‘(평소 덕과 은혜를 널리 베푸는 복지행정을 펴 나라를 부흥시킨다는 뜻)’이라는 글귀가 새겨졌다.  이용호 대표는 “발달장애인의 복지 증진을 위해 노력해온 것에 대해 회원들의 고마운 마음을 담았다”고 밝혔다.  전라남도는 이낙연 지사 취임 이후 장애인복지 예산을 확대하고, 발달장애인 가족을 위한 힐링 프로그램을 운영하는 등 발달장애인 복지에 관심을 쏟고 있다. 특히 지난해에는 30년 만에 처음으로 발달장애인을 위한 전국대회가 전남에서 개최되도록 지원했다.  올해는 발달장애인 권익 보호를 위해 5억 원의 예산을 확보, 발달장애인지원센터 설치를 준비하고 있다. 센터가 설치되면 각 발달장애인의 복지 욕구에 적합한 복지자원을 연계하고, 생애주기별 맞춤형 서비스를 지원해 사회적으로 취약한 발달장애인의 인권이 한층 강화될 전망이다.  노해섭  기자 nogary@",3.59,1.35,0.42,94.3,0.34,최저임금
"전남사회복지협의회, 22일 목포서 신년인사회  [아시아경제 노해섭 기자]전남사회복지협의회(회장 노진영)는 22일 목포 신안비치호텔에서 사회복지관계자들이 한자리에 모인 가운데 화합과 온정 있는 도민복지 구현의 새로운 도약을 다짐하는 ‘신년인사회’를 가졌다.  이날 신년인사회에는 이낙연 전라남도지사와 노진영 회장, 정시채 전남사회복지협의회 고문, 사회복지 직능단체 대표 등이 참석했다.  행사는 전남사회복지협의회장의 신년인사와 도지사 축사, 축하떡 절단, 축하공연 순으로 진행됐다.  노진영 회장은 이날 신년사에서 “올 한 해 사회복지 각계 직능단체와 유기적 네트워크를 강화하고, 사회복지 인식 저변 확대 및 푸드뱅크 활성화 등의 활동을 펼쳐나갈 것”이라고 말했다.  이낙연 도지사는 축사를 통해 “도 재정여건 등이 어려움에도 불구하고 나름대로 촘촘하게 복지 사각지대와 그늘진 데가 없도록 노력하고 있지만 충분치 않다”며 “그럼에도 불구하고 사회복지 관계자들의 도움으로 비교적 좋은 평가를 받아 지난해 보건복지부 등 중앙부처에서 크고 작은 11개 상을 거의 싹쓸이 하다시피 했다”고 말했다.  이어 “올해도 버스가 안 들어가는 동네에 100원 택시를 운영하고, 소상공인들의 신협 일수대출 연리를 14.8%에서 5.9% 이하로 인하하는 생활 속 복지업무를 착실히 추진하겠다”며  “행정이 미처 못보고 있는 그늘진 곳에 따뜻한 온정을 베풀어주길 바란다”고 당부했다.  노해섭  기자 nogary@",7.23,4.12,1.04,86.74,0.88,최저임금
"(무안=뉴스1) 김한식 기자 = 전남도는 도정 목표인 '청년이 돌아오는 전남' 실현을 위해 청년 일자리 창출 등 4개 분야 70개 세부사업을 추진하는 제1차 전남도 청년발전 기본계획(2016∼2020)을 14일 확정했다.  도는 이날 전남도청년발전위원회(위원장 이낙연 도지사)를 열고  이같은 내용의 제1차 전남도 청년발전 기본계획을 심의, 의결했다.  이날 의결된 전남도 청년발전 기본계획은 전남지역 청년과 각계 전문가 등 520명을 대상으로 실시한 설문조사 결과를 토대로 수립됐다.  5년간 국비와 지방비 등을 포함해 7412억 원을 들여 청년 일자리 1만 3000 개 창출, 선도인력 2만 7000 명 양성, 복지 지원 11만 8000 명을 목표로 추진한다.  분야별로 청년일자리 창출의 경우 ▲정규직을 채용하는 중소기업에 1인당 3년간 최대 1200만 원의 근속장려금 지원 ▲도내 6개 대학에서 산학 연계 통합 취업 교육과정 운영 등 일자리 미스매치 해소를 위한 행·재정적 지원 ▲신규 창업기업에 필요한 자금을 투자 형태로 지원하는 엔젤투자 매칭펀드 투자사업 추진 ▲농업계열 학교 학생들이 선도농가에서 영농 기술을 습득할 수 있도록 실습 지원 ▲매년 5개 청년 사회적경제 기업 육성에 나선다.  인력 양성은 ▲사회 진출을 앞둔 지역 대학생들에게 인문학, 경영학 등을 강연하는 청년 리더 육성 아카데미 운영 ▲취업 역량 강화를 위한 대학창조일자리센터 3개소 운영 ▲결혼 이민 여성의 안정적 조기 정착을 지원하기 위해 결혼이민자 여성 110명을 모국어 상담원으로 양성 등을 추진한다.  청년문화는 ▲여수, 나주, 담양 등 3개소에 청년 핫 플레이스 조성 ▲매년 10월 마지막 주를 전남도 청년주간으로 설정해 다양한 이벤트를 개최 등에 나선다.  청년 복지는 ▲공공산후조리원 3개소 추가 설립 ▲자녀 양육에 따른 경제적 부담 해소 및 나눔문화 확산을 위해 육아용품 나누미센터 운영 ▲양질의 보육서비스 제공을 위해 110명의 어린이집 대체교사 확충 등의 사업을 펼친다.  이낙연 도지사는 이날 회의에서 ""지난해는 17년 만에 전남의 인구, 특히 경제활동인구가 증가했다""며 ""오늘 발족한 청년발전위원회를 통해 청년이 돌아오게 할 '활기'와 '매력'을 어떻게 만들 것인가 고민하고 그 가능성을 높여나가자""고 말했다.  청년발전 기본계획이 성공적으로 추진되면 2020년 전남 청년인구 감소율이 현재 1.8%에서 1.1%로 둔화되고 청년 고용률은 51%에서 55%로 높아지며 합계 출산율은 전국 1위를 지속 유지할 전망이다.  도는 계획의 실행력을 높이기 위해 매년 시행계획을 수립해 사업계획을 보완 발전시켜나갈 계획이다.  hskim@  ), 무단 전재 및 재배포 금지]",4.96,2.17,0.72,91.73,0.42,최저임금
"이 의원은 “총 피해액이 3억원을 넘지 않아 국고 지원은 어려운 상황”이라면서 “다행히 큰 피해는 없지만 일부 노후 하우스가 붕괴돼 피해 농민들의 상심이 큰 실정이다”고 말했다.  그러면서 “지자체와 경찰, 군장병 협조를 통해 신속히 피해복구가 이뤄질 수 있도록 하겠다”고 말했다.  노해섭  기자 nogary@",20.21,15.87,5.25,51.77,6.89,최저임금
"박용하 전남 여수상공회의소 회장은 2016년도에도 여수권역의 발전과 상공인들의 권익신장을 위해 최선의 노력을 다하겠다고 밝혔다.  박 회장은 5일 여수 엠블호텔에서 열린 신년인사회에서 신년사를 통해 “먼저 지역발전과 경제활력 제고를 위해 지속가능한 여수관광 발전 대책을 강구하고, 여수시 마이스산업의 활성화 전략을 수립하겠다”고 밝혔다. 박 회장은 이어 기업환경의 혁신과 경제계의 교류·협력을 강화해 나가겠다고 다짐했다.  박 회장은 경제활성화와 기업의 경영환경 개선을 위한 정책 대안을 발굴하고, 기업활동에 애로요인으로 작용하고 있는 규제개혁을 위해 정부와 관련 기관에 건의를 하는 등 이의 실현을 위해 부단히 노력하겠다고 했다.  박 회장은 또 기업사랑운동의 활성화와 협의회 운영의 내실을 강조했다. 이를 위해 ‘기업사랑 근로자 콘서트’를 열고, 직장인 체육대회와 아이디어 공모전을 비롯한 시민과 함께하는 경제교실과 여수산단 투어를 실시키로 했다.  마지막으로 청년실업 해소와 여수지역의 인구 증가를 위한 일자리 창출을 위해 기업인이 존중받고 기업하기 좋은 사회분위기 조성에 앞장서겠다고도 밝혔다.  박 회장은 “이같은 모든 일들이 저희 상공회의소 힘만으로는 여러가지로 부족함이 많다”며 “이 자리에 참석한 지역의 지도자 여러분께서 저희 여수상공회의소가 그 역할을 다 할 수 있도록 많은 가르침을 달라”고 당부했다.  그러면서 2016년에는 이와 같은 사업을 차질없이 추진함은 물론, 회원사의 조그마한 일이라도 보다 적극적으로 지역민들에게 알리는 등 홍보활동을 강화해 나가겠다고 약속했다.  이날 여수상의 주최 신년 인사회에는 이낙연 전남지사, 김성곤·주승용 국회의원, 주철현 여수시장, 지방의원, 기업체 대표 등 350여명이 함께했다.  박 회장은 ‘2016년 여수상공대상’ 시상식에서 경영부문에 롯데케미칼(주) 이자형 부사장, 근로복지부문에 대림산업(주) 김태현 부장, 산업평화부문에 (사)여수산단건설업협의회 황인팔 사무국장에 상을 수여하고, 격려했다.  이낙연 전남지사는 축사를 통해 “경기 용인과 여수시가 관광객 1위를 다투고 있어 매우 기쁘다”며 “이는 시민의 열정과 지도자의 혜안이라고 생각하고 전남도에서도 2018년까지 관광객 오천만명 달성을 반드시 이뤄 내겠다”고 다짐했다.  주철현 여수시장도 축사에서 “최근 여수시사회조사에서 81% 시민이 여수를 살기좋은 도시로 응답한 바 있다”며 “실질적인 시민들의 소득과 질적인 생활 수준 향상을 위해 노력하겠다”고 말했다.  모바일 경향 [  - ⓒ 경향신문(www.khan.co.kr), 무단전재 및 재배포 금지  〈경향신문은 한국온라인신문협회(www.kona.or.kr)의 디지털뉴스이용규칙에 따른 저작권을 행사합니다.〉",7.34,2.73,1.26,87.87,0.8,최저임금
"【광양=뉴시스】김석훈 기자 = 5일 전남 광양시 월드마린센터 2층 국제회의장에서 광양상공회의소(회장 김효수) 2016년 신년인사회가 열리고 있다. 이낙연 전라남도지사, 장만채 전라남도 교육감, 박진성 순천대학교 총장, 우윤근 국회의원, 정현복 광양시장, 서경식 광양시의회의장, 포스코 광양제철소 안동일 소장 등 초청인사와 회원사 대표 등 300여명이 참석했다. 2016.01.05. (사진=광양상의 제공)  kim@newsis.com  [사진 영상 제보받습니다] 공감언론 뉴시스가 독자 여러분의 소중한 제보를 기다립니다. 뉴스 가치나 화제성이 있다고 판단되는 사진 또는 영상을 뉴시스 사진영상부(n-photo@newsis.com, 02-721-7470)로 보내주시면 적극 반영하겠습니다.",6.29,3.55,1.24,87.94,0.97,최저임금
"일자리정책실,취업자 1만명·청년 취업자 3천명 증갇고용률 68% 달성  ""경제과학국,석유화학·철강·조선 경쟁력강화 …에너지·드론산업 중점추진""  [아시아경제 노해섭 기자]전라남도는 5일 일자리정책실과 경제과학국을 시작으로 새해 업무보고에 들어갔다. 업무보고는 22일까지 9일간 이낙연 도지사 주재로 소관 실·국장의 보고에 이어 외부 전문가의 정책 제안 및 토론 방식으로 진행된다.  이날 보고회에서 일자리정책실은 올해 취업자 수 1만 명 증가, 청년 취업자 3천 명 증가, 고용률 68% 달성을 목표로 기업 유치 및 각종 일자리사업을 추진한다는 계획을 보고했다. 기업 유치 275개사, 투자 실현 150개사 목표 실현을 위해 투자유치담당관실을 중심으로 국내외 잠재 투자기업 2천 500여곳과 투자교섭, 국내 기업설명활동(IR) 100회, 해외 IR 8회 등을 실시한다.  특히 에너지밸리에 60개 기업을 유치하기 위해 대기업과 중견기업을 대상으로 자본집약적인 전기차(EV), 고압직류(HVDC), 에너지저장장치(ESS) 등 에너지신산업 업종 투자유치 활동을 전개한다.  또한 목포 대양, 나주 혁신, 강진 환경, 장흥 바이오식품, 영광 대마 등 분양률이 저조한 5개 산단을 대상으로 입주 업종 확대, 필요 시 일반산단 전환, 입지 보조금 4억 원 한도 지원 등 기업 유치 특별대책을 추진해 투자협약기업 80개사를 우선 입주시킬 계획이다.  일자리사업의 전문성을 높이기 위해 고용전문관을 채용, ‘지역고용혁신추진단’을 올 상반기에 신설할 예정이다. 졸업 후 취업준비생을 대상으로 한 청년 취업 지원 시책을 재학생 단계에서부터 서비스할 방침이다. 이를 위해 도내 6개 대학에 ‘산학협력 취업패키지 과정’을 도입해 패밀리기업이 요구하는 직무 중심 취업교육을 시키고 해당 기업이 우선 채용토록 권장할 계획이다.  지난해 목포대에 설치했던 ‘대학창조일자리센터’도 1개소를 추가 설립하고, 특성화고 졸업생의 ‘선취업 후진학’과정도 확대한다.  청년인턴사업은 정규직 채용 촉진 목표에서 한걸음 더 나아가 정규직 전환 이후 고용의 지속성을 유도하기 위해 매년 청년 취업자 600명에게 취업 장려금, 고용유지 및 장기근속 장려금을 지급키로 했다.  창업분야는 청년층의 아이디어와 연구기관 등이 보유한 지식재산을 활용해 창업을 유도하고 일정 기간 자회사로 사후 관리함으로서 체계적 창업과 보육이 이뤄지도록 ‘청년창업지주회사’ 설립을 추진한다.  경제과학국은 활기 있는 지역경제 실현을 목표로 석유화학, 철강, 조선 등 지역 주력산업의 경쟁력을 강화하기 위해 기능성 화학소재, 고기능성 금속소재 등으로 고도화, 고부가가치화, 다각화를 추진한다.  전남을 생물의약산업 중심지로 만들기 위해 화순 백신산업 특구를 ‘국가 백신산업 집적지’로 조성하고, 국가 종합비행성능시험장 구축, 규제 프리존과 연계한 무인기(드론)산업 등을 통해 우주·항공산업을 본격 육성할 방침이다.  2025년까지 ‘탄소 제로 에너지 자립섬’50개 조성과 에너지 관련기업 700개 유치, 일자리 3만 개 창출을 목표로 혁신도시를  중심으로 에너지 신산업 특화단지를 조성하고, 신재생에너지 자립률을 30%까지 확대하는 태양광, 풍력 등 신재생에너지 산업기반도 구축할 예정이다.  이밖에도 전기자동차 산업을 육성하고 관련 부품기업을 유치하는 한편 산업단지 에너지 절감 및 스마트 에너지 캠퍼스 조성 등을 통해 에너지 신산업기반 구축에 본격 나설 방침이다. 기술력과 성장성을 갖춘 유망 중소기업 400개와 문화가 있는 전통시장 육성에 앞장서고, 9년 연속 우수평가를 받은 노사 간 상생과 화합 문화 조성에도 힘써 기업하기 좋은 지역 이미지를 정착할 계획이다.  3대 창조경제센터가 중소기업 창업과 판로를 실질적으로 지원하는 지역경제 허브 역할을 할 수 있도록 적극 육성하고, 체계적인 R&amp;D 관리 및 지원을 통해 과학기술 진흥기반을 확대해 산·학·연 협력을 통한 지역산업 육성에도 앞장설 계획이다. FTA 대응 전략 차원에서 농수산 식품의 중국시장 진출을 적극 지원하면서 차이나 리스크 및 일본 엔저에 대비한 수출시장 다변화와 중소기업 수출 경쟁력 강화에도 나선다.  노해섭  기자 nogary@",1.91,2.12,0.8,94.55,0.62,최저임금
"이낙연 전남도지사와 이정현 국회의원, 김광진 국회의원, 조충훈 순천시장, 김병권 순천시의회의장, 기업체 대표, 경제계 등 250여명이 참석했다.  김종욱 회장은 ""새해는 미국의 금리인상과 중국경제의 성장둔화, 그리고 엔화약세와 유가폭락등의 여파로 지역의 주력산업인 철강과 석유화학산업에 어려운 한해가 예상된다""며 ""지역기업이 경쟁력을 키워 어려움을 극복할 수 있도록 상의가 앞장서겠다""고 말했다.  조충훈 순천시장은 ""지난해 순천만국가정원1호 지정과 더불어 정원을 품은 행복도시 순천 브랜드를 창출해 500만명의 대내외 관광객을 유치하는 성과를 거뒀다""면서 ""천학의 도시이자 기업하기 좋은 순천 이미지를  적극 활용해 신규투자를 유치하고 경제 활력을 되찾는데 최선을 다하겠다""고 말했다.  kim@newsis.com",19.66,5.38,3.23,68.52,3.21,최저임금
"【여수=뉴시스】김석훈 기자 = 5일 오전 전남 여수시 엠블호텔 그랜드볼룸에서 여수상공회의소(회장 박용하) 2016년 신년인사회가 열리고 있다. 이낙연 전라남도지사, 김성곤·주승용 국회의원, 주철현 여수시장을 비롯한 도·시 의회 의원과 각급 기관·단체장, 기업체 대표 등 350여명이 참석했다. 2016.01.05. (사진=여수상의 제공)  kim@newsis.com  [사진 영상 제보받습니다] 공감언론 뉴시스가 독자 여러분의 소중한 제보를 기다립니다. 뉴스 가치나 화제성이 있다고 판단되는 사진 또는 영상을 뉴시스 사진영상부(n-photo@newsis.com, 02-721-7470)로 보내주시면 적극 반영하겠습니다.",5.45,2.73,1.19,90.12,0.51,최저임금
"“고령화 농촌사회 활력·공세적 자세로 농촌 성공신화”당부  [아시아경제 노해섭 기자]이낙연 전라남도지사는 13일 전남출신 한국농수산대학 졸업생 100여 명과 농정 소통의 시간을 갖고 공세적 자세로 농촌에서 성공신화를 일궈줄 것을 당부했다.  한국농수산대학 졸업생 연시총회는 졸업생 상호 교류를 통해 다양한 농업 정보를 공유하고, 인적 네트워크 확대와 단결을 통해 미래 전남 농업·농촌 발전을 도모하기 위한 행사로 매년 개최되고 있다.  이날 행사에는 전남 22개 시군 졸업생 100여 명과 이낙연 도지사, 김남수 한국농수산대학 총장 등이 참석했다.  졸업생들은 전남지역에서 농어업에 종사하고 있으며 이들의 연령대는 25세에서 45세까지 다양하게 분포해 있다.  이들은 식량작물, 특용작물, 과수, 축산, 수산양식, 산림조경 등 분야의 미래 농어업 전문경영인으로서 4H연구회, 한국농업경영인연합회, 지역 농민회 등에서 왕성한 활동을 하는 등 고령화시대 전남 농업·농촌지역 주역으로 자리잡고 있다.  이낙연 도지사는 축사에서 “한국농수산대학에서 연마한 농어업 전문지식과 기술을 활용해 고령화 농촌사회에 활력을 불어넣고, 전남의 생명산업을 이끌어달라”며 “특히 농촌 지역사회 발전을 이끄는 선구자로서 공세적 자세로 성공신화를 만들어가길 바란다”고 당부했다.  이 자리에서 이영석 한국농수산대학 명예교수는 ‘FTA 확대에 따른 농업 경영전략’이란 주제로 특강을 했다. 행사 후 참석자들은 해남 절임배추 가공공장과 영암 한우 사육농장을 견학했다.  한국농수산대학은 이론과 실무능력을 갖춘 농어업경영인을 양성하는 3년제 대학으로, 1997년 농림축산식품부 소속으로 개교해 전액 국비로 운영되고 있다. 2015년까지 3천 702명의 졸업생을 배출했으며, 전남에서 농어업에 종사하고 있는 졸업생은 550명으로 전체 졸업생 대비 14.9%를 차지하고 있다.  노해섭  기자 nogary@",8.49,23.97,1.45,57.5,8.58,최저임금
"협력회의서 7개 과제 의결·공동성명서 채택…""정부지원 기대""  (대구=연합뉴스) 최수호 기자 = 영호남 8개 광역단체가 국가균형발전을 위해 '남부권 초광역경제권 구축' 등 7개 과제 추진에 힘을 합친다.  29일 호텔 인터불고대구에서 열린 '제12회 영호남 시·도지사 협력회의'에는 대구와 부산, 광주, 울산, 전남, 경북, 경남 광역단체장들이 참석했다. 전북은 도지사 일정상 행정부지사가 대신했다.  시·도지사들은 지방재정 건전화·재정 자율성 확보 등 공동정책과제 5건과 영호남 광역철도망·광역도로망 건설 등 지역균형발전 건의과제 2건을 의결했다.  특히 영호남 지역별 주력 산업을 발굴해 시너지를 극대화하는 남부권 초광역경제권 구축 방안을 집중적으로 논의했다.  이어 회의에서 의결한 공동정책·지역균형발전 7개 과제 내용을 담은 공동성명서를 채택했다.  남부권 초광역경제권 추진, 사용 후 핵연료 관리부담금 지자체 지원, 지방재정 건전화와 재정자율성 확보, 지방공무원 일부 직급 상향 조정 및 정원 확대, 산악관광진흥구역 특별법 제정, 영호남 광역철도망 및 광역도로망 건설 등이다.  참석자들은 회의를 마치고 지상 모노레일인 대구도시철도 3호선 하늘열차를 타고 도심을 둘러봤다.  권영진 대구시장은 ""오늘 채택한 공동성명서를 중앙부처에 전달한다""며 ""정부의 적극적인 지원을 기대한다""고 밝혔다.  suho@yna.co.kr",14.25,9.74,1.86,68.48,5.67,최저임금
"국가기관 90% 가까이 이전…기틀 잡아, 수도권 규제도 정비돼야  (세종=연합뉴스) 이은중 기자 = 노무현재단과 한국미래발전연구원이 주최하는 '국가균형발전선언 12주년 기념행사'가 '골고루 잘사는 대한민국'을 주제로 29일 세종시 정부세종컨벤션센터 국제회의장에서 열렸다.  이 행사는 노무현 전 대통령이 2004년 1월 대전에서 국가균형발전특별법, 지방분권특별법, 신행정수도특별법 등 균형발전 3대 특별법을 공포하고, 국가균형발전 5개년 계획 등 신국토구상을 발표한 것을 기념하기 위해 노무현재단이 해마다 개최한다.  기념행사는 참여정부 균형발전정책의 핵심인 혁신도시의 의미와 성과를 집중하여 재조명하고, 수도권과 지방의 상생발전을 위한 과제를 모색하고자 마련했다고 주최 측은 밝혔다.  이날 기념식에서 이해찬 노무현재단 이사장은 ""국가균형발전을 선언한 지 12년이 돼 감회가 새롭다""며 ""이명박 정부 때는 정부기관 세종시 이전에 대해 반대도 있었지만, 이제는 90% 가까이 국가기관들이 이전해 기틀을 잡았다""고 소회를 밝혔다.  이어 ""앞으로 수도권 규제도 다시 정비해서 노무현 전 대통령이 구상한 국가균형발전이 되도록 노력하자""고 다짐했다.  기념식에서 권선택 대전시장과 이춘희 세종시장, 안희정 충남지사는 각각 인사말을 했고, 송하진 전북지사와 이낙연 전남지사는 영상 메시지를 전달했다.  이민원 전 국가균형발전위원장(광주대 교수)을 대표로 하는 전국혁신도시포럼 창립선언 및 출범식도 열렸다.  심포지엄 1세션에서는 박원순 서울시장, 이춘희 세종시장, 최문순 강원지사, 안희정 충남지사가 '균형발전의 성과와 과제'라는 주제로 의견을 나눴다.  '혁신과 분산의 균형발전'을 주제로 한 2세션에서는 유재일 대전발전연구원장의 사회로 홍성호 충북발전연구원 연구위원, 황혜란 대전발전연구원 책임연구위원의 발표가, 3세션에서는 '상생과 분권의 균형발전'을 주제로 정희윤 서울연구원 선임연구위원, 이상진 충남연구원 선임연구위원, 류종현 강원발전연구원 선임연구위원 등이 발표에 나선다.  jung@yna.co.kr",18.69,19.07,6.36,47.35,8.54,최저임금
"남부권 광역경제권 구축 등  7개 상생협력 공동과제 채택  영호남 광역단체장들이 남부권 초광역경제권 구축을 기치로 상생협력의 손을 맞잡았다.  서병수 부산시장, 권영진 대구시장, 윤장현 광주시장, 김기현 울산시장, 송하진 전북지사, 이낙연 전남지사, 김관용 경북지사, 홍준표 경남지사 등 영호남 8개 시·도지사는 29일 오후 대구 수성구 인터불고호텔에서 ‘제12회 영호남 시·도지사 협력회의’를 개최하고 지방 경쟁력 강화로 균형발전을 이루기 위해 공동과제를 채택했다.  공동과제는 △기존 행정구역을 초월한 남부권 초광역경제권 구축을 통한 경제적 공동사업 발굴·추진 △지방 재정 건전화와 자율성 확보 △사용후 핵연료 관리부담금의 일부 지방자치단체 지원 △지방공무원 일부 직급의 상향 조정 및 정원 확대 △산악관광진흥구역 특별법 제정 △영호남 광역철도망 구축 △영호남 광역도로망 건설 등 7가지다.  이들 시·도지사는 과제 추진을 위해 공동 노력하는 한편, 중앙부처에 함께 건의도 하기로 했다.  대구 = 박천학 기자 kobbla@munhwa.com  [Copyrightⓒmunhwa.com '대한민국 오후를 여는 유일석간 문화일보' 무단 전재 및 재배포 금지()]",32.61,11.59,2.11,47.02,6.66,최저임금
"[헤럴드경제=오연주 기자] 지속가능발전기업협의회(KBCSDㆍ회장 허동수 GS칼텍스 회장&lt;사진&gt;)는 28일 전라남도와 공동으로 서울 그랜드 인터컨티넨탈 호텔에서 ‘전남 에너지산업 육성 10개년 계획과 산업계 참여방안’을 주제로 정책토론회를 개최했다.  이날 토론회에는 이낙연 전남도지사, 허동수 KBCSD 회장, 허명수 GS건설 부회장, 허수영 롯데케미칼 사장, 우상선 효성 사장, 고경모 미래창조과학부 차관보 등 산업계와 정부 관계자 40여명이 참석했다.  전남도는 이날 에너지 프로슈머 등 새로운 산업생태계 변화를 반영하고 경기불황에 따른 주력산업의 수출 감소와 생산성 저하에 대비하기 위해 ‘에너지산업 육성 10개년 계획’을 수립한다고 밝혔다. 올해부터 에너지 관련 기업 700개를 유치하고 일자리 3만개를 창출하는 것이 목표다.  허동수 회장은 “전남도의 계획은 산업계가 당면한 기후 위기를 새로운 기회로 활용하고 녹색시장이라는 성장모멘텀을 창출할 수 있도록 할 것”이라며 “신기후체제에 보다 효과적으로 대비하고 새로운 시장을 주도하기 위해 정부와 지자체, 산업계가 협력해 새로운 파트너십을 구축해야 한다”고 강조했다.  - Copyrights ⓒ 헤럴드경제 &amp; heraldbiz.com, 무단 전재 및 재배포 금지 -",5.75,1.44,0.73,91.7,0.38,최저임금
"[아시아경제 고형광 기자] 허동수 지속가능발전기업협의회(KBCSD) 회장(GS칼텍스 회장)은 ""기업들이 온실가스 감축을 단순히 부담으로 보기보다는 적극적인 혁신을 통해 경쟁력을 높여나가야 할 것""이라고 말했다.  허 회장은 28일 서울 삼성동 그랜드 인터컨티넨탈 호텔에서 열린 '전라남도 에너지산업 육성 10개년 계획과 산업계 참여방안' 정책토론회에서 개회사를 통해 ""정부의 정책적 뒷받침과 기업들의 노력이 합쳐진다면 신(新)기후체제 하의 산업생태계를 새로운 시장으로 활용할 수 있는 기회를 가지게 될 것""이라며 이 같이 밝혔다.  서울 그랜드 인터컨티넨탈 호텔에서 열린 이번 정책토론회는 KBCSD와 전라남도가 공동으로 주최했다.  이번 토론회에는 이낙연 전남도지사, 허동수 KBCSD 회장, 허명수 GS건설 부회장, 허수영 롯데케미칼 사장, 우상선 효성 사장, 고경모 미래창조과학부 차관보 등 산업계 최고경영자(CEO)와 정부 관계자 등 50여명이 참석해 전남도의 에너지 신산업 육성 계획에 대해 많은 관심을 보였다.  허 회장은 ""최근 세계경제의 불확실성이 한층 높아진 가운데, 작년 12월 파리협정이 타결되면서 우리 기업들은 새로운 패러다임에 직면하게 됏다""며 ""이번 전남도의 계획은 산업계가 당면한 기후위기를 새로운 기회로 활용하고 '녹색시장'이라는 성장모멘텀 창출의 기반을 마련해줄 것""이라고 강조했다.  또한 그는 ""앞으로 다가올 신기후체제에 보다 효과적으로 대비하고 새로운 시장을 주도하기 위해서는 정부와 지자체, 그리고 산업계가 협력하여 새로운 파트너십을 구축해야 한다""고 덧붙였다.  이날 전남도는 에너지 프로슈머 등 새로운 산업생태계 변화를 반영하고 경기불황에 따른 주력산업의 수출 감소와 생산성 저하에 대비하기 위해, 에너지 신산업 중심의 '에너지산업 육성 10개년 계획'을 수립하고 올해부터 에너지 관련기업 700개 유치와 일자리 3만개 창출 등의 목표를 발표했다.  전남도는 이를 위해 앞으로  탄소제로 에너지 자립섬 50개 조성과 에너지전기자동차 중심의 에너지 신산업 육성, 빛가람 에너지밸리의 성공적인 조성, 신재생에너지사업 본격 추진 등 3개 분야로 추진할 계획이다.  이낙연 전남도지사는 인사말을 통해 ""향후 에너지자립섬 50개를 제주도보다 5년 먼저 추진할 예정""이라며 ""한전 KDN과 업무협약을 통해 흑산도를 에너지자립섬 성공모델을 만들어 나가는 등 전라남도가 기업하기 좋은 곳, 살기 좋은 곳으로 바뀌고 있다""고 말했다.  고형광 기자 kohk0101@asiae.co.kr",3.33,1.35,0.65,94.2,0.47,최저임금
"28일 허동수 회장 등 지속가능발전기업협의회 CEO와 정책토론회  [아시아경제 노해섭 기자]전라남도는 28일 서울 그랜드 인터컨티넨탈호텔에서 지속가능발전기업협의회(KBCSD) 회원사 CEO와, 한전·전라남도와 투자협약한 기업 대표 등을 초청, ‘전남 에너지산업 육성 10개년 계획’정책토론회를 개최했다.  KBCSD는 GS칼텍스, LG화학, 포스코 등 국내 49개 회원사가 가입한 경제인 단체로 허동수 GS칼텍스 회장이 회장을 맡고 있다.  이날 정책토론회에는 허동수 GS칼텍스 회장, 김명자 그린코리아21 포럼 이사장, 유상희 한국전력거래소 이사장, 허명수 GS건설 부회장, 허수영 롯데케미칼 사장, 손영기 GS EPS 사장, 우상선 효성 사장, 고경모 미래창조과학부 창조경제조정관, 강희철 법무법인 율촌 대표변호사 등 CEO와 관계 전문가 등 40여 명이 참석했다. 이들은 전라남도의 에너지산업 발전을 위한 토론을 벌였다.  전라남도의 에너지산업 육성 10개년 계획은 ▲탄소제로 에너지 자립섬 50개 조성과 전기자동차 등 에너지 신산업 육성 ▲빛가람 에너지밸리의 성공적인 조성 ▲신재생에너지사업 본격 추진 등 3개 분야로 추진해 2025년까지 에너지기업 700개를 유치하고 일자리 3만 개를 창출한다는 내용을 담고 있다.  이 자리에서 허동수 회장을 비롯한 CEO들은 신기후체제 대응을 위한 민관의 적극적 참여, 사업의 지속성을 위한 경제성 확보, 신재생에너지 생산에 따른 계통망 확충, 정부의 지속적 정책 지원 등 다양한 의견을 제시했다.  이낙연 전라남도지사는 “한국전력공사, 전라남도, 광주시가 공동으로 조성하는 에너지밸리에 벌써 77개 기업이 투자협약을 실현하는 등 빠르게 자리를 잡아가고 있다”고 소개했다.  이어 “혁신도시 활성화, 귀농·귀촌 등으로 인한 인구 증가, 8년 연속 출산율 전국 1위, 여수 방문 관광객의 폭발적 증가, 8년 연속 노사평화상 수상, 2020년 흑산공항 개항 등 전남에 많은 변화가 나타나고 있다”며 “전남에 대한 편견을 버리고 많은 관심과 투자를 바란다”고 당부했다.  노해섭  기자 nogary@",4.16,2.04,0.75,92.51,0.54,최저임금
"[팟짱 인터뷰] ""손학규, 가까운 시일 내에 나오지 않을 것""  [오마이뉴스 글:박정호, 편집:장지혜]  ▲  이낙연 전남지사. ⓒ 오마이뉴스 이주빈  ""다시 안 볼 사람들처럼 독설하고 막말하는 것은 참으로 어리석다.""  27일 오마이뉴스 팟캐스트 &lt;장윤선·박정호의 팟짱&gt;에 출연한 더불어민주당 소속 이낙연 전남도지사는 총선에 임하는 야당의 마음가짐에 대해 ""두 분의 야심가 때문에 당이 분열된 걸로 보이는데 정말로 야심을 갖고 계신다면 상대 측에 있는, 떠난 그분들의 마음도 얻지 않으면 야심은 성공하지 못한다""며 이 같이 강조했다.  2002년 대선 당시 노무현 후보 대변인이었던 이 지사는 ""후보 단일화를 내걸고 정몽준 후보 쪽으로 간 사람들을 세게 공격하라는 선대위의 지시를 '어차피 저분들의 도움 없이는 노무현 후보가 대통령이 안 된다, 그러니까 비난하면 안 된다'고 거부했었다""며 ""분열 자체가 바람직한 일이 아니지만, 분열했다면 다시 만날 날을 생각해서 선의의 경쟁을 하되 악담하거나 상처주지 말기 바란다""고 말했다.  4선 국회의원(전남 담양·함평·영광·장성) 출신인 그는 4.13 총선 전망에 대해 ""야권의 분열상만 보면 새누리당이 유리해보이지만 국민들에게는 놀라운 견제심리가 있다""며 ""새누리당이 지금처럼 인재영입을 소홀히 하고 내부 싸움을 계속하면 과반수 얻을까 말까 정도가 될지 모른다""고 밝혔다.  그는 ""호남민심은 야당을 향해 정권교체가 가능한 면면 그리고 신뢰를 달라고 한다""며  ""그런데 예쁘지 않은 쪽은 면면을 보여주는 데에 성공하지 못했고 미덥지 않은 쪽은 신뢰를 보여주는 데에 성공하지 못한 것 같다, 고만고만한 상태로 선거까지 갔다가 당선자들끼리 재편을 모색하는 단계로 넘어가지 않겠나""라고 주장했다.  또한 이 지사는 안철수 의원의 탈당 이후 자신의 거취가 주목받고 있는 것과 관련, ""탈당 여부에 대해서 생각을 안 하고 있다""면서도 ""2002년 대선 당시 노무현 후보의 대변인이었고, 2003년 1월 25일 노무현 대통령 취임식 취임사를 최종적으로 정리한 사람이었는데도 열린우리당에 가지 않고 민주당에 남아 있었다, 당을 바꾼다는 것에 지독하게 게으른 사람""이라며 당에 남겠다는 뜻을 에둘러 표현했다.  그러면서 ""안철수 의원도 천정배 의원도 저한테 '러브콜'을 보낸 적은 없다""고 덧붙였다.  반면, 이 지사는 김종인 선대위원장의 전화는 받았다며 통화 내용을 처음으로 공개했다.  그는 ""김종인 위원장이 '야당이 건강해야 국가가 건강해지는 게 아닌가 그걸 위해서 마지막으로 봉사하고 떠나고 싶다, 그 일에 도와달라'고 하길래 '열심히 해달라'고 말씀 드렸다""고 밝힌 뒤, ""'김종인 체제'가 앞으로 넘어야 할 고비가 많운데 신기남, 노영민 의원의 중징계는 김 위원장의 매서움을 보여주는 것 같다""고 평가했다.  또한 이 지사는 지난 2014년 6·4지방선거에서 김한길·안철수 당시 공동대표가 윤장현 현 광주시장을 전략공천하자 반발해 탈당했던 강운태 전 광주광역시장의 복당 시사에 대해 ""당적의 선택까지 막을 수는 없지 않겠냐""며 ""'공천을 어떻게 하느냐'가 공천의 규칙과 기준, 방식과 절차에 따라서 정해지면 되는 것""이라고 주장했다.  지난 27일 당 뉴파티위원회는 강 전 시장의 복당 움직임에 대해 ""호남의 세력 교체를 추진해 온 당 입장과 부합하는지 의문""이라며 부정적 입장을 밝혔다.  당내 손학규계로 분류되는 그는 손학규 전 대표의 정계복귀 가능성과 관련, ""밖에서 볼 때보다는 훨씬 더 마음을 비웠다, 정말 정계은퇴했다는 느낌이 들 때가 많다""며 ""가까운 시일 내에 나오지 않을 것""이라고 내다봤다.  이어 이 지사는 누리과정을 둘러싼 보육대란에 대해 ""생애주기별 복지의 일부가 누리과정이었다, 박근혜 대통령의 약속위반""이라며 ""(박 대통령이) 교육청을 야단치던데 그건 대통령이 야단 칠 처지가 아닌 것 같다""고 꼬집했다.  아울러 박 대통령의 지자체 복지정책 비판에 대해서는 ""서울시와 성남시가 곤혹을 치르고 있는데 (복지정책에 대한) 지방의 자율성을 허락해줘야 한다""고 강조했다.  이밖에 이 지사는 '100원 택시' '농번기 마을공동급식' '공공산후조리원' '작은 영화관' 등 복지정책과 '에너지 신산업 육성' '남도 문예 르네상스' 등 중점 프로젝트에 대해 설명했다.  이 지사가 밝힌 2016년 전남도정과 정치현안 관련 자세한 인터뷰 내용은 &lt;장윤선·박정호의 팟짱&gt;에서 들을 수 있다.  ]",36.64,4.5,1.69,54.41,2.76,최저임금
"[광주CBS 김형로 기자]전라남도가 기간제 근로자의 정규직 전환을 확대하는 등 사회적 약자에 대한 지원에 전력을 기울이기로 했다.  전라남도는 12일 이낙연 도지사와 정책자문위원 등 외부 전문가가 참석한 가운데 자치행정국과 도립대학교, 공무원교육원 신년 업무보고를 시행했다.  이번 업무보고에서 도 자치행정국은 기간제 근로자의 정규직 전환 등 사회적 약자를 최우선으로 배려하는 정책을 펼치겠다고 밝혔다.  전남도는 지난 1일 도내 기간제 근로자 26명을 정규직으로 전환하는 등 재정 여건을 감안해 연차적으로 확대할 계획이다.  또, 무급으로 규정된 여직원의 보건휴가도 유급화하며 지역 업체 육성을 위한 가점 부여 등 계약제도를 개선하기로 했다.  특히, 전남도는 오는 3월부터 1억 원 이상 관급자재 구매 시 고용 우수기업의 계약 참여 기회를 확대해 청년 고용 증가를 유도할 계획이다.  이와 함께 전남도는 중· 고등학생 인성교육 지원과 다자녀 가정의 교육비 부담 해소를 위해 체험학습비와 교복 구입비를 새롭게 지원한다.  한편, 도립대학교는 미래 산업 특성에 맞는 수요자 중심의 맞춤형 교육체제 구축과 학령인구 급감에 따른 대학 구조개혁을 위해 ▲대학 조직 및 운영 전반 외부 진단 ▲지역 미래 산업구조 변화를 반영한 대학 구조개혁 및 특성화 ▲지역 산업체와 연계한 맞춤형 인력 양성 교육 프로그램 확대 ▲지역 특성을 반영한 평생교육 활성화를 추진하기로 했다.  khn5029@hanmail.net  저작권자 © CBS 노컷뉴스(www.nocutnews.co.kr) 무단전재 및 재배포 금지",4.86,1.83,0.68,92.43,0.19,최저임금
"[광주CBS 김형로 기자]이낙연 전남 도지사의 도정 수행 긍정 평가는 전 달을 유지했지만, 도민의 생활 만족도는 최하위권을 벗어나지 못해 대조를 이뤘다.  여론조사 전문기관인 리얼미터가 지난 2015년 12월 월간 정례 광역자치단체장 평가 조사에서 이 지사는 61.5%의 긍정 평가를 기록, 전국 17곳 시도지사 긍정평가 평균(54.7%)을 웃돌며 11월에 이어 4위를 계속 유지했다.  반면에 긍정평가가 가장 낮은 시· 도지사 최하위는 홍준표 경남지사(40.6%), 윤장현 광주광역시장(44.4%), 권선택 대전시장(46.1%)으로 나타났다.  이런 가운데 이 지사의 도정 수행 긍정 평가에도 전국 광역시도 주민생활만족도에서는 인천 58.4%에 이어 전남이 59.6%로 17개 광역 시· 도 가운데 밑에서 두 번째로 낮았다.  울산광역시가 70.8%를 기록해 전국에서 가장 높은 만족도를 나타냈다.  한편, 이번 조사에서 전국 시도 교육감 직무수행 지지도 부문에서는 장휘국 광주광역시 교육감이 2014년 9월 이후 15개월 만에 1위를 차지했다.  장휘국 광주광역시 교육감은 56.9%의 ‘잘한다’는 긍정평가로 11월 대비 2.7%포인트 올라 자신의 최고치를 경신했다.  장만채 전남도 교육감은 전 달보다 0.6%포인트 내린 53.8%로 9개월 만에 1위에서 물러나 3위를 기록했다.  이번 조사는 리얼미터가 지난 5일부터 8일까지 4일간 전국 19세 이상 시· 도 주민 8,500명(시· 도별 500명)을 대상으로 자동응답 전화 방식으로 유선전화 임의 걸기 방법으로 조사했고, 시· 도별 표본오차는 95% 신뢰 수준에서 ±3.1%포인트, 응답률은 6.2%다.  khn5029@hanmail.net  저작권자 © CBS 노컷뉴스(www.nocutnews.co.kr) 무단전재 및 재배포 금지",10.58,2.6,1.08,85.46,0.28,최저임금
"리얼미터 2015년 12월 월간 조사 결과 긍정평가 61.5%  [아시아경제 노해섭 기자]이낙연 전라남도지사가 리얼미터 2015년 12월 월간 정례 광역자치단체장 평가 조사에서 61.5%의 긍정평가(‘잘한다’)를 기록, 전국 시도지사 긍정평가 평균(54.7%)을 크게 웃돌며 11월에 이어 4위를 계속 유지했다.  이번 조사 결과 ‘톱5’시도지사는 김관용 경북지사(긍정평가 69.0%), 안희정 충남지사(67.4%), 김기현 울산시장(66.7%), 이낙연 전남지사, 남경필 경기지사(60.3%) 순이다.  전국 시도 교육감 직무수행 지지도 부문에서는 장휘국 광주시교육감이 56.9%의 긍정평가로 1위에 올랐고, 그 다음으로 김승환 전북도교육감(56.4%), 장만채 전남도교육감(53.8%) 순이었다.  이번 조사는 지난 8일까지 4일간 전국 19세 이상 시도 주민 8천 500명(시도별 500명)을 대상으로 진행됐다. 시도별 표본오차는 95% 신뢰수준에서 ±3.1%p, 응답률은 6.2%다.  노해섭  기자 nogary@",3.61,0.59,0.32,95.3,0.18,최저임금
"【목포=뉴시스】박상수 기자 = 4일 오후 2시 전남 영암군 삼호읍 호텔현대 컨벤션홀에서 김호남 목포상의회장과 이낙연 전남도지사, 박지원·이윤석·주영순 국회의원, 박홍률 목포시장 등이 참석한 가운데 목포상공회의소 신년인사회가 열리고 있다. 2016.01.04 (사진=목포상의 제공)  photo@newsis.com  [사진 영상 제보받습니다] 공감언론 뉴시스가 독자 여러분의 소중한 제보를 기다립니다. 뉴스 가치나 화제성이 있다고 판단되는 사진 또는 영상을 뉴시스 사진영상부(n-photo@newsis.com, 02-721-7470)로 보내주시면 적극 반영하겠습니다.",6.44,3.3,1.33,88.45,0.48,최저임금
"(무안=뉴스1) 김한식 기자 = 이낙연 전남도지사는 4일 '크게 보고 작게 살핀다'는 '대관소찰(大觀小察)'을 강조하며 ""도청의 모든 부서가 그늘진 곳을 살피고, 서민 등 사회적 약자를 배려하는 세밀한 정책을 찾아내고 시행해주길 바란다""고 당부했다.  이 지사는 이날 오전 도청 왕인실에서 열린 2016년 시무식에서 ""대관은 고위간부들과 제가 주력하고, 직원들은 작게 살피자는 소찰을 특별히 강조하고 싶다""며 이같이 밝혔다.  이어 ▲도청 내 비정규직 26명을 정규직으로 전환해 임용 ▲영세상인 등을 위해 전국에서 처음으로 신협 일수대출 이자율을 대폭 인하 ▲도청과 산하기관의 여직원 보건휴가를 급료 손해 없이 실시하도록 전국 최초로 '공무원 복무조례'에 명문화 예정 등 연말연시 도가 한 일을 소개하며 ""직원들이 각자 분야에서 이런 정책들을 찾아 주길 바란다""고 말했다.  또 ""모든 부서가 그늘진 곳에 햇빛을 비추는 행정을 펼쳐야 한다. 정책의 사각지대에 방치된 사람들, 주민들이 불편을 견디며 사시는 곳, 도청의 사업이 제대로 진행되지 않는 분야를 찾아 해결해주기 바란다""고 강조했다.  그러면서 ""이는 도정 목표 '활기', '매력', '온정'가운데 '온정'에 해당하는 '서민행보 도정'으로 부서마다 좋은 '온정의 정책'을 개발해주길 기대한다""고 덧붙였다.  이 지사는""“좋은 정책은 구체성과 실효성을 가져야 한다""며 “구체성과 실효성을 가진 약자보호 정책을 개발하고 시행해주기 바란다""고 덧붙였다.  hskim@  ), 무단 전재 및 재배포 금지]",5.97,1.68,0.97,90.95,0.43,최저임금
"4일 시무식 …구체성·실효성 있는 약자보호정책 개발·시행 강조  또한 “모든 부서가 그늘진 곳에 햇빛을 비추는 행정을 펼쳐야 한다. 정책의 사각지대에 방치된 사람들, 주민들이 불편을 견디며 사시는 곳, 도청의 사업이 제대로 진행되지 않는 분야를 찾아 해결해주기 바란다”며 “이는 도정 목표 ‘활기’, ‘매력’, ‘온정’가운데 ‘온정’에 해당하는 ‘서민행보 도정’으로 부서마다 좋은 ‘온정의 정책을 개발해주길 기대한다”고 당부했다.  이 지사는 “좋은 정책은 구체성과 실효성을 가져야 한다”며 “구체성과 실효성을 가진 약자보호정책을 개발하고 시행해주기 바란다”고 덧붙였다.  노해섭  기자 nogary@",14.14,8.75,29.34,39.75,8.01,최저임금
"11일 복지국·여성정책관실·보건환경연구원 업무보고 …온정 전남 실현키로  [아시아경제 노해섭 기자]전라남도는 11일 이낙연 도지사와 정책자문위원 등 외부 전문가가 참석한 가운데 보건복지국·여성가족정책관실·보건환경연구원 새해 업무보고를 갖고 복지정책 강화 및 여성 사회참여 확대 등을 역점 추진키로 했다.  보건복지국은 올해 전남의 복지수준과 도민 복지 욕구를 반영한 ‘복지비전 설정 및 10개년 중장기 전략’을 수립해 복지기준선 설정 등 장기 비전을 제시한다는 계획을 보고했다.  9년 연속 출산율 전국 1위 유지를 위해 출산정책팀을 신설하고, 강진에 공공산후조리원 2호점 설치, 남성 공무원 육아휴직 장려, 일·가정 양립 실천 기업 육성 등 출산장려정책을 중점 추진한다. 장애인용 진료장비 등이 구축된 거점 산부인과를 동·서부권에 각 1개소씩 설치하고, 장애인용 임신·출산 종합매뉴얼도 제작, 배부한다.  노인일자리를 2만 3천 명에서 2만 5천 명으로 늘리고, ‘시니어 새일터 지원센터’를 개소해 재취업을 알선하며, 노인돌봄 강화·광역치매센터 본격 운영으로 노인 건강을 체계적으로 챙겨나가기로 했다. 농어촌 공동화 문제 해결을 위해 ‘노인공동생활시설’을 확대하고, 공중 목욕장 운영(119개)을 활성화하며 경로당 전기요금 절약을 위해 100곳에 태양광발전시설을 설치한다.  완도 노화도, 진도 조도에 24시간 응급진료가 가능한 거점보건지소를 신설하고, 닥터 응급헬기 착륙 헬기장을 42개소로 확충한다. 신종 감염병 예방 관리를 위해 ‘감염병 관리본부’를 유치하고, 순천·강진의료원에 격리병상 50개소와 역학조사 전담인력을 확충한다.  여성가족정책관실은 여성 일자리 지원 확대 및 일과 가정 양립 환경 조성, 여성·아동 권익보호, 다문화가족 사회통합 지원 등 분야별 맞춤형 복지정책을 강화할 방침이다. 구직희망·경력단절·청년·결혼이민 여성 등 일하고 싶은 사람이 마음껏 일하도록 맞춤형 일자리에 22개 분야 1만 6천여 명을 연계·지원하는 등 여성 고용률 58.3%를 달성한다는 목표다.  안심하고 맡기는 보육환경 조성을 위해 2018년까지 국공립 어린이집 102개소 운영을 목표로 올해 3개소를 확충하고, 전라남도 인증어린이집을 매년 50개소를 지정해 보육서비스 질을 높이며, 어린이집 대체교사도 확충(23→35명)한다.  결혼이민여성의 경제적 자립 여건 조성을 위해 이중언어 특성을 살린 강사 22명과 모국어 상담원 30명을 양성한다. 청소년 국내·국제 교류를 확대(7→12회)하고, ‘청소년 통합지원체계’의 전 시군 확대, 학교 밖 청소년지원센터 16개소, 미인가 대안학교 급식비 지원 등도 강화한다.  보건환경연구원은 ‘가고 싶은 섬’의 환경 및 농수산 특산물 특성조사, 고흥 팔영산 국립공원 등산로 피톤치드 분포 지도 제작 등으로 전남 비교우위 자원의 가치를 높이고, ‘공공산후조리원 감염병 차단’등 도민들의 건강한 삶의 질 보장을 위한 시험·연구사업도 안정적으로 추진할 계획이다. 신종 감염병 진단 상시 감시체계를 강화해 감염을 사전에 차단하고, 미세먼지 경보제를 운영하는 등 도민 건강 보호에 최선을 다한다는 방침이다.  이낙연 도지사는 “보건복지 분야는 사회적 약자를 보호하자는 정책 취지에 맞게 사각지대에 놓인 이웃을 한 명이라도 더 줄이기 위한 노력을 해야 한다”며 “오지·벽지·섬 지역 응급의료체계 확립을 위한 국비 확보와, 아이와 함께 하면서 삶의 가치를 높일 수 있는 육아휴직 활성화에 신경써달라”고 당부했다.  노해섭  기자 nogary@",7.66,20.07,1.98,63.92,6.37,최저임금
"20일부터 2월 2일까지 131명 접수  [아시아경제 노해섭 기자]전남도립전남학숙(이사장 이낙연 전라남도지사)이 광주 및 인접 시군 소재 2년제 이상 대학(원)에 다니는 전남 출신 학생들을 대상으로 2016년도 입사생 모집에 나선다.  올해 모집 인원은 131명이며 8일 공고일 현재 보호자가 전남에 주민등록을 두고 실제로 거주하는 학생이면 지원 가능하다.  원서 접수는 오는 20일부터 2월 2일까지다. 입사 원서는 도립전남학숙 누리집에서 내려받을 수 있다.  도립전남학숙은 월 11만 원의 저렴한 부담금으로 숙식은 물론 학생들의 통학 편의를 위해 광주대·조선대·교육대·전남대학교를 경유하는 무료 통학버스를 1일 10회 운영한다.  또한 입사생 가운데 가정 형편 곤란하거나 학업 성적이 우수한 학생들에게 매년 1억 원의 장학금을 지급하고 있다.  문의= 도립전남학숙 061-370-6212, 누리집()  노해섭  기자 nogary@",11.05,6.69,16.67,62.1,3.49,최저임금
"7일 신년인사회 …화합·새로운 도약 다짐  [아시아경제 노해섭 기자]대한노인회 전라남도연합회(회장 강갑구)는 7일 오전 목포 신안비치호텔에서 도와 시군 노인 지도층 인사들이 참석한 가운데 노인회 화합과 새로운 도약을 다짐하는 신년인사회를 가졌다.  이날 행사에는 이낙연 전라남도지사를 비롯해 대한노인회 시군지회장, 노인대학장, 노인회 관계자와 건강보험공단 지역본부장 등이 참석했다.  신년인사회는 강갑구 연합회장의 신년인사와 이낙연 도지사의 인사말, 시루떡 절단, 축배, 친교의 장 등으로 진행됐다.  강갑구 연합회장은 이날 신년사에서 “노인들이 격변하는 사회를 이해하고, 이에 적응할 수 있도록 교육에 힘쓰고, 노인회 업무 수행능력도 한 단계 높여나갈 계획”이라며 “우리 스스로 어떻게 살아가야 존경받는 어른이 될 것인지를 항상 되새기자”고 당부했다.  이낙연 도지사는 “지난해 노인일자리사업 3년 연속 대상 수상과 복지분야 11개 상을 싹쓸이하는 성과가 있었다”며 “올해도 ‘시니어 새일터 지원센터’운영, 100세시대 신문구독 지원, 치매노인 위치추적기 보급 등 신규 사업을 추진하고, 노인사회활동지원사업, 저소득노인 무료급식 확대 등 어르신들을 위한 시책들을 차질 없이 추진하겠다”고 말했다.  전라남도는 올 한 해 국비와 도비 총 7천 624억 원을 들여 노인 권익 증진을 위해 기초연금 지급과 노인 일자리 사업 확대, 경로당 등 여가 복지시설 운영, 독거노인 사회안전망 구축 등 노인 지원사업을 펼칠 계획이다.  노해섭 기자 nogary@",5.78,2.66,0.58,90.33,0.65,최저임금
"전남 순천상공회의소가 5일 순천에코그라드호텔에서 ‘2016 신년인사회’(사진)를 가졌다.  김종욱 순천상공회의소 회장은 신년사에서 “새해는 미국의 금리 인상과 중국경제의 성장둔화, 엔화약세와 유가폭락 등의 여파로 지역의 주력산업인 철강과 석유화학산업에 어려운 한해가 예상된다”며 “지역기업이 경쟁력을 키워 현재의 어려움을 극복하는데 상공회의소가 앞장서겠다”고 말했다.  이낙연 도지사는 격려사를 통해 “한•중 자유무역협정(FTA) 발효로 인한 피해를 최소화하고 청년이 돌아오는 전남을 위해 국내외 기업의 투자유치와 일자리창출을 통한 경제활성화에 역점을 두겠다”고 강조했다.  이어 조충훈 시장도 “지난해 순천만국가정원 1호 지정과 더불어 정원을 품은 행복도시 순천 브랜드를 창출해 500만명의 대내외 관광객을 유치하는 성과를 거뒀다”며 “기업하기 좋은 순천이미지를 적극 활용해 신규투자를 유치하고 경제활력을 되찾는데 최선을 다하겠다”고 말했다.  이날 지난 1년 동안 지역 발전에 공헌한 기업 대표 한봉근 전남도시가스 대표이사와 신명균 나라판넬 대표이사가상공 대상을 받았다. 첨단산업단지 유치와 노후화된 순천산단 개량화 사업 추진 공로로 조충훈 순천시장이 감사패를 받았다.  순천=한승하 기자 hsh62@segye.com  ⓒ 세상을 보는 눈, 글로벌 미디어  세계일보",5.8,9.23,1.41,82.96,0.59,최저임금
"전남시민단체 ""부적절한 편법·보은 인사"" 비판, 전남도 측 ""법적으로 크게 문제될 게 없다""  [오마이뉴스 글:이영주, 편집:김준수]  ▲  전라남도 이낙연 지사. 지난 2015년 1월 7일 신년 기자회견 당시 모습.            ⓒ 이영주  전라남도 이낙연 지사가 선거법 위반 혐의로 실형을 받은 자신의 측근을 정무특보로 임명해 논란이 일고 있다.  전남도는 지난 2015년 12월 30일 자로 실·국장, 부단체장 등 서기관급 이상 간부에 대한 인사를 단행했다. 이낙연 지사는 이번 인사를 통해 이아무개씨를 정무특보로 임명했다. 이아무개씨는 지난 2014년 6.4 지방선거에서 전남도지사 선거 준비 당시 이낙연 지사(당시 국회의원) 보좌관으로 일했다.  전남시민단체 ""부적절한 편법·보은 인사"" 비판  이아무개씨는 당시 경선과정에서 권리당원 당비를 대납해 공직선거법 위반 혐의로 기소된 바 있다. 이후 법원으로부터 징역 1년 2개월을 선고받고 복역한 뒤 지난해 8월 출소했다.  지방공무원법 31조 3항은 '금고 이상의 형을 선고받고 그 집행이 끝나거나 집행을 받지 아니하기로 확정된 후 5년이 지나지 아니한 사람'에 해당해 5년간 공무원으로 임용될 수 없다고 규정하고 있다. 이에 따르면 이씨는 정무 특보로 임용될 수 없다.  전남도가 이를 피하기 위해 꼼수를 사용했다는 주장이 제기됐다. 전남도가 인사에 지방공무원법이 아닌 '전남도 정책자문위원회 운영 조례'를 적용했기 때문이다. 이 조례 5조에는 '도지사가 보다 전문적인 자문이 필요하다고 인정할 경우 정책 고문 및 특별보좌관을 위촉할 수 있다'고 명시하고 있다.  이 때문에 전남도청 주변에서는 ""공무원 임용 결격사유가 있는 측근을 정무특보로 앉히기 위해 무리수를 쓴다""는 비판이 인사 직후 흘러나왔다. 공직사회 내부에서도 비판의 목소리가 나온다. 전남도청의 한 공무원은 ""정무특보는 도지사가 주재하는 전남도 간부회의에 참석한다""면서 ""사실상 고위공직에 해당하므로 설령 조례에 근거해 위촉한다 하더라도 공무원 임용 결격사유도 따져봐야 옳다""고 주장했다.  시민단체도 성명서를 발표하며 인사철회를 요구했다. 전남시민단체연대회의는 지난 5일 ""공무원 임용 결격 사유가 있는 이씨를 정무특보로 위촉한 이번 인사는 부적절한 편법 인사이자 보은성 인사""라고 비판했다. 또한 ""이는 이 지사가 취임 이후 강조해 온 공정하고 투명한 인사 방침을 외면하는 것""이라며 ""편법 인사의 철회와 도지사의 공개사과 및 재발방지 대책 마련""을 요구했다.  전남도 측 ""법적으로 크게 문제될 게 없다""  이에 대해 전남도는 ""정무특보는 도지사의 정무적 판단에 따라 위촉하며, 법적으로도 크게 문제될 게 없다""는 입장이다.  현재 전남도지사 정무특보에는 논란이 생긴 이씨를 비롯해 최근까지 비서실장을 역임한 오주승씨, 전 전남도의원 황정호씨 등 3명이 있다. 이들 세 명 모두 지난 지방선거 때 이낙연 지사 선거운동을 도운 것으로 알려졌다. 또 정부특별 보좌관실에는 이들 3명의 특보 외에 정무비서관 1명, 여직원 1명이 근무하고 있다. 논란이 된 이아무개 정무특보는 외근 중이라는 이유로 아직까지 사무실에 출근하지 않는 것으로 확인됐다.  특보에게는 회의 참석 수당, 여비, 자문수수료, 연구조사 실비 등을 지급할 수 있다. 전남도와 연구과제 업무협약을 체결해 활동실적에 따른 비용도 지급된다. 또 조례에 따라 매월 300만 원씩 고정 지급된다.  저작권자(c) 오마이뉴스(시민기자), 무단 전재 및 재배포 금지  이 기사를 응원하는 방법!  ☞ 자발적 유료 구독 []",24.77,25.03,1.44,43.69,5.07,최저임금
"농식품국·농기원 업무보고…생산비 절감·농가소득 증대 나서기로  (무안=뉴스1) 김한식 기자 = 전남도는 6일 농림축산식품국과 농업기술원 새해 업무보고를 갖고 생산비 절감과 6차산업화, 농식품 수출 기반 확충 등에 총력을 기울이기로 했다.  도는 올해부터 친환경 직불금을 정부 지원이 끝난 무농약 4년차 이상 농가에도 도비 50%를 계속 지원하고, 친환경 장려금도 품목별 재배 난이도에 따라 과수는 120만원에서 150만원으로, 채소는 120만원에서 130만 원으로 상향 지원한다.  또 소비자 체험형 유기농 생태마을을 시범 조성하고, 자체사업으로 벼 경영안정 자금 570억원을 지속적으로 지원한다. 이는 전국 최대 규모다.  아울러 농어촌 정주여건을 개선하고, 여성농업인의 영농 참여 확대를 위한 농번기 마을공동급식 지원도 지난해 506개 마을에서 759개 마을까지 확대한다.  중학교 자유학기제 시행에 맞춰 체험마을 운영을 내실화하고, '아름다운 농촌' 만들기를 위한 '경관농업 활성화 10개년 종합계획'을 수립할 예정이다.  농가 인구 감소, 고령화 등에 대비해 2018년까지 전문 인력 1300명을 육성하고, 우수 청년 인력의 창업을 지원해 농산업분야 일자리도 창출한다. 귀농·귀촌인의 종합적이고 체계적 지원을 위해 '전라남도 귀농귀촌 종합지원센터'를 신설해 수도권 도시민 등 권역별 맞춤형 유치활동도 전개한다.  농업기술원은 주요 작목 생산비 4% 절감을 위해 기술 개발 17작목, 시범단지 38개소 육성, 유기재배 매뉴얼 개발 실용화, 신품종 육성 및 우량종자 생산 공급을 중점 추진한다.  업무보고에 이어 토론시간에는 이기웅 정책자문위원회 농업분과 위원장, 정은조 한국산림경영인협회장, 문승주 전남대학교 교수, 서범석 한국온실연구소장, 박민재 ㈜한되 대표, 조창완 광주전남연구원 환황해연구센터장 등 관련 분야 전문가들이 다양한 의견을 제시했다.  이낙연 도지사는 ""농가 소득을 올리기 위해 생산비 절감, 유통?가공을 포함한 6차 산업화, 농축산물 수출 확대에 노력해야 한다""며 ""농업인의 입장에서 교육 과정을 내실화하고 교육 정보를 알기 쉽게 안내하도록 정비할 것""을 당부했다.  hskim@  ), 무단 전재 및 재배포 금지]",6.09,5.3,1.36,85.96,1.29,최저임금
"[앵커]  어제 본회의를 열어 기업활력제고특별법과 북한인권법 등 일부 쟁점법안을 처리하기로 한 여야 합의가 파기된 것과 관련해 정치권에서는 책임공방이 이어지고 있습니다.  정의화 국회의장은 다음 주 월요일 여야가 합의한 것으로 확인되는 법안은 직권상정을 추진할 뜻을 밝혔습니다.  국회 취재기자 연결합니다. 김경수 기자!  먼저, 어제 본회의가 무산된 것을 놓고 여야가 서로에게 책임을 떠넘기고 있군요?  [기자]  먼저, 새누리당은 더민주 김종인 비대위원장이 주도해 여야 합의를 뒤집었다는 점을 집중 부각하며 공세 수위를 높이고 있습니다.  김영우 수석대변인은 논평을 통해 더민주 김종인 비대위원장이 여야 합의 정신을 무력화시킨 것은 의회 민주주의의 기본을 짓밟은 것이라고 날을 세웠습니다.  반면, 더민주 이목희 정책위의장은 여당이 선거구 획정안에다 파견법과 기업활력제고법 즉 원샷법 같은 문제가 많은 법안과 연계하는 탓에 기존 합의가 틀어졌다고 받아쳤습니다.  박영선 전 원내대표도 트위터에 올린 글을 통해 원샷법은 경제살리기와 거의 무관하다며 이 법의 핵심은 주주총회의 역할을 줄여서 대주주 마음대로 할 수 있도록 하는 것이라고 강조했습니다.  안철수 의원이 추진하는 국민의 당은 본회의 무산은 양당 체제의 한계를 드러낸 것이라고 비판하면서도 더민주를 향해서는 협상의 관행을 모르고 현안 해결 의사도 없다며 더욱 비난의 수위를 높였습니다.  이런 가운데, 정의화 국회의장은 다음 주 월요일인 모레(1일) 여야 원내대표 합의 사항이 확인된다면 심사기일을 지정할 수 있다고 밝혀 직권상정할 수 있다는 뜻을 밝혔습니다.  [앵커]  이번 주말 정치권 다른 주요 일정은 어떤 것들이 있습니까?  [기자]  여당인 새누리당의 공식 일정은 없지만 더불어민주당 김종인 비대위원장은 취임 이후 처음으로 오늘부터 1박 2일 일정으로 광주와 봉하마을을 방문합니다.  오늘 김 위원장 등 당 지도부는 광주를 찾아 지역 주요 인사들을 만나 저녁을 함께 하며 당 지지를 호소하고 호남 민심을 청취할 예정입니다.  오늘 행사에는 이낙연 전남지사, 5·18 단체 관계자 등이 참석할 예정이지만, 더민주 소속 윤장현 광주시장은 개인일정을 이유로 참석하지 못할 것으로 전해졌습니다.  윤 시장이 안철수 의원의 측근인 만큼 불참 배경을 놓고 관심이 쏠리고 있습니다.  김종인 위원장 등은 내일은 5.18 국립묘지를 참배하고 광주시당에서 현장 비대위 회의를 진행한 뒤 경남 김해 봉하마을을 찾아 고 노무현 전 대통령 묘소를 참배할 계획입니다.  지금까지 국회에서 전해드렸습니다.  [저작권자(c) YTN &amp; YTN PLUS. 무단 전재-재배포 금지]",17.35,5.36,1.58,72.23,3.48,최저임금
"공공기관협의회장에 윤장현 광주시장·최외근 한전KPS㈜ 사장 선임  (나주=연합뉴스) 여운창 기자 = 빛가람혁신도시 공공기관장협의회는 26일 오후 한국전력공사에서 2차 회의를 열고 제2대 공동협의회장에 윤장현 광주시장과 최외근 한전KPS㈜ 사장을 선임했다.  회의에는 윤장현 광주시장, 이낙연 전남도지사, 이상무 한국농어촌공사 사장, 조환익 한국전력공사 사장, 최외근 한전KPS㈜ 사장 등 혁신도시 공공기관장 16명이 참석했다.  참석자들은 ▲ 혁신도시 조성 상황 ▲ 2015년 실무위원회 운영 성과 ▲ 2016년 실무위원회 공동추진과제 ▲ 2016년 지역발전분과위원회 운영계획을 보고받고 혁신도시 발전방안에 대해 의견을 나눴다.  실무위원회는 올해 공동과제로 혁신도시 내 초·중·고 방과후 프로그램 운영, 이전 공공기관 내 체험프로그램 개발, 혁신도시 꽃길가꾸기사업, 제2회 빛가람페스티벌 공동 개최 등을 추진하기로 했다.  특히 지난해 10월 에너지·문화예술·정보통신·농생명 등 4개 분과 91명으로 출범한 지역발전분과위원회를 올해부터 본격 운영해 공동전략산업 발굴에 나서기로 했다.  윤장현 광주시장은 ""지난 1년여의 성과를 바탕으로 올해는 혁신도시의 새로운 도약을 위해 에너지밸리사업을 더욱 적극적으로 추진하고 국립아시아문화전당을 연계한 새로운 성장 산업을 혁신도시와 함께 새롭게 준비하자""고 강조했다.  빛가람혁신도시 공공기관장협의회는 혁신도시로 이전한 16개 공공기관과 광주시, 전남도, 나주시, 광주·전남 교육청 등 21개 기관이 혁신도시 발전과 정주여건 개선을 논의하기 위해 2014년 12월 출범했으며 산하에 실무위원회와 지역발전분과위원회를 두고 있다.  betty@yna.co.kr",8.89,17.21,2.75,67.34,3.81,최저임금
"2017년 12월까지 완료 예정 …축산 악취 해결로 지역 상생 기틀  [아시아경제 노해섭 기자]이낙연 전라남도지사는 26일 혁신도시 정주여건에 걸림돌로 작용했던 악취문제 해결을 위해 국비 120억 원의 사업비가 반영된 ‘월산제 퇴적오니 준설사업’추진 현장을 방문했다.  월산제는 지난 1940년 준공된 저수지로 172ha 면적에 당시 총저수량이 296㎥였다. 하지만 마을 주민들이 생계를 위해 40여 년 동안 정화 처리시설이 제대로 갖춰지지 않은 채 축산업에 종사하면서 축산폐수가 흘러들어 2014년 저수지로서의 기능을 상실, 용도 폐지 됐다.  이 마을이 축산업을 시작한 것은 1971년부터다. 당시 고 박정희 대통령의 부인 고 육영수 여사가 마을을 방문해 한센인들의 자립기반 씨앗으로 종돈 55마리를 기증했다.  이 때부터 퇴적된 축산오니 악취가 월산제에서 600여m 떨어진 빛가람 혁신도시로 퍼지면서 이곳에 입주한 공공기관과 아파트 입주민들의 불만이 폭주하는 등 민원이 끊이지 않았다.  이에 따라 이낙연 도지사와 강인규 나주시장이 지난해 호남고속철 개통식 참석 후 한전 본사를 방문한 박근혜 대통령에게 “혁신도시 발전을 위해서는 호혜원 축산 악취 문제의 근본적인 해결이 시급하다”며 준설사업을 건의했다.  그 결과 한센인 정주환경 개선사업으로 월산제 퇴적오니 준설사업비 120억 원과 한센인 간이 양로주택 신축비 25억 원, 총 145억을 확보해 추진하게 됐다.  월산제 준설사업은 오는 2월부터 8월까지 7개월 동안 기초조사, 개황조사, 정밀 조사를 거치는 실시설계용역을 하고 2017년 1월부터 12월까지 본격적으로 이뤄질 계획이다.  이낙연 도지사는 “혁신도시 정주여건 개선을 위해 그동안 노력해왔던 숙원사업인 만큼 나주시와 농어촌공사 등 유관기관이 협력해 빠른 시일 내에 사업이 추진되도록 속도를 내달라”며 “특히 월산제 사후 활용 방안에 대해서도 함께 고민해주길 바란다”고 밝혔다.  노해섭  기자 nogary@",17.97,10.79,11.13,55.73,4.38,최저임금
"26일 공사·출연기관 업무보고 …중기 육성·일자리 창출 등 집중키로  [아시아경제 노해섭 기자]전라남도는 26일 이낙연 도지사와 정책자문위원 등 외부 전문가가 참석한 가운데 공사 및 출연기관의 올해 업무계획 보고와 토론회를 개최했다.  보고회에서 각 기관들은 ▲지역 산업 경쟁력 강화와 서민생활 안정 ▲청년·여성 일자리 창출 ▲의료·주거·문화 복지 확대에 총력을 기울이기로 했다.  전남테크노파크와 녹색에너지연구원은 석유화학·철강·조선 등 지역 주력산업을 고도화하고, 신재생에너지·드론·전기차산업을 집중 육성해 900여  신규 일자리를 만든다는 계획이다.  특히 에너지밸리 조성사업을 가속화하기 위해 ‘에너지밸리융합연구센터’및 ‘풍력산업기술센터’를 설립하고, ‘에너지자립섬’조성과 ‘친환경에너지타운’및 ‘에너지자립마을’조성도 추진한다.  생물산업진흥원과 환경산업진흥원은 식품·생물의약·나노바이오·천연자원·해양바이오·생물방제·환경관련 기업의 기술 지원을 강화하고, 전문 인력 양성 등을 통해 270여 일자리를 창출키로 했다.  정보문화산업진흥원은 전남의 역사문화자원을 활용한 스토리산업 육성 및 전시·관광 콘텐츠 개발, ICT 벤처창업 지원, 전문 인력 350명 양성 등을 통해 100여 개의 신규 일자리를 만든다는 방침이다. 중소기업지원센터는 중소기업 육성자금을 2천 200억 원으로 확대 조성해 1천여 기업을 지원하고 1천 200명에게 취업을 알선한다.  신용보증재단은 서민생활 안정을 위해 전국 최초로 영세상인 등에게 일수대출 이자율을 평균 14.8%에서 5.9% 이내로 낮춰 지원하는 ‘일일방문 수납대출 특별보증’을 시행하고, 전남창조경제혁신센터와 공동으로 지역 벤처·중소기업에 3억 원 이내 특별보증도 실시한다.  전남복지재단은 사각지대 및 위기가정 발굴체계를 구축하고, 복지재정 확충과 출산 장려 분위기 확산을 위해 20억 원 규모의 ‘저출산대책기금’모금운동을 전개한다.  여성플라자와 청소년미래재단은 여성 역량 강화 교육을 통해 3천여 여성의 취업과 창업을 지원하고, 위기 청소년 부모 상담과 청소년 활동 프로그램 개발 보급을 통해 청소년의 건강한 성장을 지원한다. 인재육성재단은 안정적 장학사업 추진을 위해 2020년까지 550억 원의 인재육성기금을 조성하고, 올해 1천 300명에게 장학금 지원과 1천여 대학생에게 학자금 대출이자도 전액을 지원한다.  이밖에도 도민의 의료·문화 복지 증진을 위해 순천·강진의료원은 감염병 격리병상을 확충하고, 말기암환자, 임산부 등에 대한 의료서비스를 강화하며, 문화예술재단에서는 문화예술 창작 지원과 찾아가는 문화공연을 확대한다.  도민 주거 안정을 위해 전남개발공사는 오룡지구·여수 죽림지구 등의 택지를 개발하고, 전남교통연수원은 교통문화 선진화를 위한 운수 종사자 및 도민 교육을 확대한다. 도정 시책의 안정적 추진을 위해 광주·전남연구원은 정책 연구를 활성화하고, 광주와의 상생협력과제 발굴을 통해 공동 번영을 뒷받침한다.  이낙연 도지사는 “출연기관의 연구역량 강화를 위해 도가 가진 강점, 중앙부처와 세계의 흐름을 파악하는데 기관장들이 역할을 해줄 것”을 강조했다. 또한 “사회적 약자를 지원하는 일이 서민경제를 활성화하는 일”이라고 말했다.  이어 일하는 방식과 관련해선 “본청 유관 부서와 끊임없이 협업 하고, 인사·재무 등 내부 행정 선진화에 힘써 줄 것”을 당부하고 “공익은 기본이지만, 기관의 지속가능성을 위해서는 수익도 필수”라고 강조했다.  노해섭  기자 nogary@",11.87,23.22,2.58,56.78,5.55,최저임금
"수출신용보증·단기수출보험 등 4종 1억 4천만 원  [아시아경제 노해섭 기자]전라남도(도지사 이낙연)가 중국 경제 성장 둔화, 국제 유가 하락, 미국 금리 인상 등 대외 수출 여건이 악화되는 상황에서 수출 중소기업의 해외마케팅 강화를 위해 2016년 중소기업 수출보험료 지원사업을 추진한다.  수출보험은 수입자의 계약 파기, 파산 등의 신용 위험과 수입국에서의 전쟁, 내란, 환거래 규제 등 비상위험으로 인해 수출자 또는 수출자금을 대출해 준 금융기관이 입는 불의의 손실을 보상하는 비영리 정책보험이다.  한국무역보험공사에서 운영하는 보험 가운데 도내 수출기업이 가장 많이 이용하는 수출보험 2종과 신용보증 2종이 대상이며, 지원 규모는 1억 5천만 원이다.  지원 종목은 ▲수출에 필요한 자금 융자 시 담보로 사용되는 수출 신용보증 ▲물품 수출 후 대금을 받지 못하는 수출기업의 손실을 보상해주는 단기수출보험 ▲환율 변동으로 발생하는 외환차손익을 제거해 안정적 경영이 가능토록 하는 환변동보험 ▲금융기관이 일반적으로 플랜트 건설과 관련해 보증서를 발행한 후 수입자(발주자)에게 보증채무를 이행하는 경우 금융기관의 손실을 보상하는 수출보증보험이다.  단기수출보험과 환변동보험은 보험료 전액을 지원하고, 보증사업에 수요가 집중되는 것을 예방하기 위해 수출신용보증과 수출보증보험은 보험료의 50%를 지원한다.  수출 보험료 지원을 희망하는 중소기업은 지원 신청서와 수출 실적 확인서 등을 갖춰 한국무역보험공사 광주전남지사(062-226-4820)나 전라남도 국제협력관실(061-286-2452)로 신청하면 된다.  장수철 전라남도 국제협력관은 “수출보험료 지원사업으로 수출 과정에서 발생 가능한 여러 위험요소를 해소, 공세적 해외마케팅을 유도함으로써 위험성이 큰 해외시장 개척에 도움이 될 것으로 기대한다”며 “수출 초보 기업이나 내수 기업들의 적극적인 참여를 바란다”고 당부했다.  지난해 11월 기준 전남지역에서는 172개 중소기업이 1억 3천 500만 원의 수출보험료 지원 혜택을 받았다. 보험 종목별로는 수출신용보증 65%, 단기수출보험 23.6%, 환변동보험 10.7%, 수출보증보험 0.7%의 이용률을 보였다.  노해섭  기자 nogary@",2.59,1.2,0.72,95.11,0.39,최저임금
